date,latitude,longitude,month,fire_risk,temperature,rain,wind_speed,relative_humidity,rain_14_day,temp_14_day_avg,days_since_rain
2020-09-27,50.1494258557475,-65.99855949093535,9.0,0,10.7,14.8,13.8,97.0,40.5,12.45,1.0
2021-05-13,46.32007760841003,-78.92886715754202,5.0,0,18.4,0.1,14.5,33.0,44.4,11.514285714285716,2.0
2023-08-04,56.24130451777816,-60.30656544336132,8.0,0,7.7,0.0,18.2,95.0,48.9,9.65,2.0
2023-06-01,49.51919999968027,-72.61589999988507,6.0,1,29.5,0.8,16.9,35.0,36.8,17.45,8.0
2023-09-09,56.91312464146532,-78.60440129558523,9.0,0,9.5,0.0,25.7,81.0,35.8,9.835714285714284,6.0
2024-09-19,46.446200000000026,-72.93169999999996,9.0,1,25.6,0.0,13.2,56.0,14.2,22.92142857142857,7.0
2018-05-19,45.25520000135806,-74.10150000000918,5.0,1,18.2,9.1,20.0,47.0,8.1,18.31428571428572,4.0
2020-06-20,50.147400001146345,-75.10659999989211,6.0,1,28.0,2.1,10.1,52.0,20.0,19.15714285714285,9.0
2024-05-03,45.20463052657309,-69.62130527944802,5.0,0,14.2,0.6,10.3,57.0,15.1,11.278571428571428,1.0
2019-08-12,57.85750184666537,-71.60501027763753,8.0,0,13.4,19.8,27.0,83.0,33.4,16.035714285714285,1.0
2021-08-17,53.957572669669176,-79.10161272294367,8.0,0,20.8,8.3,36.5,69.0,29.4,16.50714285714286,1.0
2018-05-14,45.76080000091898,-76.36930000063099,5.0,1,23.6,0.0,15.8,30.0,23.6,17.52142857142857,4.0
2023-09-20,45.38290008007415,-71.79134025735723,9.0,0,17.1,0.4,13.3,63.0,75.39999999999999,20.942857142857147,1.0
2020-05-18,45.7290000008246,-75.5465999994598,5.0,1,18.5,0.0,14.8,23.0,12.9,10.55714285714286,3.0
2019-08-14,52.779378690624696,-67.52317609884217,8.0,0,13.6,2.0,19.2,67.0,60.7,16.378571428571426,1.0
2021-06-22,48.79549426848956,-74.38812674951046,6.0,0,10.7,0.0,19.5,49.0,56.1,19.81428571428572,1.0
2019-07-20,47.172000000633794,-72.80610000028437,7.0,1,30.6,0.0,17.5,40.0,58.4,24.578571428571426,1.0
2022-08-22,48.036,-65.35469999999992,8.0,1,26.0,0.0,23.0,54.0,44.9,21.97857142857143,3.0
2022-05-14,47.5539,-78.44419999999997,5.0,1,28.1,2.1,16.2,40.0,7.4,17.54285714285714,11.0
2022-05-25,48.031611997867095,-76.0570072639234,5.0,0,20.1,0.0,13.0,32.0,64.2,18.321428571428573,3.0
2023-05-07,45.55989999958536,-72.27820000032972,5.0,1,20.4,0.0,19.6,32.0,73.9,13.207142857142856,3.0
2018-07-23,53.22335130596559,-57.8131924489811,7.0,0,19.5,12.6,17.9,43.0,30.0,24.29285714285714,1.0
2024-05-05,47.50750000000006,-69.79959999999994,5.0,1,18.4,4.5,20.3,45.0,14.9,10.507142857142856,7.0
2019-05-09,48.011400001229966,-66.73749999958373,5.0,1,14.0,0.0,13.0,40.0,27.4,8.714285714285714,2.0
2023-07-05,52.10649999967529,-78.05649999977516,7.0,1,29.4,10.1,18.7,56.0,16.6,26.6,4.0
2023-05-08,48.6749999999501,-78.11650000037469,5.0,1,12.1,0.0,15.6,31.0,57.5,11.528571428571428,6.0
2020-09-07,48.73619541042719,-70.21878689191531,9.0,0,15.8,7.3,29.5,74.0,57.5,14.299999999999995,5.0
2023-06-05,49.73849999987516,-74.3091999995803,6.0,1,20.7,0.0,24.6,37.0,20.2,19.428571428571427,9.0
2023-06-08,52.22506989335616,-78.11008836157919,6.0,0,22.2,0.0,13.0,42.0,7.6,21.714285714285715,12.0
2023-07-04,50.54999999980021,-68.37949999972517,7.0,1,27.8,1.1,11.0,46.0,57.1,23.321428571428573,1.0
2021-09-21,48.43437237603329,-78.36442015164339,9.0,0,22.9,11.2,28.2,69.0,55.7,18.12142857142857,4.0
2024-06-10,54.32841453805062,-68.36722358509189,6.0,0,13.1,0.0,28.0,69.0,37.5,19.17142857142857,1.0
2021-06-07,46.85250000121272,-70.4211999998121,6.0,1,29.7,0.0,30.1,44.0,60.0,18.457142857142856,2.0
2021-07-10,52.91249142996253,-76.33942208025177,7.0,0,18.0,0.0,13.2,41.0,34.0,20.5,4.0
2021-09-28,47.22943873782614,-78.0233381359249,9.0,0,13.1,0.1,17.5,50.0,118.3,18.12142857142857,1.0
2020-05-09,46.02600000079168,-74.58499999957424,5.0,1,4.1,0.4,23.8,36.0,22.3,11.6,2.0
2021-06-13,50.23790000107312,-75.55690000023688,6.0,1,22.6,0.3,14.3,21.0,20.0,20.31428571428572,8.0
2021-07-06,54.3859000004486,-76.86179999987452,7.0,1,19.9,19.1,35.2,72.0,40.0,17.242857142857144,1.0
2018-07-03,49.30350000073585,-75.42800000010077,7.0,1,27.4,0.0,21.1,34.0,12.2,22.65714285714285,1.0
2021-09-17,52.61637691655736,-71.92735992977462,9.0,0,19.5,5.6,33.6,57.0,70.8,13.821428571428571,2.0
2020-05-13,46.119000000904805,-76.09039999991573,5.0,1,12.8,0.0,13.8,25.0,26.0,10.185714285714283,4.0
2024-08-13,48.48030000000005,-64.75679999999994,8.0,1,21.6,9.8,13.0,63.0,42.5,24.25,1.0
2024-07-09,49.031900000000064,-73.24279999999999,7.0,1,22.6,11.2,19.1,65.0,45.1,22.078571428571426,6.0
2019-07-24,45.40976515731703,-58.888156319727685,7.0,0,18.0,13.1,48.9,94.0,67.3,14.857142857142858,1.0
2018-07-28,52.18517078438392,-79.33175764641886,7.0,0,8.7,10.7,27.5,85.0,25.5,12.592857142857142,1.0
2020-06-20,49.83660000087583,-73.55119999959496,6.0,1,28.6,3.6,10.4,46.0,9.3,19.87142857142857,8.0
2021-06-16,52.21450644557968,-58.35239739805733,6.0,0,14.2,9.2,17.0,64.0,61.8,13.69285714285714,1.0
2020-05-23,45.40440000079708,-72.24500000008443,5.0,1,22.7,0.0,16.3,14.0,29.0,14.571428571428571,8.0
2020-05-21,45.9367000013616,-73.97909999997276,5.0,1,23.2,0.0,15.6,24.0,11.4,12.457142857142856,6.0
2022-08-09,49.204100000000096,-68.57139999999993,8.0,1,20.5,0.6,12.5,47.0,34.7,22.985714285714288,1.0
2018-08-12,57.67998741562621,-64.24959707702502,8.0,0,15.1,2.1,36.4,56.0,42.8,15.842857142857142,1.0
2024-08-23,56.91793265553344,-70.25034766370885,8.0,0,21.5,0.0,20.5,45.0,27.3,18.45,5.0
2023-07-02,57.84143602663418,-57.31269910566121,7.0,0,8.9,4.6,28.8,97.0,17.3,7.628571428571429,4.0
2022-09-02,45.83595411872044,-73.06593856056628,9.0,0,22.5,0.0,16.1,59.0,80.1,24.828571428571426,2.0
2022-05-09,46.96680000000009,-71.13350000000003,5.0,1,18.6,0.0,12.6,17.0,23.9,11.6,5.0
2020-05-22,46.066800000724974,-74.51980000024528,5.0,1,26.5,0.0,12.0,21.0,12.0,12.714285714285714,7.0
2018-05-06,58.52459050721517,-70.43261391539971,5.0,0,-6.2,1.6,24.7,67.0,11.8,-4.7,6.0
2021-05-15,48.23970000094727,-72.59479999969994,5.0,1,18.6,2.0,18.6,33.0,29.8,11.271428571428572,2.0
2018-05-23,53.70401222755984,-64.94278583756575,5.0,0,-2.2,0.0,26.1,64.0,40.7,-0.5571428571428572,3.0
2021-06-01,49.48447848772602,-66.52496326570322,6.0,0,11.4,3.0,42.2,77.0,40.2,9.635714285714284,1.0
2024-05-17,46.38240000000008,-71.92889999999994,5.0,1,23.2,2.4,13.1,58.0,31.8,17.964285714285715,1.0
2020-09-03,57.225633934156086,-63.43295208128145,9.0,0,12.1,6.0,51.5,82.0,61.0,9.89285714285714,1.0
2024-07-08,53.40390000000008,-70.68349999999998,7.0,1,24.3,10.4,36.4,49.0,54.9,17.285714285714285,1.0
2019-05-16,51.51878154074916,-77.92221614659955,5.0,0,13.0,0.3,17.2,52.0,18.3,7.842857142857143,1.0
2020-07-13,51.60628053870298,-77.82039074952472,7.0,0,24.3,0.0,13.0,39.0,36.8,26.15714285714285,2.0
2022-08-20,55.29236780334705,-77.21992692627103,8.0,0,23.0,3.3,12.0,65.0,65.5,18.857142857142858,7.0
2021-05-29,46.28350000076348,-73.76260000012307,5.0,1,16.0,0.0,12.6,27.0,18.9,22.17142857142857,3.0
2021-09-19,51.38245086817108,-59.78468304887694,9.0,0,13.6,0.0,19.0,37.0,107.5,16.035714285714285,1.0
2024-06-16,53.4041049463697,-73.72689837818578,6.0,0,15.9,4.3,22.3,60.0,18.5,21.32142857142857,1.0
2024-08-17,50.13256911605132,-69.9220320015675,8.0,0,27.2,0.3,12.0,45.0,32.6,21.12857142857143,1.0
2021-05-21,52.79692668255786,-79.07628265400483,5.0,0,15.2,23.8,21.3,72.0,23.0,10.057142857142855,1.0
2019-05-21,49.67141806902161,-76.86220333164673,5.0,0,12.4,0.8,27.7,49.0,34.4,8.328571428571427,1.0
2019-08-02,57.89633590378818,-67.62029561037987,8.0,0,15.0,0.1,15.0,69.0,54.9,16.750000000000004,1.0
2020-09-11,45.67805710051236,-76.95468673152719,9.0,0,16.7,0.0,9.2,52.0,59.8,19.95714285714286,1.0
2021-08-12,47.3077000010383,-73.40080000039032,8.0,1,28.6,1.8,18.9,60.0,31.5,21.87142857142857,1.0
2019-05-11,46.24700667160137,-78.82441291326968,5.0,0,12.3,0.0,13.1,33.0,59.900000000000006,11.085714285714284,2.0
2021-08-15,47.64800000107206,-70.62030000044577,8.0,1,20.1,0.0,18.6,41.0,39.0,24.435714285714283,1.0
2019-07-11,47.59870000065359,-65.81050375643426,7.0,0,24.9,0.0,15.0,36.0,42.3,22.12142857142857,5.0
2023-06-05,46.19409999991512,-73.36210000031474,6.0,1,23.3,0.0,11.4,30.0,13.3,23.192857142857143,3.0
2021-06-07,49.48830000089568,-75.63130000030452,6.0,1,29.4,0.6,28.6,43.0,39.7,18.4,2.0
2020-07-03,53.38190000100072,-70.56529999971069,7.0,1,16.4,1.1,30.1,45.0,40.5,19.692857142857143,6.0
2023-06-02,49.38839999956036,-71.99080000011986,6.0,1,23.9,0.0,18.1,28.0,33.800000000000004,19.685714285714287,1.0
2020-09-24,45.04950000130832,-74.39120000035032,9.0,1,21.9,0.0,13.3,57.0,11.0,18.16428571428571,7.0
2018-07-26,51.62634581654785,-74.7748594536527,7.0,0,26.1,3.6,8.6,42.0,78.3,24.121428571428577,1.0
2024-08-24,53.968296445088455,-68.22215433811611,8.0,0,23.3,0.1,22.1,45.0,18.2,19.792857142857144,6.0
2024-06-19,51.83250000000004,-64.21499999999997,6.0,1,31.3,7.3,25.0,44.0,5.9,20.57142857142857,5.0
2019-05-25,50.859400001298425,-58.98859999920013,5.0,1,10.8,0.0,17.8,50.0,27.4,7.307142857142857,4.0
2018-07-08,56.89618484744311,-74.71999952686272,7.0,0,14.8,18.3,38.5,88.0,41.9,11.435714285714283,2.0
2022-09-16,58.13401307489478,-60.05219267838686,9.0,0,5.8,10.2,57.6,88.0,11.8,7.578571428571428,1.0
2021-06-20,48.56660000094488,-71.6203999996294,6.0,1,24.3,0.5,12.6,49.0,43.3,22.05714285714286,1.0
2022-05-09,46.440900000000056,-72.72519999999997,5.0,1,21.8,0.0,13.4,16.0,13.7,15.100000000000003,5.0
2018-05-20,47.22074175005064,-74.80426218840627,5.0,0,14.6,1.7,17.6,31.0,31.700000000000003,15.07142857142857,1.0
2021-07-09,47.13809084935346,-72.93116293055725,7.0,0,20.9,17.4,15.5,48.0,92.5,22.821428571428573,1.0
2023-08-17,56.17799011209672,-69.56843899499555,8.0,0,21.7,0.0,24.5,58.0,40.6,17.942857142857147,1.0
2023-05-06,48.03520000037975,-66.67499999975013,5.0,1,17.5,0.0,14.8,29.0,21.6,8.985714285714286,2.0
2021-09-19,48.15270000098171,-69.81420000028047,9.0,1,17.0,0.0,12.5,46.0,58.6,18.95714285714286,1.0
2019-05-22,47.5285430684204,-79.50204110007799,5.0,0,17.8,0.6,13.0,38.0,63.8,12.1,2.0
2022-08-26,49.308714474224985,-79.32780656980518,8.0,0,17.9,0.2,9.9,38.0,34.2,23.02142857142857,1.0
2024-06-19,49.68660000000006,-68.25179999999995,6.0,1,32.4,0.4,20.9,43.0,9.1,21.55,1.0
2022-09-28,52.7696779999983,-74.35354866512714,9.0,0,8.8,4.4,20.7,68.0,32.9,12.149999999999997,6.0
2024-07-11,48.746800000000064,-69.09919999999994,7.0,1,23.6,0.0,17.4,49.0,21.9,23.678571428571427,2.0
2019-06-17,49.94325629868147,-68.65145969073068,6.0,0,17.3,0.0,17.3,34.0,56.0,16.057142857142857,1.0
2022-06-13,57.29324347664067,-68.26028731211606,6.0,0,23.1,0.0,14.6,33.0,5.2,15.657142857142858,2.0
2023-06-01,50.16670000000505,-73.47330000039466,6.0,1,26.4,1.0,18.6,42.0,21.1,15.935714285714283,9.0
2021-06-07,49.82200000073672,-69.4613000005729,6.0,1,28.4,1.9,32.6,42.0,21.5,15.578571428571433,2.0
2021-09-26,57.26320130865565,-63.75387219706934,9.0,0,11.4,0.1,27.6,74.0,47.4,6.757142857142858,1.0
2019-08-03,46.26725167940892,-62.57774263098113,8.0,0,28.1,0.0,17.9,36.0,34.9,25.728571428571424,2.0
2024-06-19,48.37570000000005,-72.93269999999995,6.0,1,31.3,2.0,25.6,43.0,52.6,20.8,1.0
2019-05-16,52.54712413160079,-62.724913532186925,5.0,0,9.7,0.0,18.5,45.0,32.2,6.757142857142857,4.0
2019-06-09,46.30100000078182,-73.59159999958057,6.0,1,26.4,0.0,12.3,29.0,24.7,17.17142857142857,7.0
2022-05-14,45.61149999999992,-74.24779999999998,5.0,1,30.8,0.0,15.9,36.0,8.0,19.471428571428568,10.0
2024-08-26,46.84276438734992,-68.37364100674449,8.0,0,24.4,0.7,7.2,58.0,42.1,23.06428571428572,3.0
2021-09-12,45.96630000133675,-72.64319999956322,9.0,1,22.6,3.8,29.7,42.0,67.3,22.442857142857143,3.0
2018-05-01,50.05528504667239,-78.33944199287023,5.0,0,14.4,3.0,13.5,49.0,12.4,5.342857142857143,6.0
2019-07-08,49.81710000078134,-63.97020000016983,7.0,1,21.8,0.0,26.6,47.0,7.3,19.764285714285712,10.0
2022-05-02,45.88620000000003,-73.79669999999999,5.0,1,17.1,1.3,16.9,47.0,50.3,11.528571428571428,5.0
2021-08-17,46.47160000113515,-75.82290000028306,8.0,1,25.2,0.0,9.5,51.0,42.8,25.36428571428572,4.0
2021-06-14,49.35860000127603,-70.85059999981716,6.0,1,19.0,3.0,15.5,51.0,22.1,18.728571428571428,9.0
2023-07-05,54.63589999968531,-72.35759999984009,7.0,1,31.8,2.3,33.8,27.0,29.2,23.207142857142856,3.0
2024-08-13,48.54650000000004,-77.81829999999997,8.0,1,26.5,0.0,12.8,41.0,35.2,23.87857142857144,2.0
2021-07-05,55.35540000100762,-76.09120000080318,7.0,1,27.5,3.2,25.1,52.0,56.8,14.921428571428573,3.0
2024-05-23,45.44912025301275,-72.99610331210583,5.0,0,24.1,0.8,24.3,44.0,24.9,21.27142857142857,2.0
2018-08-05,54.13842222542061,-78.2151279576695,8.0,0,21.8,13.5,43.0,68.0,30.3,20.057142857142857,5.0
2023-08-05,50.244302838091485,-59.53384554414925,8.0,0,16.3,0.2,27.5,81.0,121.1,16.264285714285716,4.0
2024-09-19,49.20651388758794,-71.77311210098125,9.0,0,21.7,0.0,10.2,58.0,30.6,21.142857142857142,2.0
2024-09-13,48.89590000000004,-72.40679999999998,9.0,1,24.8,0.0,13.0,41.0,37.9,20.785714285714285,1.0
2020-05-11,48.40440000069402,-64.5249999997427,5.0,1,11.4,0.0,27.4,38.0,64.6,6.814285714285716,2.0
2021-05-25,51.83976054934198,-78.72543765694722,5.0,0,23.5,3.5,18.5,59.0,48.9,14.907142857142857,3.0
2021-06-18,48.27450000120558,-78.02140000066383,6.0,1,26.8,7.6,22.8,40.0,6.8,22.72142857142857,4.0
2024-05-20,49.913332695594136,-73.76994685092443,5.0,0,22.3,0.0,20.2,27.0,46.9,13.728571428571428,1.0
2019-08-01,56.34180158839024,-72.57699493451815,8.0,0,12.7,1.8,16.3,64.0,69.6,15.485714285714284,1.0
2021-08-25,48.00590000123284,-77.75050000010212,8.0,1,25.0,3.7,13.8,63.0,8.700000000000001,26.1,6.0
2023-05-06,48.43129999959535,-71.4878999995853,5.0,1,21.1,0.0,18.4,27.0,31.6,11.4,5.0
2018-09-22,45.95807175038729,-62.1371363850358,9.0,0,21.2,1.1,44.7,50.0,22.9,19.72857142857143,3.0
2021-08-30,48.6169000013681,-69.12860000049079,8.0,1,23.4,1.6,27.9,54.0,11.1,23.464285714285715,4.0
2020-08-12,48.26350000078519,-69.60810000022666,8.0,1,26.7,1.6,16.6,44.0,73.6,24.207142857142856,1.0
2024-07-27,45.91820000000007,-70.34149999999994,7.0,1,23.9,0.0,12.5,45.0,29.8,23.142857142857142,2.0
2024-07-23,48.33072966316999,-65.59942204973946,7.0,0,21.8,0.1,12.9,42.0,30.1,25.41428571428572,5.0
2024-06-10,52.46550000000008,-66.85759999999993,6.0,1,21.3,1.8,20.4,38.0,46.7,18.50714285714286,11.0
2019-08-21,46.74830000118992,-79.04070000051594,8.0,1,25.3,2.1,16.5,54.0,38.3,23.11428571428572,2.0
2022-07-24,47.12190972033834,-76.22446846782822,7.0,0,21.7,41.0,17.7,86.0,42.4,24.528571428571432,1.0
2023-08-12,45.94049999987516,-70.96640000015987,8.0,1,21.8,0.1,14.5,55.0,73.0,20.214285714285715,1.0
2020-05-23,45.81970000084417,-73.94529999984269,5.0,1,20.5,0.0,20.5,22.0,10.3,15.942857142857145,8.0
2019-08-26,57.957845986651066,-63.90033140277631,8.0,0,18.4,0.0,42.2,56.0,23.3,9.492857142857144,6.0
2024-07-08,50.80860000000008,-74.05779999999999,7.0,1,26.3,1.1,18.4,47.0,45.2,20.22142857142857,4.0
2020-09-18,49.225123199259066,-78.6284652135866,9.0,0,7.0,0.0,14.5,47.0,47.7,14.357142857142858,2.0
2023-06-01,53.0081999998302,-78.81489999983506,6.0,1,22.6,0.0,16.3,25.0,19.8,10.342857142857143,5.0
2020-05-19,46.09740000085596,-72.2628999998675,5.0,1,18.7,0.0,18.0,31.0,15.3,12.064285714285717,4.0
2018-05-13,45.74810000099211,-72.10380000034951,5.0,1,19.2,0.0,14.5,26.0,48.5,16.67857142857143,3.0
2020-06-23,46.33720000091403,-74.49390000001515,6.0,1,26.9,3.2,15.6,55.0,29.4,22.39285714285714,1.0
2023-06-01,48.04949999972524,-72.01660000008991,6.0,1,28.5,1.4,13.0,37.0,52.8,18.457142857142856,8.0
2018-07-13,45.13530000115537,-74.20120000042793,7.0,1,31.8,0.0,13.8,23.0,14.3,31.392857142857142,7.0
2023-06-01,49.32780000007,-72.419499999925,6.0,1,29.3,0.7,18.0,36.0,31.8,18.178571428571427,8.0
2024-07-25,48.93000000000006,-69.11739999999998,7.0,1,21.5,11.0,16.8,59.0,43.5,25.207142857142856,5.0
2023-08-24,46.29953040397285,-63.064010832692006,8.0,0,19.5,0.9,11.5,57.0,59.3,22.27857142857143,2.0
2019-08-03,45.77890000118274,-75.59019999988291,8.0,1,23.7,0.7,13.6,62.0,8.9,25.86428571428572,4.0
2019-09-14,49.30999973531083,-72.43608880487075,9.0,0,16.6,21.5,21.7,70.0,43.9,14.414285714285716,3.0
2023-09-23,46.0578193634739,-76.59498484958647,9.0,0,22.1,0.0,9.8,49.0,44.8,18.86428571428572,4.0
2021-07-01,51.9617099645844,-66.8287299628674,7.0,0,15.7,0.5,14.6,41.0,53.3,18.535714285714285,2.0
2018-07-05,47.4284429044178,-78.38190722112788,7.0,0,29.8,1.6,20.3,50.0,54.5,25.407142857142865,4.0
2020-08-06,56.10820614813015,-77.18305842053644,8.0,0,15.1,0.0,26.6,73.0,7.2,14.128571428571428,5.0
2020-07-09,48.87110000105647,-72.17889999977417,7.0,1,29.7,0.0,11.2,53.0,38.3,24.53571428571429,2.0
2022-05-09,45.985000000000014,-73.92849999999993,5.0,1,19.4,0.0,14.0,23.0,11.5,14.092857142857142,5.0
2022-05-09,46.38625705523528,-70.1797480882498,5.0,0,18.8,0.0,10.6,25.0,33.300000000000004,11.257142857142856,5.0
2018-06-11,58.19989861449074,-61.27625297004232,6.0,0,-0.5,0.0,26.1,87.0,59.7,0.9214285714285712,2.0
2020-08-15,50.18127767421284,-68.98823611618796,8.0,0,21.1,0.0,13.4,42.0,79.9,22.585714285714285,3.0
2023-05-11,51.19513254989003,-64.77319927213236,5.0,0,9.0,0.0,8.2,39.0,0.7000000000000001,9.071428571428571,14.0
2018-07-13,50.03690000096263,-79.42720000029357,7.0,1,26.1,5.8,24.5,57.0,23.9,26.2,4.0
2020-07-25,46.57210000131979,-72.42140000004396,7.0,1,29.7,0.0,18.0,35.0,76.8,26.02142857142857,2.0
2021-08-17,47.83770000058313,-73.60100000044412,8.0,1,27.4,0.0,12.7,44.0,26.3,23.978571428571428,4.0
2021-06-01,45.5975319381203,-74.12835557568334,6.0,0,23.0,0.1,19.5,38.0,6.9,23.25,6.0
2019-08-28,48.30870000101881,-69.98919999969429,8.0,1,25.1,1.2,16.8,45.0,15.4,22.014285714285712,5.0
2019-07-27,51.48090000073556,-64.73840000064024,7.0,1,26.3,0.1,18.4,45.0,26.1,19.142857142857142,7.0
2020-09-06,54.06719201343291,-58.6228596878977,9.0,0,16.0,0.1,33.4,46.0,62.3,14.871428571428572,2.0
2019-05-14,48.10010000106035,-79.26169999990616,5.0,1,18.7,0.0,15.6,22.0,37.6,9.885714285714284,4.0
2023-06-09,47.33187710969442,-78.0057012257196,6.0,0,18.5,4.0,9.7,50.0,1.4,23.56428571428572,14.0
2021-08-12,45.467400001351926,-74.3277999994941,8.0,1,29.2,1.9,21.2,65.0,34.0,24.571428571428573,1.0
2018-06-16,50.17460000098282,-72.67349999988306,6.0,1,23.5,0.0,10.7,22.0,25.8,15.171428571428567,9.0
2019-05-13,53.4641678152391,-64.62502089298377,5.0,0,3.4,0.4,17.0,79.0,44.5,0.9785714285714286,1.0
2019-07-27,50.82100000125967,-66.37809999935735,7.0,1,27.7,0.0,16.3,43.0,49.6,21.06428571428572,4.0
2018-05-13,45.96000000086207,-74.54519999979057,5.0,1,18.2,0.0,13.5,27.0,32.6,15.885714285714288,3.0
2022-07-10,51.28101223006114,-70.18318542580471,7.0,0,17.6,13.2,26.5,58.0,49.8,16.87142857142857,1.0
2020-05-27,46.70963405623696,-57.89195866340356,5.0,0,6.8,4.5,29.5,95.0,1.8,4.950000000000001,10.0
2023-08-17,58.54610745547217,-70.4499575276294,8.0,0,18.1,2.5,27.5,56.0,19.0,17.785714285714285,1.0
2023-07-05,52.6016000002399,-76.1739000001848,7.0,1,29.1,3.5,18.5,50.0,20.5,25.585714285714285,4.0
2024-05-17,47.72180000000003,-79.42279999999995,5.0,1,22.6,10.1,20.1,49.0,21.0,17.371428571428574,4.0
2024-05-28,55.21441016890183,-69.5405366355573,5.0,0,9.8,13.4,32.4,75.0,52.6,5.857142857142857,1.0
2021-05-13,45.06290000126191,-72.69039999965273,5.0,1,16.8,0.0,15.8,36.0,72.1,12.457142857142856,1.0
2024-06-25,50.61220000000003,-68.73889999999994,6.0,1,27.5,0.0,20.7,24.0,26.5,22.964285714285715,4.0
2023-09-01,57.73037081968914,-58.7242277140066,9.0,0,7.0,0.7,33.6,78.0,8.4,8.807142857142859,3.0
2022-05-14,50.03080000000011,-66.84389999999996,5.0,1,17.9,0.0,17.2,26.0,16.3,9.664285714285713,1.0
2019-06-27,50.8713000013497,-74.9040999996674,6.0,1,21.3,9.1,17.3,69.0,40.9,16.135714285714286,1.0
2018-09-15,51.20314328828284,-65.54278833736792,9.0,0,19.5,2.3,18.1,61.0,26.1,15.092857142857143,4.0
2024-08-08,47.48640000000006,-70.79249999999996,8.0,1,21.9,0.0,15.1,33.0,28.9,22.80714285714286,5.0
2023-05-29,48.25129999959535,-78.9789999995503,5.0,1,24.3,0.0,12.2,29.0,39.9,15.185714285714283,6.0
2024-07-01,54.17788126396733,-76.12896091705976,7.0,0,22.5,0.0,22.5,51.0,45.3,17.407142857142855,3.0
2022-07-05,57.54949696935547,-57.40009141972229,7.0,0,6.6,0.0,15.3,96.0,41.8,7.242857142857143,2.0
2023-09-07,56.741308692159095,-64.06770289931362,9.0,0,7.6,0.0,26.7,57.0,23.4,13.371428571428572,1.0
2021-08-16,53.86891071559148,-77.74505451226813,8.0,0,20.0,1.4,29.2,61.0,49.2,18.042857142857144,1.0
2023-09-19,56.11032288725265,-69.2898179423419,9.0,0,8.5,0.0,13.0,75.0,48.8,11.3,1.0
2020-07-27,46.86025086714319,-64.42874485542345,7.0,0,25.3,0.0,14.4,60.0,13.2,23.592857142857145,1.0
2021-07-27,48.43400000080627,-67.51820000017885,7.0,1,18.7,1.9,20.0,53.0,37.2,23.36428571428571,1.0
2022-09-09,47.62470000000013,-77.9169,9.0,1,25.6,0.0,18.2,48.0,38.9,21.285714285714285,6.0
2021-06-05,45.69121948827784,-60.32769550116774,6.0,0,15.1,0.0,27.1,92.0,56.8,12.35714285714286,1.0
2023-06-02,49.15110000026488,-75.16690000043462,6.0,1,24.7,0.0,20.9,25.0,27.0,19.507142857142856,9.0
2019-06-08,50.38760000137273,-62.96970000047371,6.0,1,16.2,0.5,23.5,36.0,70.9,13.364285714285714,1.0
2021-06-05,46.97150000050632,-73.53479999968019,6.0,1,23.0,3.5,23.4,62.0,33.6,18.90714285714285,2.0
2023-06-01,48.63719999968032,-74.02870000010489,6.0,1,29.6,4.4,12.8,31.0,37.2,17.014285714285716,8.0
2018-06-18,46.04961250562269,-59.85541462787981,6.0,0,12.6,7.5,36.3,78.0,18.5,12.964285714285712,3.0
2023-06-01,49.289099999665325,-72.41399999990006,6.0,1,29.3,0.7,18.0,36.0,31.8,18.178571428571427,8.0
2024-08-09,49.07270243771589,-77.41375954100144,8.0,0,23.7,7.3,16.3,64.0,14.0,25.17142857142857,7.0
2020-08-10,51.87890000107184,-59.28790000006991,8.0,1,24.0,1.0,11.9,52.0,50.3,22.478571428571428,1.0
2018-07-05,47.08290000092165,-78.91799999956216,7.0,1,31.0,1.2,22.2,46.0,27.1,26.178571428571427,4.0
2023-06-01,46.5993999998102,-74.84079999982009,6.0,1,32.1,0.3,14.5,29.0,40.7,19.985714285714288,8.0
2019-06-20,45.27900000123929,-72.9608000001046,6.0,1,20.9,26.7,20.7,84.0,39.2,22.06428571428572,5.0
2021-07-05,53.49900000107464,-78.54449999958122,7.0,1,28.3,0.0,19.9,57.0,57.5,17.53571428571429,11.0
2024-08-21,54.95905804344173,-68.21905662265016,8.0,0,17.2,0.0,18.7,43.0,24.3,18.51428571428572,4.0
2024-05-18,51.21702660764632,-64.51214007637547,5.0,0,10.4,2.3,16.8,64.0,11.4,8.085714285714285,11.0
2023-08-03,48.16120000037978,-65.63819999993001,8.0,1,23.0,0.0,13.7,41.0,29.9,23.521428571428576,7.0
2023-05-07,48.01250000037476,-66.74389999978513,5.0,1,19.3,0.0,19.1,32.0,16.4,10.735714285714286,3.0
2018-09-27,54.72821753272749,-65.47784979817982,9.0,0,5.0,0.1,46.8,55.0,69.5,6.935714285714285,1.0
2020-09-12,45.60663114788849,-64.45579403507932,9.0,0,18.6,0.0,12.3,44.0,49.2,21.02857142857143,1.0
2018-05-15,51.14209162930367,-62.8496610370716,5.0,0,6.0,2.0,26.6,64.0,36.8,3.721428571428572,1.0
2018-07-15,46.535100000520536,-73.24080000024085,7.0,1,27.7,3.9,15.3,38.0,12.4,27.76428571428572,1.0
2019-07-12,55.75694293987172,-59.33924614672945,7.0,0,7.4,0.0,32.9,83.0,21.6,4.478571428571429,3.0
2022-05-01,46.73889999999994,-72.58449999999999,5.0,1,19.0,0.0,17.4,35.0,37.7,9.671428571428573,4.0
2023-05-28,50.2923000004447,-66.41279999972016,5.0,1,20.7,0.3,38.0,40.0,28.2,12.257142857142858,4.0
2018-05-25,47.38442255138892,-79.17533830776746,5.0,0,26.3,13.9,16.6,53.0,12.4,17.87857142857143,6.0
2021-06-09,47.3494000009181,-71.02929999945552,6.0,1,16.8,0.0,18.8,38.0,42.2,16.057142857142857,4.0
2023-09-14,54.47084876312599,-68.36815149475652,9.0,0,15.5,5.0,15.2,79.0,57.7,14.114285714285714,5.0
2018-09-25,47.33976516284446,-77.39015759453859,9.0,0,14.7,5.3,23.4,69.0,27.8,19.70714285714286,2.0
2019-06-06,53.38731133039775,-62.75814881111879,6.0,0,6.5,3.8,15.3,73.0,49.0,5.357142857142856,1.0
2019-09-17,49.59947163994336,-71.32701128769042,9.0,0,12.0,0.0,9.7,52.0,62.8,13.464285714285714,1.0
2019-08-15,45.60260000052164,-75.1205999997426,8.0,1,23.5,0.0,9.7,36.0,18.2,25.39285714285714,5.0
2023-07-05,53.00210000001505,-76.73030000014484,7.0,1,29.1,18.7,17.1,46.0,5.7,25.657142857142865,8.0
2019-08-05,55.26256916352103,-64.21454117563248,8.0,0,11.7,3.7,17.7,75.0,79.3,15.264285714285716,2.0
2023-06-22,49.82767008048324,-73.7240265903787,6.0,0,30.0,0.0,15.5,30.0,23.0,20.757142857142856,5.0
2023-06-01,49.4641000002149,-76.1085999997901,6.0,1,31.2,1.2,16.6,26.0,18.3,18.65714285714285,9.0
2022-08-15,49.18720000000013,-68.23829999999992,8.0,1,24.9,0.7,14.3,48.0,15.3,21.77142857142857,7.0
2023-06-01,48.76869999970529,-76.00619999993,6.0,1,31.6,0.5,12.3,26.0,31.2,17.92142857142857,9.0
2022-05-12,45.28679999999992,-73.61720000000003,5.0,1,29.6,0.0,13.0,20.0,12.3,16.492857142857144,8.0
2018-08-15,46.11830000099742,-73.65049999948968,8.0,1,25.7,3.1,14.2,53.0,26.4,26.51428571428572,1.0
2020-09-23,48.88844054193419,-60.28638146426312,9.0,0,15.0,45.1,45.8,88.0,25.6,13.421428571428574,1.0
2018-08-06,49.51010408607301,-69.12583541324602,8.0,0,24.5,8.7,15.7,73.0,85.5,24.514285714285712,1.0
2024-05-27,56.06503118670611,-60.75002193908144,5.0,0,17.0,0.0,27.1,48.0,36.6,3.5571428571428574,6.0
2019-06-06,48.896300000492,-72.19609999980783,6.0,1,17.3,0.0,19.9,30.0,32.6,15.471428571428572,1.0
2020-06-18,54.702431089237855,-61.61557759554906,6.0,0,7.9,2.6,16.3,75.0,25.7,8.628571428571428,1.0
2019-06-20,57.88045149871075,-73.5268062998053,6.0,0,15.8,0.0,18.1,57.0,55.8,12.314285714285711,3.0
2021-05-16,57.31974040571163,-70.9218666919785,5.0,0,6.1,0.0,17.0,55.0,17.0,4.6000000000000005,1.0
2020-05-14,46.00990000133995,-74.18520000020972,5.0,1,15.0,0.1,12.3,23.0,33.0,9.45,7.0
2024-07-04,56.61500088831555,-73.3895082963538,7.0,0,14.7,9.1,43.4,81.0,49.1,12.814285714285717,1.0
2023-06-01,49.10619999993008,-72.17599999980013,6.0,1,29.5,0.9,17.1,38.0,34.9,18.321428571428573,8.0
2021-06-18,50.62730000065016,-74.75769999964126,6.0,1,25.2,9.7,20.6,43.0,23.3,18.02142857142857,2.0
2022-07-28,57.27597350270585,-58.45834112295909,7.0,0,5.2,0.0,27.4,90.0,50.3,6.607142857142856,1.0
2022-05-12,48.56959999999998,-77.00409999999994,5.0,1,28.3,1.1,18.9,27.0,3.4,13.385714285714286,9.0
2024-07-08,51.50220000000007,-70.27069999999998,7.0,1,26.3,0.7,24.9,41.0,53.5,19.357142857142858,4.0
2022-07-18,48.98700000000002,-77.03909999999996,7.0,1,29.7,0.0,16.0,37.0,69.39999999999999,20.95714285714286,2.0
2022-06-25,46.64904518011376,-59.733274962180886,6.0,0,13.8,15.3,40.0,96.0,48.0,12.835714285714284,1.0
2019-08-21,55.410029177892525,-67.18851827407144,8.0,0,16.5,6.6,10.8,62.0,89.6,17.714285714285715,1.0
2021-06-07,50.35180000108264,-75.80410000023812,6.0,1,28.1,0.4,28.8,38.0,35.7,17.38571428571429,2.0
2019-07-08,49.05047389938887,-74.57923015505634,7.0,0,22.9,0.0,23.9,32.0,53.6,22.85,2.0
2019-07-01,56.39866827852931,-65.11710614312251,7.0,0,17.1,0.0,29.9,56.0,29.2,15.685714285714283,1.0
2021-06-14,48.85280000046941,-72.32440000054962,6.0,1,23.3,3.1,15.3,44.0,10.4,23.457142857142863,9.0
2020-06-23,49.15570000107488,-74.10609999990524,6.0,1,26.4,6.0,17.1,55.0,12.4,23.37857142857143,1.0
2021-08-26,46.325600000875816,-78.70399999981299,8.0,1,28.3,0.0,13.6,45.0,8.2,27.428571428571427,1.0
2020-05-06,46.28780000112003,-73.51690000018246,5.0,1,12.3,0.0,14.8,26.0,37.6,9.828571428571426,3.0
2022-09-22,47.04948104302572,-74.28579122083723,9.0,0,13.8,2.0,26.2,67.0,98.1,17.614285714285717,1.0
2018-06-04,45.58707046918103,-72.54227035061061,6.0,0,15.9,15.5,20.9,41.0,27.7,23.05,3.0
2019-06-10,45.84951062295683,-62.651011982111285,6.0,0,11.0,0.0,22.0,64.0,60.3,11.435714285714283,4.0
2023-05-14,45.80690000013493,-73.71500000024974,5.0,1,17.0,0.0,16.2,27.0,80.39999999999999,17.307142857142857,2.0
2020-09-12,52.61708801550119,-61.911638904423896,9.0,0,11.4,0.9,22.9,44.0,29.3,14.571428571428571,2.0
2018-09-20,57.41975849649058,-67.07122180120263,9.0,0,9.0,1.8,27.8,63.0,62.3,7.992857142857145,4.0
2018-05-30,46.21560000124966,-74.24290000049967,5.0,1,23.7,0.0,12.6,29.0,24.1,18.13571428571429,2.0
2024-06-11,57.74802882753724,-71.99558568952833,6.0,0,14.8,0.0,25.7,45.0,11.6,12.921428571428573,3.0
2024-09-25,53.74346691557136,-58.18197062956648,9.0,0,15.3,0.0,9.5,47.0,12.8,10.721428571428572,2.0
2023-06-01,47.22689999963535,-74.85719999978011,6.0,1,31.5,0.0,10.7,29.0,36.0,19.42142857142857,8.0
2020-06-17,45.67210000090687,-73.14059999984093,6.0,1,31.1,0.0,17.1,19.0,29.0,23.450000000000006,6.0
2018-07-31,51.55940000126368,-63.55889999968364,7.0,1,25.4,3.3,13.4,44.0,40.5,23.85,1.0
2018-07-01,47.38020000094782,-72.6575000002253,7.0,1,26.7,4.0,14.8,63.0,46.6,22.15714285714285,1.0
2022-05-14,46.37860000000012,-77.03710000000001,5.0,1,29.0,0.3,14.6,36.0,14.7,18.22142857142857,11.0
2022-06-15,52.9563,-74.24849999999998,6.0,1,24.3,0.0,17.4,40.0,45.5,18.72142857142857,1.0
2019-06-17,45.991707857704064,-70.72215846768509,6.0,0,17.9,0.0,14.4,46.0,41.3,19.47142857142857,1.0
2018-09-28,50.1114455773137,-69.84886463418488,9.0,0,14.2,0.8,25.9,57.0,113.8,13.15,2.0
2022-07-04,49.71992138578507,-74.47049129141244,7.0,0,17.9,0.2,22.8,48.0,42.3,20.728571428571424,1.0
2020-05-21,46.83769226436228,-67.10026610124794,5.0,0,24.0,0.0,23.8,26.0,54.6,10.057142857142855,5.0
2020-06-15,53.74863620276704,-66.66589649754393,6.0,0,14.4,0.6,35.0,51.0,47.5,4.921428571428572,3.0
2023-09-14,52.557996814290966,-73.59439429291679,9.0,0,15.0,5.4,21.0,71.0,32.3,18.33571428571429,1.0
2022-06-20,49.11860000000013,-72.83550000000002,6.0,1,21.4,0.0,13.7,37.0,92.4,19.692857142857143,2.0
2024-06-29,46.445100000000025,-72.73909999999994,6.0,1,19.3,12.7,19.1,62.0,77.5,24.51428571428572,2.0
2019-07-19,46.95244396596231,-59.08612977234811,7.0,0,14.9,0.0,27.7,75.0,46.9,13.44285714285714,1.0
2021-06-19,48.117300000802445,-69.84719999954476,6.0,1,21.2,19.0,11.6,66.0,44.3,20.12142857142857,1.0
2022-05-20,48.751199999999926,-69.13740000000001,5.0,1,17.3,0.0,19.1,51.0,44.3,13.442857142857145,2.0
2019-05-22,51.176835390272416,-58.05069545103483,5.0,0,6.5,0.5,40.2,61.0,17.2,3.8285714285714287,4.0
2021-07-19,48.11380371082928,-58.07755509072261,7.0,0,22.0,0.7,21.1,52.0,25.9,18.15,2.0
2018-05-09,46.37770000059907,-75.90519999966986,5.0,1,23.4,0.0,17.2,31.0,55.9,14.664285714285716,5.0
2020-08-13,48.44730000100315,-68.366499999782,8.0,1,24.0,0.0,12.8,48.0,31.7,24.90000000000001,1.0
2018-05-21,45.96640000136497,-74.20620000001506,5.0,1,20.5,0.0,21.5,34.0,15.3,16.550000000000004,1.0
2022-05-09,46.05700000000013,-73.48750000000001,5.0,1,20.2,0.0,12.6,20.0,15.2,14.814285714285717,5.0
2023-08-18,46.28810000001505,-76.21419999973017,8.0,1,20.5,10.4,17.3,62.0,70.1,22.700000000000006,1.0
2020-05-14,46.58880000102396,-72.64040000057295,5.0,1,16.8,0.0,18.8,24.0,34.0,11.085714285714287,7.0
2018-08-26,50.482031057352806,-74.12754973736992,8.0,0,23.5,4.0,10.8,54.0,50.8,21.29285714285714,1.0
2023-05-14,45.29069999960535,-73.73360000003993,5.0,1,16.4,0.0,18.9,32.0,58.6,16.935714285714287,2.0
2024-05-12,47.622100000000046,-68.54599999999995,5.0,1,15.7,0.0,12.3,30.0,14.6,13.75,6.0
2020-07-24,50.77310000134022,-63.12140000066052,7.0,1,24.5,0.3,18.9,40.0,27.6,22.892857142857142,4.0
2018-06-10,46.118100000617936,-70.69989999962952,6.0,1,17.7,0.0,15.1,29.0,30.9,20.528571428571432,2.0
2018-05-21,49.49520000060608,-74.754200000442,5.0,1,13.1,0.0,20.9,32.0,23.5,8.807142857142859,1.0
2021-05-07,45.22841610888588,-70.76920270242366,5.0,0,9.9,0.0,10.2,36.0,59.2,9.757142857142854,1.0
2024-07-16,52.03622686747578,-58.35079785798597,7.0,0,20.1,7.8,11.3,77.0,32.6,22.800000000000004,2.0
2021-09-08,49.79854352229295,-76.11886966313365,9.0,0,20.1,11.5,20.3,55.0,47.0,18.16428571428572,2.0
2023-06-15,49.87615062091413,-61.28344679099834,6.0,0,8.5,6.5,32.8,88.0,36.1,7.771428571428572,5.0
2021-08-22,56.53874882569435,-59.51113482912014,8.0,0,8.5,0.0,37.1,83.0,24.4,11.364285714285714,3.0
2024-08-26,49.64869255597059,-76.70851895609005,8.0,0,28.7,0.0,18.0,39.0,9.3,22.514285714285712,2.0
2020-05-14,46.33362223620108,-78.48651042056876,5.0,0,13.3,1.5,13.5,30.0,28.6,8.7,5.0
2021-05-02,49.1932999797014,-58.68561795909304,5.0,0,4.0,0.7,42.3,68.0,70.0,4.592857142857143,1.0
2023-05-11,46.75020000042974,-71.72630000014487,5.0,1,22.7,0.0,14.0,29.0,43.3,15.12142857142857,7.0
2019-06-28,51.52892594998719,-71.18169668542824,6.0,0,18.8,1.6,19.2,51.0,60.0,15.035714285714288,1.0
2018-07-25,53.020359122450174,-66.83234414549207,7.0,0,22.9,12.3,25.3,78.0,48.2,18.87857142857143,1.0
2023-06-05,46.05949999992509,-74.33240000015985,6.0,1,21.7,0.0,15.4,30.0,20.7,21.478571428571428,3.0
2021-05-16,47.5801000007688,-78.88099999977163,5.0,1,21.1,0.0,13.0,28.0,24.4,12.114285714285714,5.0
2018-08-19,49.48310000054187,-72.67829999944638,8.0,1,24.6,0.0,13.3,31.0,42.3,24.907142857142865,10.0
2020-08-08,50.25560000109852,-60.20360000041983,8.0,1,21.9,0.0,17.6,65.0,42.1,19.97142857142857,2.0
2020-06-22,47.71100000132722,-72.51760000011755,6.0,1,30.9,2.2,16.3,41.0,8.5,25.078571428571426,10.0
2021-06-02,46.52790000113313,-74.48949999990295,6.0,1,23.2,0.0,17.1,27.0,17.099999999999998,19.214285714285715,7.0
2023-05-19,46.99648785155672,-72.07830084722025,5.0,0,19.1,0.8,25.0,51.0,9.4,14.464285714285712,2.0
2019-08-01,54.45182855702154,-61.23358410829897,8.0,0,13.3,7.4,10.8,85.0,45.3,16.342857142857145,1.0
2020-08-11,55.915634915865525,-74.42353822090713,8.0,0,22.0,10.3,34.1,59.0,33.4,21.414285714285715,1.0
2018-08-16,49.79009507496352,-77.37944666151833,8.0,0,21.7,0.0,12.9,42.0,32.3,23.357142857142858,2.0
2020-05-13,48.91070000051297,-72.15709999966204,5.0,1,7.7,0.0,23.2,28.0,42.2,7.328571428571428,5.0
2020-05-09,45.640000000836245,-75.10149999962853,5.0,1,5.4,1.2,25.0,33.0,32.2,13.142857142857142,6.0
2020-05-22,46.41860000066344,-72.76450000019662,5.0,1,27.5,0.0,16.4,21.0,10.7,14.19285714285714,7.0
2021-05-09,45.50660000132449,-70.86149999940848,5.0,1,12.7,0.1,18.3,39.0,55.7,11.892857142857142,3.0
2020-08-12,56.96193404151472,-61.149866059125074,8.0,0,25.9,0.6,23.2,44.0,22.6,20.3,3.0
2021-09-10,55.40969141309921,-79.30082408040332,9.0,0,9.5,0.0,33.8,80.0,32.9,11.900000000000002,5.0
2021-06-18,52.630100001236485,-76.85880000032465,6.0,1,23.9,5.2,16.2,46.0,17.8,17.07857142857143,1.0
2023-05-29,46.12560000033977,-74.58690000033471,5.0,1,21.8,0.0,13.3,31.0,37.6,17.142857142857142,5.0
2023-06-18,54.724249667098256,-68.65271952681013,6.0,0,13.8,0.0,21.2,61.0,34.3,14.649999999999997,2.0
2023-05-19,46.79899999985014,-76.25290000013484,5.0,1,22.1,0.8,24.2,34.0,23.9,15.964285714285712,3.0
2023-06-05,51.13529999969529,-72.7738999997851,6.0,1,18.9,1.3,23.5,42.0,17.5,17.12142857142857,8.0
2020-05-23,46.1166000007969,-73.88940000008299,5.0,1,19.4,0.0,15.8,24.0,10.9,14.707142857142856,8.0
2023-05-06,54.79635206710867,-65.42300546020479,5.0,0,12.3,0.0,25.2,36.0,0.1,7.292857142857144,14.0
2021-05-24,51.924102269759125,-65.34769994616076,5.0,0,8.6,0.1,23.2,38.0,37.4,7.921428571428572,1.0
2023-09-10,49.94739648280402,-57.58401467408115,9.0,0,16.6,6.7,13.6,80.0,101.3,20.485714285714284,1.0
2024-06-20,54.05858231650444,-61.67863715997348,6.0,0,21.8,1.8,45.0,43.0,36.6,19.714285714285715,1.0
2020-05-06,54.11757096837262,-71.03490576452879,5.0,0,-1.5,0.0,14.1,68.0,46.2,-3.907142857142857,5.0
2018-09-07,53.72710209910751,-64.40033252278377,9.0,0,10.7,3.2,39.9,51.0,54.1,14.728571428571428,1.0
2022-07-16,50.85500000000002,-76.36939999999998,7.0,1,23.1,7.3,20.3,44.0,50.5,18.735714285714284,5.0
2018-07-06,53.33935103676674,-58.13707448953159,7.0,0,19.9,15.0,25.5,63.0,16.1,14.935714285714283,3.0
2023-05-19,47.86319999968032,-69.30350000032473,5.0,1,20.8,0.0,24.7,35.0,12.1,13.27857142857143,2.0
2021-09-26,54.83218654922807,-68.43089394787039,9.0,0,14.7,2.1,27.2,64.0,57.6,10.157142857142857,1.0
2018-07-08,51.577800001152376,-76.10420000043396,7.0,1,29.0,7.0,29.6,50.0,34.4,22.378571428571423,1.0
2021-06-18,57.37072497967095,-72.2303661667469,6.0,0,10.6,0.0,16.3,62.0,29.1,7.021428571428571,1.0
2019-06-07,46.315300000769454,-73.58739999968623,6.0,1,20.2,0.2,17.1,42.0,32.800000000000004,16.700000000000003,5.0
2019-07-01,50.71280000105363,-75.58579999958535,7.0,1,25.0,4.5,20.7,44.0,20.4,18.492857142857144,2.0
2019-08-01,48.10980000124401,-75.36000000054314,8.0,1,23.1,0.0,18.5,35.0,25.6,23.8,2.0
2019-08-25,50.40892651101536,-74.33121432803485,8.0,0,23.4,0.0,11.7,44.0,78.0,18.58571428571429,2.0
2022-05-17,48.02480000000003,-78.14589999999993,5.0,1,12.0,1.7,28.6,31.0,8.799999999999999,19.435714285714287,2.0
2018-07-31,51.39900000053621,-63.39790000050018,7.0,1,25.8,4.5,13.3,45.0,40.5,24.285714285714285,1.0
2019-05-11,46.24610000115781,-76.05210000041258,5.0,1,11.9,0.0,15.5,34.0,52.8,12.114285714285714,1.0
2023-06-15,54.718898452215,-70.75483391767338,6.0,0,11.5,0.5,31.1,60.0,4.7,15.77857142857143,1.0
2023-05-26,46.88429999984516,-72.38070000030473,5.0,1,20.2,0.0,14.1,29.0,32.8,15.592857142857142,2.0
2018-07-09,53.62413982771592,-76.1912474500426,7.0,0,16.3,15.9,33.5,54.0,50.4,19.75714285714286,1.0
2024-08-26,55.31591348828321,-68.54225494751618,8.0,0,20.6,0.2,27.8,54.0,16.4,20.442857142857147,9.0
2018-07-16,46.4251000009289,-78.30320000062723,7.0,1,30.1,0.5,17.1,41.0,18.0,27.728571428571424,3.0
2020-07-17,54.54148522991895,-61.700382522310015,7.0,0,24.8,0.0,19.4,44.0,86.0,21.435714285714283,4.0
2024-06-20,47.30370000000005,-78.93239999999997,6.0,1,23.7,0.4,12.2,48.0,66.7,21.59285714285713,1.0
2021-09-21,45.40750000107639,-72.11350000021842,9.0,1,22.1,0.0,18.7,47.0,48.1,20.228571428571428,3.0
2019-07-05,55.658489685541525,-61.37399640144116,7.0,0,18.0,1.7,16.5,49.0,64.0,10.571428571428571,4.0
2018-05-14,48.80431226766076,-70.18732533617364,5.0,0,11.9,0.2,20.9,43.0,23.5,7.221428571428571,4.0
2021-06-16,46.33800000131913,-77.09950000007021,6.0,1,20.1,0.0,21.5,23.0,14.8,26.42142857142857,1.0
2019-05-14,57.79383563239565,-69.52616988402009,5.0,0,7.0,0.8,10.1,77.0,20.8,2.7571428571428567,3.0
2020-06-20,50.76920000062282,-76.27149999934443,6.0,1,25.8,6.5,10.0,68.0,8.1,19.14285714285714,8.0
2021-08-14,49.08630971798453,-71.50907919939931,8.0,0,22.2,1.2,18.6,50.0,39.4,21.285714285714285,1.0
2018-07-01,48.37140000117659,-70.26469999936239,7.0,1,23.6,0.0,15.6,54.0,30.2,21.15,6.0
2020-07-08,45.53070000095427,-75.89939999937602,7.0,1,29.9,4.0,9.8,57.0,35.4,26.20714285714286,1.0
2022-06-17,45.11699743079916,-66.96545763707007,6.0,0,19.1,21.1,21.5,71.0,48.1,18.61428571428572,3.0
2022-07-17,56.17118277763894,-75.87982607091205,7.0,0,12.5,1.7,19.4,83.0,22.1,12.242857142857146,6.0
2024-07-03,48.33820486911687,-64.89567657968729,7.0,0,26.6,0.0,13.9,38.0,86.6,23.607142857142858,3.0
2023-05-30,49.55020000022989,-75.91020000022979,5.0,1,30.1,0.0,13.8,25.0,22.1,14.635714285714286,7.0
2022-07-09,46.759976072904095,-76.89424352969088,7.0,0,20.3,0.0,14.0,44.0,28.4,21.142857142857142,4.0
2024-06-23,51.19020000000006,-60.464099999999966,6.0,1,23.2,3.1,24.7,37.0,14.2,20.385714285714283,9.0
2023-07-17,52.47080000011994,-77.73690000033469,7.0,1,23.1,12.5,16.3,59.0,27.0,24.092857142857145,1.0
2022-09-10,47.7985000000001,-78.63459999999998,9.0,1,26.2,0.0,16.6,46.0,33.0,22.02857142857143,7.0
2018-06-15,47.25234705949249,-75.00698674200441,6.0,0,23.3,0.0,15.1,32.0,63.4,18.35,1.0
2022-07-11,48.5924012657316,-71.16387429554959,7.0,0,21.9,6.5,14.8,65.0,61.4,20.51428571428572,3.0
2019-09-20,56.05777413508736,-57.302775837133495,9.0,0,9.1,0.2,42.3,82.0,21.6,6.750000000000001,1.0
2023-08-25,54.34379226163176,-63.06081704003729,8.0,0,15.5,10.4,31.6,65.0,37.6,16.97142857142857,2.0
2020-05-12,45.717600000553375,-74.27529999955004,5.0,1,7.4,0.1,17.8,25.0,32.5,11.721428571428572,4.0
2019-07-07,45.152835343562266,-58.63041628002268,7.0,0,14.1,5.6,40.0,79.0,45.6,11.821428571428571,6.0
2018-05-19,47.8062000005777,-75.07170000033919,5.0,1,19.5,13.5,19.8,35.0,20.7,12.021428571428572,2.0
2022-05-13,46.98309999999998,-72.58969999999994,5.0,1,31.7,0.0,17.8,19.0,6.2,17.264285714285712,9.0
2022-08-23,49.30856428904819,-77.99652331058796,8.0,0,24.1,0.5,12.3,54.0,35.0,23.542857142857144,2.0
2018-08-02,49.10480000095531,-76.90679999974488,8.0,1,21.8,5.0,10.7,66.0,56.3,25.492857142857137,5.0
2019-07-24,47.594100000563344,-78.44659999967256,7.0,1,22.8,1.2,16.9,48.0,31.9,24.407142857142865,5.0
2020-05-19,46.55980000052201,-73.33199999943068,5.0,1,15.8,0.0,14.0,29.0,13.1,9.507142857142856,4.0
2023-05-31,49.06059999969028,-76.12780000026976,5.0,1,30.0,0.0,16.1,28.0,27.5,16.178571428571427,8.0
2024-05-25,57.61794721496068,-60.63141300908576,5.0,0,0.6,0.2,13.9,88.0,8.9,0.4142857142857143,6.0
2018-06-30,50.2255000011523,-72.88580000025837,6.0,1,24.3,0.3,14.4,45.0,37.9,18.77142857142857,3.0
2023-06-22,48.359100000264846,-78.88449999977513,6.0,1,31.1,0.0,11.6,27.0,17.2,22.88571428571429,9.0
2023-07-15,54.31357370091207,-66.49696752512239,7.0,0,23.9,0.3,16.8,44.0,60.9,23.99285714285714,1.0
2020-06-20,49.88110000067173,-75.02749999942623,6.0,1,29.6,1.9,10.0,40.0,17.4,20.142857142857142,9.0
2018-05-18,45.93810000100293,-73.79300000006728,5.0,1,14.3,0.0,13.3,34.0,13.2,18.142857142857142,8.0
2020-05-22,49.52590000106888,-68.99410000058637,5.0,1,10.0,0.0,24.3,34.0,3.8,8.764285714285714,14.0
2019-06-23,58.53076434312318,-68.70782809752748,6.0,0,9.8,0.0,28.1,59.0,30.6,14.5,1.0
2022-09-27,56.7784226349923,-76.06521536689434,9.0,0,10.0,1.6,24.2,80.0,21.4,9.585714285714287,4.0
2020-06-19,48.7333000008257,-78.88470000038471,6.0,1,29.8,0.0,14.7,30.0,31.5,19.957142857142856,7.0
2020-07-05,49.570200000851074,-69.65309999990572,7.0,1,18.0,3.8,12.2,60.0,38.2,23.271428571428576,3.0
2021-07-09,47.53527501209245,-62.617783168106,7.0,0,17.0,27.1,46.0,75.0,40.8,15.692857142857145,4.0
2020-05-22,46.98180000089507,-70.44620000011223,5.0,1,19.6,0.6,22.4,23.0,22.8,12.492857142857144,6.0
2021-09-17,45.95350000096583,-75.86289999947385,9.0,1,22.9,0.2,18.0,63.0,59.3,19.185714285714287,2.0
2020-05-20,48.16520000102247,-66.25640000060463,5.0,1,19.6,0.0,13.1,30.0,13.4,9.485714285714286,8.0
2020-05-13,46.18130000099998,-76.86190000028522,5.0,1,12.4,0.0,13.9,26.0,36.0,9.52142857142857,5.0
2021-05-14,50.98960000084929,-78.68420000044976,5.0,1,21.8,0.4,13.4,32.0,19.6,9.678571428571429,7.0
2018-07-18,48.14240000117651,-77.44930000024554,7.0,1,19.8,0.0,14.0,39.0,50.1,25.82857142857143,2.0
2023-07-22,55.86524026422087,-75.94137710636791,7.0,0,20.1,0.0,17.2,44.0,78.0,19.321428571428573,2.0
2023-05-28,48.50070000020492,-71.2892999997951,5.0,1,21.8,0.0,31.7,35.0,50.7,15.45,4.0
2020-09-16,48.21940000078636,-64.95310000062801,9.0,1,16.3,0.5,27.8,63.0,31.4,17.95,3.0
2020-06-20,48.86730000126742,-72.34960000039673,6.0,1,30.6,0.5,14.3,43.0,13.0,22.792857142857144,10.0
2021-05-02,58.593526269961366,-75.59720766003835,5.0,0,0.5,0.9,23.4,87.0,9.0,-3.621428571428571,1.0
2020-05-19,50.21280000087642,-66.35559999942673,5.0,1,12.2,0.0,18.1,36.0,3.3000000000000003,8.47857142857143,2.0
2018-05-22,48.61380000137431,-78.62859999978912,5.0,1,22.8,0.0,17.2,29.0,25.1,14.3,3.0
2022-09-12,48.22410000000008,-76.18180000000001,9.0,1,19.8,1.1,7.0,75.0,36.8,21.185714285714283,1.0
2024-07-12,51.1126811221958,-57.34721786151496,7.0,0,16.4,0.0,37.7,76.0,41.4,13.207142857142856,1.0
2022-05-31,46.84510000000006,-79.00920000000002,5.0,1,29.7,1.4,17.8,42.0,29.9,18.292857142857144,4.0
2018-07-21,45.255700000949695,-74.1041000005044,7.0,1,30.3,0.0,22.3,28.0,8.3,28.68571428571429,4.0
2023-07-05,54.22419999963034,-77.36539999971018,7.0,1,26.7,9.8,18.5,53.0,26.0,24.57857142857143,12.0
2019-08-25,46.85180000070628,-78.97550000020385,8.0,1,24.4,0.0,12.4,45.0,12.5,22.507142857142856,3.0
2024-06-07,57.28115862687622,-63.83986083945564,6.0,0,8.4,0.0,25.6,83.0,18.0,8.214285714285714,10.0
2018-06-28,51.13310000063722,-77.98000000010792,6.0,1,23.6,5.7,20.0,53.0,27.4,19.72142857142857,1.0
2023-06-03,48.93299999965029,-79.0530000000499,6.0,1,26.0,0.0,14.6,22.0,9.1,21.24285714285714,11.0
2024-05-23,48.59864582537772,-60.84392816530671,5.0,0,6.5,7.3,48.9,81.0,17.4,6.035714285714286,2.0
2023-06-05,45.689700000354776,-75.69469999990503,6.0,1,22.7,0.4,14.8,33.0,9.5,23.007142857142856,3.0
2023-05-11,50.637228556777686,-73.38889167462598,5.0,0,15.0,0.0,12.7,42.0,9.2,9.935714285714289,10.0
2021-08-02,46.2831742743286,-69.0150765647061,8.0,0,17.4,18.6,13.0,83.0,53.4,21.642857142857142,3.0
2024-06-12,48.76795508349388,-67.20329633872899,6.0,0,22.7,17.2,9.2,57.0,41.5,17.9,1.0
2023-06-02,49.28170000015496,-68.73670000010486,6.0,1,17.4,3.1,19.6,52.0,46.3,18.3,1.0
2024-05-01,51.05331007742362,-68.91919086051627,5.0,0,4.1,0.4,10.2,67.0,36.8,2.65,3.0
2022-08-05,52.33156871715525,-71.16774012371556,8.0,0,16.8,0.0,28.0,45.0,162.2,17.27142857142857,1.0
2019-06-13,58.29083378696947,-62.84902693529732,6.0,0,10.6,2.8,24.6,54.0,36.8,5.721428571428572,1.0
2020-09-11,51.24301199429498,-73.21649824533833,9.0,0,12.7,2.5,31.0,58.0,89.6,13.6,1.0
2018-09-12,50.23170000054656,-66.3868000003164,9.0,1,14.5,0.0,12.5,82.0,64.7,16.914285714285715,1.0
2022-05-01,46.388000000000034,-72.68700000000001,5.0,1,17.7,0.0,20.2,37.0,37.9,10.8,4.0
2019-07-27,49.59190000052689,-72.75809999941849,7.0,1,28.6,0.0,18.8,32.0,31.0,21.36428571428572,7.0
2024-06-21,51.4058368841383,-64.53173997036247,6.0,0,14.3,0.1,28.5,34.0,18.3,18.61428571428572,1.0
2019-07-28,54.79492015059662,-58.04047615384272,7.0,0,11.9,5.2,26.3,78.0,38.8,17.65714285714286,1.0
2018-05-14,46.36960000128569,-73.31389999998528,5.0,1,22.8,0.0,20.1,26.0,46.4,16.47142857142857,4.0
2019-07-18,46.846300000923954,-79.20510000000687,7.0,1,28.8,2.2,18.4,44.0,7.2,26.44285714285714,5.0
2018-09-07,50.52532608305404,-69.78663006483413,9.0,0,9.4,5.9,26.3,52.0,87.2,17.08571428571429,1.0
2024-07-08,52.40750000000003,-62.13149999999995,7.0,1,28.1,1.0,14.5,35.0,56.6,19.63571428571429,4.0
2019-05-23,45.97070000082723,-73.84089999944224,5.0,1,17.7,16.6,19.5,55.0,60.3,13.471428571428572,3.0
2023-05-05,48.200000000000045,-77.69199999999995,5.0,1,15.7,0.0,7.9,38.0,87.4,9.978571428571428,2.0
2020-05-21,45.74990000123773,-74.40009999981184,5.0,1,23.6,0.0,15.5,18.0,15.2,12.62857142857143,6.0
2024-08-13,47.79495745603847,-79.48776055290668,8.0,0,27.3,0.0,10.7,40.0,36.4,24.86428571428571,2.0
2019-09-28,50.95138076295978,-79.01667922806165,9.0,0,9.2,0.2,16.3,52.0,52.2,18.928571428571427,1.0
2021-06-26,53.57877585766249,-65.35084506946048,6.0,0,21.0,4.4,27.0,59.0,49.5,13.02142857142857,1.0
2020-06-16,48.31203153220114,-79.16605252178802,6.0,0,24.6,0.0,20.3,33.0,37.5,17.078571428571433,4.0
2022-05-06,45.650700000000086,-75.9171,5.0,1,13.5,0.0,14.2,25.0,54.5,12.55714285714286,2.0
2022-09-04,52.43646798472073,-68.09426396147008,9.0,0,9.8,0.2,25.0,56.0,43.6,17.307142857142857,1.0
2022-08-14,46.06099999999998,-74.97270000000003,8.0,1,23.9,0.0,7.2,41.0,64.1,23.528571428571432,5.0
2018-06-03,48.05600000100783,-71.93199999972121,6.0,1,18.1,0.0,13.8,31.0,32.9,18.3,2.0
2022-05-14,48.23150000000004,-78.37189999999998,5.0,1,27.9,0.0,18.2,38.0,6.0,16.9,2.0
2019-07-07,46.68586988926398,-78.43005039653026,7.0,0,22.1,0.0,11.8,31.0,42.7,25.2,1.0
2023-06-21,49.31090000043474,-67.6037000003547,6.0,1,22.8,0.0,19.0,43.0,53.1,16.342857142857145,6.0
2018-08-11,57.76468771537803,-75.92680967714396,8.0,0,16.6,0.7,16.4,52.0,52.5,15.70714285714286,2.0
2021-05-19,45.33568147632679,-65.84004855225501,5.0,0,16.2,0.0,21.0,56.0,41.7,12.542857142857144,7.0
2023-06-12,51.528374114422654,-76.80921538175969,6.0,0,25.6,0.0,15.1,31.0,1.4,22.02857142857143,14.0
2020-05-12,46.360800000577846,-73.01359999975053,5.0,1,9.0,0.0,19.7,22.0,40.3,12.249999999999998,5.0
2022-05-05,46.59994545863066,-74.77047354366684,5.0,0,13.1,0.0,18.6,35.0,57.5,11.628571428571428,1.0
2023-08-26,58.243413283959285,-65.96116856947638,8.0,0,12.6,0.9,21.9,68.0,68.2,17.37142857142857,1.0
2024-07-09,55.9851711448921,-73.14464949207553,7.0,0,15.5,0.1,25.9,56.0,77.2,15.135714285714286,1.0
2023-06-12,50.46260557259309,-71.60440996865186,6.0,0,23.2,0.0,8.1,37.0,19.8,18.357142857142858,2.0
2018-07-25,57.95830655032089,-60.94066418369688,7.0,0,4.5,0.0,25.3,85.0,43.6,7.185714285714286,7.0
2023-06-05,49.57939999961036,-67.86510000036469,6.0,1,18.0,0.0,14.5,28.0,12.8,17.88571428571429,3.0
2023-05-14,46.13299999985014,-73.50060000028975,5.0,1,16.1,0.0,19.7,24.0,80.1,16.492857142857144,10.0
2023-06-24,54.519299999695306,-77.43289999993499,6.0,1,12.4,0.0,14.2,68.0,12.8,24.65714285714285,1.0
2022-05-07,48.46010000000001,-71.78499999999997,5.0,1,8.5,0.0,12.3,41.0,28.9,9.7,3.0
2024-09-19,47.5046001591218,-75.25374435101551,9.0,0,25.9,0.0,8.4,42.0,77.7,21.092857142857145,7.0
2022-08-03,49.028709358023264,-64.7314527659745,8.0,0,21.2,0.0,17.8,49.0,57.3,23.892857142857142,1.0
2024-07-13,48.82430000000006,-69.12459999999999,7.0,1,29.3,1.0,14.0,48.0,18.7,24.64285714285714,4.0
2020-07-25,54.355953798067794,-71.59561836091957,7.0,0,19.6,0.0,16.6,53.0,88.1,18.385714285714283,1.0
2019-07-08,49.19260000100731,-69.45990000026431,7.0,1,22.3,1.7,33.8,36.0,31.5,22.057142857142857,2.0
2021-08-21,53.87499022739764,-74.7849446966189,8.0,0,27.1,0.0,22.5,60.0,44.3,19.514285714285712,2.0
2020-08-13,51.70951617795287,-63.644836309115824,8.0,0,20.9,5.4,16.6,54.0,58.1,22.61428571428572,1.0
2020-05-17,52.04080473098632,-79.40520721490206,5.0,0,1.1,0.0,10.1,62.0,9.8,0.0714285714285714,7.0
2022-05-05,45.7484,-74.2962,5.0,1,15.0,0.0,17.1,34.0,30.2,13.078571428571427,1.0
2018-07-07,55.77393984704402,-77.63026602118886,7.0,0,9.4,0.2,35.6,82.0,62.6,5.692857142857143,2.0
2022-06-16,46.523674513890185,-70.69104625102861,6.0,0,24.4,4.3,22.8,54.0,106.0,18.635714285714283,3.0
2018-05-09,45.81600000107337,-73.95880000053576,5.0,1,23.0,0.0,12.1,37.0,66.1,15.357142857142858,5.0
2020-06-06,46.57871372080275,-76.60770591081506,6.0,0,17.0,0.7,22.4,48.0,53.5,20.59285714285713,3.0
2023-05-28,48.119299999895134,-70.83519999958025,5.0,1,22.6,0.0,33.2,33.0,47.9,14.335714285714287,4.0
2023-07-05,52.76200000019992,-78.44299999965023,7.0,1,26.3,2.2,14.1,55.0,16.2,25.62142857142857,4.0
2018-05-21,48.34960000105384,-76.72900000021575,5.0,1,18.0,0.0,18.6,32.0,28.5,12.614285714285714,2.0
2018-05-24,58.5287511019006,-59.91678822025112,5.0,0,-2.0,0.0,25.4,60.0,53.1,-1.3285714285714287,1.0
2019-08-21,50.120200001282825,-72.71029999989457,8.0,1,20.6,19.3,8.7,59.0,65.7,20.02857142857143,2.0
2022-05-25,46.13140000000004,-73.84030000000001,5.0,1,21.3,0.0,11.6,33.0,60.1,21.2,4.0
2023-09-28,47.99489999993512,-76.97509999996498,9.0,1,20.6,0.0,11.8,44.0,11.7,18.21428571428571,5.0
2020-08-19,49.97096482975989,-68.00737089979873,8.0,0,16.6,19.1,19.2,82.0,59.1,22.971428571428568,1.0
2018-06-28,52.54250000085908,-75.65499999953514,6.0,1,26.1,2.1,23.2,37.0,28.2,16.928571428571427,2.0
2021-08-22,48.2880000005236,-78.51639999966066,8.0,1,25.5,0.3,13.0,50.0,25.6,25.585714285714285,3.0
2021-06-28,50.89120670509104,-65.3813816696263,6.0,0,22.1,0.0,12.6,37.0,126.5,15.9,1.0
2018-06-13,48.89790000118758,-72.19360000011322,6.0,1,16.9,2.6,14.3,40.0,35.4,19.35,6.0
2020-08-25,49.68183355085871,-77.03252903428455,8.0,0,16.4,3.2,27.5,54.0,34.0,21.33571428571429,1.0
2022-05-10,52.09548586096479,-68.34776397287325,5.0,0,14.5,0.0,20.2,31.0,25.8,2.721428571428571,5.0
2023-05-08,45.6357000003548,-75.82599999970017,5.0,1,14.6,0.0,17.4,32.0,89.7,11.828571428571433,4.0
2018-05-17,46.544600001358056,-73.13149999987004,5.0,1,13.0,0.6,19.5,27.0,30.5,16.521428571428572,7.0
2020-06-17,46.438300000562144,-73.17099999994856,6.0,1,30.7,0.0,14.2,26.0,21.6,21.27857142857142,6.0
2023-06-01,47.00409999991513,-73.41239999966024,6.0,1,30.2,1.1,17.1,32.0,32.4,19.464285714285715,8.0
2024-07-05,46.71489063745825,-76.61664447291088,7.0,0,23.6,0.3,11.8,51.0,71.8,21.1,2.0
2023-06-26,47.55544752145077,-70.35447732209259,6.0,0,21.2,10.5,17.3,64.0,21.8,20.15714285714285,2.0
2021-09-02,56.58637300021644,-63.14850956562215,9.0,0,10.2,0.0,10.5,46.0,22.5,13.714285714285715,2.0
2023-06-01,48.60829999974527,-76.63580000036967,6.0,1,30.2,1.6,17.5,30.0,33.4,17.94285714285714,9.0
2022-05-10,45.7645,-74.17380000000003,5.0,1,21.3,0.0,12.5,23.0,14.4,13.828571428571426,6.0
2019-07-29,47.108600000821,-77.65259999946987,7.0,1,27.3,7.3,17.1,51.0,18.8,25.06428571428572,1.0
2020-09-22,45.72810000130503,-75.77169999985026,9.0,1,17.7,0.0,11.7,54.0,18.1,15.25,6.0
2024-06-05,52.61570000000006,-68.08129999999994,6.0,1,24.2,2.0,13.8,45.0,90.7,12.278571428571428,2.0
2020-07-21,48.34380000107655,-66.84549999986483,7.0,1,18.0,0.0,22.1,53.0,74.6,22.307142857142857,1.0
2019-07-23,57.027656500083744,-77.89309209770974,7.0,0,6.6,0.0,21.3,87.0,40.8,7.1000000000000005,2.0
2024-06-07,48.58490000000006,-67.41319999999997,6.0,1,23.0,0.3,14.3,47.0,25.4,16.807142857142857,1.0
2021-08-09,54.01496726960522,-65.88765259105463,8.0,0,22.7,0.2,30.0,44.0,36.2,15.30714285714286,2.0
2024-05-15,57.6960053761992,-75.90473869945089,5.0,0,1.1,1.8,24.7,89.0,24.6,1.942857142857143,1.0
2023-06-01,47.614399999760224,-76.59139999971018,6.0,1,31.0,0.5,12.9,33.0,30.1,18.82857142857143,8.0
2024-07-08,51.62280000000004,-69.93259999999998,7.0,1,25.8,1.9,23.0,41.0,55.3,19.035714285714285,4.0
2022-09-09,46.95140000000009,-78.50979999999998,9.0,1,25.7,0.0,16.1,46.0,25.4,21.885714285714283,6.0
2021-08-23,50.87262822385199,-75.93380087342923,8.0,0,25.0,0.0,9.8,50.0,43.5,24.75,4.0
2019-06-07,48.33900000072736,-64.74870000056355,6.0,1,18.0,0.2,19.6,39.0,23.1,14.592857142857143,2.0
2020-06-09,54.57870182192312,-73.14352003360165,6.0,0,2.6,0.2,20.6,60.0,41.5,3.928571428571429,5.0
2023-06-02,46.02990000008498,-74.69170000025474,6.0,1,26.7,1.4,20.4,33.0,24.8,20.692857142857143,9.0
2023-05-28,46.101599999740245,-70.90700000024975,5.0,1,26.9,0.0,24.2,31.0,41.0,16.314285714285713,4.0
2024-06-13,55.26430000000005,-64.37019999999995,6.0,1,23.3,1.6,26.7,48.0,5.3,18.300000000000004,3.0
2019-09-26,55.8440808667563,-65.96579198967717,9.0,0,8.8,3.0,24.4,75.0,20.9,11.585714285714284,4.0
2018-08-04,47.38270000052985,-75.34779999964368,8.0,1,23.7,6.8,11.7,74.0,88.3,24.07857142857143,1.0
2023-05-14,46.40119999958034,-75.57169999975514,5.0,1,14.8,0.0,18.0,30.0,49.0,15.314285714285717,11.0
2018-06-09,50.25014637122762,-74.21785591155296,6.0,0,8.9,0.0,19.4,53.0,42.4,15.985714285714284,2.0
2021-09-28,55.27334627988653,-72.52958813343588,9.0,0,7.8,1.7,29.2,75.0,90.2,11.007142857142854,1.0
2020-05-10,47.61857596248007,-60.96769808966352,5.0,0,3.4,5.6,61.1,67.0,48.0,3.1142857142857143,1.0
2021-07-19,51.06415900929728,-64.77753735786295,7.0,0,25.4,7.9,13.5,49.0,28.3,20.807142857142857,3.0
2019-07-17,50.6424351960584,-74.55424953833456,7.0,0,18.5,0.4,25.5,39.0,25.6,22.164285714285715,1.0
2018-07-08,52.03330000115477,-77.02640000059834,7.0,1,29.1,5.9,31.6,46.0,36.9,21.864285714285707,1.0
2020-09-08,46.23804359524407,-64.52935776850788,9.0,0,25.9,0.0,18.2,50.0,51.6,22.078571428571426,4.0
2018-07-14,46.74800000116608,-78.92020000029751,7.0,1,28.6,0.8,11.6,45.0,64.1,27.79285714285714,1.0
2024-05-05,49.48103423657594,-61.75092235585818,5.0,0,4.2,0.0,28.3,74.0,22.3,3.3214285714285707,2.0
2020-07-15,46.02218609945152,-64.52724482814523,7.0,0,16.8,0.9,21.6,66.0,61.6,23.42142857142857,1.0
2023-06-01,49.33660000028982,-72.4043999996602,6.0,1,29.3,0.7,18.0,36.0,31.8,18.178571428571427,8.0
2019-07-05,47.444751753982864,-73.94659156290088,7.0,0,28.3,0.9,17.9,43.0,34.0,22.87857142857143,5.0
2018-07-18,50.844609428093605,-67.8986236810418,7.0,0,14.9,0.0,20.0,53.0,35.7,19.74285714285714,1.0
2021-06-12,45.81340000136464,-74.04300000044428,6.0,1,25.3,0.0,13.4,27.0,16.3,23.77857142857143,1.0
2021-06-06,48.836000001332366,-74.33200000049825,6.0,1,24.6,0.0,17.6,49.0,50.7,16.05,1.0
2018-05-21,45.6754000011074,-76.45790000010831,5.0,1,22.7,0.0,15.6,37.0,23.8,17.72857142857143,1.0
2018-05-24,46.78350000090289,-78.960099999568,5.0,1,27.4,0.0,21.0,27.0,18.6,16.62142857142857,5.0
2022-07-16,48.59230000000002,-68.25709999999998,7.0,1,24.4,0.0,23.9,51.0,28.8,20.707142857142856,4.0
2024-06-05,48.20080000000007,-70.75119999999998,6.0,1,27.1,0.5,14.6,39.0,20.2,21.02142857142857,7.0
2020-08-16,45.67320000083344,-76.34109999959048,8.0,1,22.7,19.3,16.6,69.0,94.3,24.59285714285713,5.0
2023-07-07,50.540300000344814,-67.8379999998001,7.0,1,27.8,2.8,16.1,52.0,68.2,23.40714285714285,4.0
2023-05-26,45.96750000032483,-74.22230000044465,5.0,1,18.4,0.0,14.2,31.0,40.5,15.842857142857142,2.0
2022-06-03,58.041624282872846,-68.04384861749357,6.0,0,15.5,0.0,17.4,38.0,18.7,8.235714285714286,5.0
2021-09-05,46.2581000009829,-74.05839999959936,9.0,1,19.1,9.9,19.0,72.0,44.6,21.728571428571424,6.0
2018-06-26,47.64540000110612,-79.22850000015352,6.0,1,23.0,0.0,11.4,30.0,37.3,22.38571428571429,6.0
2022-09-03,45.91542391028007,-62.36450842409937,9.0,0,20.7,0.0,13.9,56.0,15.9,24.21428571428572,3.0
2022-08-27,55.26446076636847,-75.14456346192064,8.0,0,13.0,4.6,25.8,67.0,12.8,18.52142857142857,2.0
2024-08-22,51.96516934356384,-60.62991886918651,8.0,0,21.2,0.0,10.9,44.0,95.3,20.87142857142857,2.0
2022-09-17,57.7524238728748,-75.40287360983382,9.0,0,7.5,1.4,40.3,61.0,31.0,13.3,1.0
2020-05-14,45.55690000122119,-73.17899999966023,5.0,1,17.3,0.0,14.9,20.0,22.9,12.35,6.0
2019-06-22,48.33620000108972,-78.58700000035094,6.0,1,22.3,0.0,15.4,38.0,61.2,19.192857142857143,7.0
2018-09-18,55.50048244438854,-78.11388846742977,9.0,0,6.8,0.0,31.0,53.0,70.9,9.264285714285716,3.0
2020-08-18,53.755902378844645,-61.10963753130986,8.0,0,24.1,0.0,12.4,33.0,30.8,24.157142857142865,5.0
2021-07-13,48.41480000084988,-77.80089999997169,7.0,1,25.8,3.6,16.7,49.0,38.8,22.27857142857143,7.0
2024-07-07,56.37494786996098,-57.33550060141971,7.0,0,10.8,1.9,33.0,70.0,29.0,7.921428571428571,3.0
2024-08-26,45.13675335950292,-62.49173558623144,8.0,0,23.1,0.0,8.7,57.0,34.4,23.71428571428571,3.0
2023-07-19,54.7128550803242,-61.86523569338141,7.0,0,19.1,5.5,17.3,67.0,21.7,22.7,2.0
2018-07-10,47.52227859441767,-66.25543313531136,7.0,0,25.1,7.4,20.2,53.0,23.1,25.36428571428572,4.0
2022-09-04,51.85741651526318,-75.69857189243042,9.0,0,14.6,0.2,16.0,49.0,60.9,18.442857142857143,1.0
2024-09-01,45.22715178318025,-70.03999484901877,9.0,0,25.5,0.8,14.8,49.0,76.6,21.042857142857144,1.0
2021-05-10,49.6095000005491,-73.84909999947565,5.0,1,10.6,2.6,14.1,51.0,17.2,9.607142857142858,5.0
2021-09-01,47.94170000100794,-78.44189999982913,9.0,1,18.2,0.0,18.1,40.0,23.6,25.05,2.0
2018-05-16,49.51653014071596,-66.75079303889137,5.0,0,1.8,1.9,34.4,48.0,33.2,5.9642857142857135,5.0
2019-09-03,47.99837061022909,-78.68516522534097,9.0,0,13.2,17.3,21.7,58.0,45.1,20.11428571428572,1.0
2020-05-09,48.302600000556346,-65.58470000022245,5.0,1,5.9,3.8,14.4,34.0,44.6,9.028571428571428,1.0
2024-05-16,50.31128281555692,-59.26101112533095,5.0,0,5.2,0.0,18.8,88.0,20.4,3.757142857142857,4.0
2019-06-12,55.23883354068091,-60.71663407356282,6.0,0,4.1,6.2,22.4,85.0,43.8,9.207142857142856,3.0
2021-08-10,49.811200001067824,-68.73389999977547,8.0,1,26.1,0.8,13.2,69.0,46.0,19.77857142857143,1.0
2018-09-17,48.29115290801047,-72.72088720006118,9.0,0,24.8,1.1,23.0,59.0,19.3,19.735714285714288,1.0
2019-09-22,50.89999411128177,-78.08614339437915,9.0,0,24.0,8.1,27.7,64.0,43.5,16.414285714285718,3.0
2022-05-06,46.0256,-75.57999999999993,5.0,1,13.0,0.0,15.0,26.0,49.3,12.135714285714284,2.0
2018-06-28,49.64830000135464,-72.69250000073457,6.0,1,28.4,0.0,11.5,29.0,16.0,20.90714285714285,4.0
2023-07-27,51.85894806348222,-70.64952005819234,7.0,0,15.3,0.7,23.4,56.0,88.2,19.87857142857143,1.0
2020-07-07,46.31760000130156,-77.47330000037238,7.0,1,31.6,3.6,15.1,34.0,38.1,25.27857142857143,2.0
2023-05-09,47.32151281008947,-73.40357677242523,5.0,0,11.5,0.0,13.5,26.0,55.7,11.978571428571428,5.0
2020-05-23,48.02770000072448,-66.68059999963627,5.0,1,14.1,0.0,11.9,27.0,13.2,13.300000000000002,11.0
2018-07-13,46.28080000069014,-74.9196999999109,7.0,1,27.3,0.4,14.2,38.0,27.7,27.221428571428564,7.0
2021-05-14,48.46010000076244,-78.94770000041702,5.0,1,20.7,0.0,13.7,25.0,28.4,9.992857142857144,4.0
2024-08-03,50.11320000000006,-67.30119999999994,8.0,1,27.4,10.2,10.2,64.0,34.1,25.03571428571428,2.0
2019-05-17,53.75902345959516,-72.97149865925618,5.0,0,10.7,0.0,23.9,60.0,25.3,4.642857142857143,6.0
2021-06-18,53.33220000059277,-78.43450000066503,6.0,1,20.8,8.5,16.0,64.0,21.9,15.385714285714286,11.0
2020-09-02,53.49145576698931,-64.48675276793165,9.0,0,14.6,11.7,43.0,72.0,91.3,13.085714285714287,2.0
2020-05-22,54.69012637005336,-65.677114035704,5.0,0,-2.8,1.9,39.6,55.0,25.1,1.542857142857143,5.0
2020-09-04,47.45956359120535,-73.07394567384522,9.0,0,17.3,1.0,23.3,46.0,56.7,18.721428571428568,2.0
2022-06-22,52.57613968390564,-66.00112364177147,6.0,0,13.8,4.5,38.0,71.0,52.3,14.72857142857143,3.0
2018-06-15,51.51000000096166,-57.249999999413774,6.0,1,11.5,0.2,21.7,72.0,51.2,6.885714285714286,2.0
2024-06-11,56.65865712271759,-63.02500296853421,6.0,0,13.3,0.0,18.2,41.0,16.1,12.207142857142856,1.0
2020-05-22,45.647000000539705,-75.55829999955756,5.0,1,27.8,0.0,12.6,20.0,13.5,13.885714285714284,7.0
2023-06-23,53.65170000005503,-78.4974000001099,6.0,1,21.8,3.2,17.6,56.0,1.0,23.57857142857143,14.0
2022-07-11,49.491400000000056,-62.53619999999995,7.0,1,20.5,6.8,17.7,61.0,22.5,20.321428571428573,2.0
2023-06-01,46.83070000030483,-72.73120000017985,6.0,1,31.9,0.6,14.8,27.0,32.0,19.264285714285712,8.0
2020-05-18,45.96260000058951,-74.90760000003971,5.0,1,17.8,0.0,15.3,24.0,16.6,10.078571428571427,3.0
2022-08-24,57.275827380220704,-64.88855848679408,8.0,0,11.3,0.4,21.6,53.0,38.7,17.992857142857144,2.0
2020-06-19,48.91380000105856,-72.72530000020978,6.0,1,33.6,0.0,16.9,22.0,20.7,21.04285714285714,9.0
2023-06-01,50.16789999958536,-73.91000000039963,6.0,1,27.9,0.5,15.5,41.0,21.5,16.02142857142857,5.0
2018-07-07,51.55860000081579,-79.42329999968432,7.0,1,27.9,0.0,26.2,39.0,24.9,20.028571428571432,1.0
2018-05-14,46.29810000104472,-73.41279999954374,5.0,1,22.8,0.0,19.2,26.0,40.3,16.535714285714285,4.0
2022-09-15,57.2854816326946,-66.02231840710587,9.0,0,4.3,18.0,31.8,84.0,33.4,15.778571428571428,1.0
2021-06-17,58.5832670077387,-71.16763679203316,6.0,0,9.1,0.2,13.6,68.0,23.3,4.435714285714286,8.0
2018-06-13,47.274400001129486,-79.12999999987872,6.0,1,23.2,13.6,22.8,60.0,25.2,20.22857142857143,6.0
2023-06-01,48.56139999981019,-69.30849999977511,6.0,1,32.4,0.6,17.4,22.0,17.2,18.61428571428572,7.0
2023-08-05,47.18126069478944,-73.45079310921388,8.0,0,20.4,1.6,20.4,50.0,53.4,21.278571428571432,1.0
2018-09-07,46.23713535747712,-74.85417896061202,9.0,0,19.4,0.0,15.6,44.0,87.8,23.81428571428572,1.0
2022-07-02,58.25738812004688,-61.00232714537192,7.0,0,4.1,6.6,33.0,93.0,28.4,5.414285714285716,4.0
2019-06-20,51.08235200624583,-76.91794101598977,6.0,0,15.2,0.0,13.0,53.0,78.2,14.992857142857144,5.0
2022-06-18,53.70502965707414,-62.71854145066987,6.0,0,14.6,6.1,33.9,76.0,17.7,15.364285714285716,1.0
2020-07-04,45.76260000090711,-74.11380000039999,7.0,1,28.9,0.0,16.5,29.0,37.4,27.414285714285707,5.0
2019-06-03,55.559780480788326,-61.17636878730859,6.0,0,3.8,4.4,20.8,80.0,28.8,3.514285714285714,2.0
2020-05-14,46.21190000069843,-72.32969999967067,5.0,1,16.6,0.0,11.5,23.0,30.7,11.514285714285714,6.0
2019-08-13,57.3469659466796,-69.27549768347414,8.0,0,11.5,5.5,19.6,72.0,58.5,18.0,1.0
2018-07-21,45.25430000072946,-73.54770000004801,7.0,1,30.5,0.0,17.0,31.0,20.1,28.942857142857143,4.0
2018-07-18,50.26910000082033,-73.41170000022076,7.0,1,16.7,0.1,20.8,46.0,68.8,21.857142857142858,1.0
2022-09-16,46.49324941458042,-59.81223846399115,9.0,0,15.5,1.9,56.4,72.0,24.3,18.985714285714288,2.0
2022-07-28,48.21494629285792,-73.87020861967339,7.0,0,23.4,17.5,17.7,56.0,56.1,23.41428571428571,2.0
2021-07-10,47.24496994463004,-65.00181655759994,7.0,0,22.0,57.0,29.0,50.0,57.8,21.15714285714285,1.0
2021-06-05,45.87680000056265,-74.00420000027238,6.0,1,25.4,4.1,22.7,62.0,12.2,20.792857142857144,2.0
2020-06-19,50.16150000076467,-66.52260000040654,6.0,1,21.4,0.0,14.7,68.0,24.4,19.164285714285715,7.0
2023-07-02,56.813500000124975,-67.37200000029975,7.0,1,24.2,0.4,11.1,52.0,9.3,20.628571428571423,9.0
2020-09-03,57.58321403843661,-76.00260938965238,9.0,0,13.5,1.8,17.9,84.0,14.5,12.650000000000002,1.0
2022-06-15,56.78530000000001,-65.91529999999995,6.0,1,22.5,0.7,18.5,32.0,25.8,15.328571428571433,4.0
2020-07-07,45.29694849792068,-69.77813645322827,7.0,0,24.6,0.0,17.3,48.0,72.9,24.26428571428572,2.0
2018-07-16,53.896270757312685,-77.60855169589931,7.0,0,19.9,2.4,20.3,65.0,71.3,19.728571428571428,1.0
2023-06-22,48.00099999975026,-77.92840000005992,6.0,1,30.1,0.0,12.1,31.0,20.4,22.62142857142857,4.0
2023-06-01,51.28270000000504,-62.41059999979012,6.0,1,24.8,5.9,16.9,40.0,32.6,12.685714285714289,4.0
2018-07-05,47.06930000100933,-77.21829999937205,7.0,1,30.2,0.5,19.0,47.0,41.6,25.02142857142857,3.0
2019-07-21,52.32691602081974,-58.005521101063735,7.0,0,15.5,5.5,12.8,73.0,40.0,16.364285714285714,1.0
2018-08-21,51.91842005067923,-76.3691105403974,8.0,0,19.3,2.4,9.2,62.0,33.0,20.71428571428571,1.0
2018-08-20,48.78240000132439,-79.35759999980472,8.0,1,23.9,0.5,17.7,64.0,14.0,23.31428571428572,11.0
2019-07-08,49.24710000092423,-69.4751000000112,7.0,1,22.3,1.7,33.8,36.0,31.5,22.057142857142857,2.0
2024-06-09,49.1673765845558,-74.4870484099131,6.0,0,12.8,20.0,17.7,92.0,64.0,21.35,1.0
2020-07-05,58.38335105024516,-73.45783696027459,7.0,0,17.7,0.2,22.2,58.0,10.8,19.02857142857144,3.0
2020-05-24,46.29970000080697,-70.3984000003334,5.0,1,23.1,0.0,13.9,28.0,31.5,14.3,8.0
2024-06-05,49.05380000000008,-71.91679999999997,6.0,1,28.5,0.0,13.0,35.0,49.6,21.442857142857143,8.0
2023-05-14,48.14680000002005,-69.7041000002148,5.0,1,14.8,0.0,27.6,22.0,41.8,12.478571428571428,10.0
2022-05-13,46.2505000000001,-75.73459999999994,5.0,1,29.6,0.0,15.7,23.0,10.1,16.957142857142856,10.0
2022-06-04,55.01713568254597,-60.127479282132725,6.0,0,1.9,0.0,15.0,88.0,73.6,3.478571428571428,2.0
2021-08-19,49.190400000626624,-76.64669999967278,8.0,1,28.9,3.2,10.5,59.0,44.3,24.157142857142865,7.0
2022-05-03,49.19129429237075,-70.64887301659927,5.0,0,14.9,0.0,14.4,38.0,47.9,4.371428571428572,7.0
2019-09-16,55.0327432470064,-75.60540734889415,9.0,0,14.0,0.0,12.0,54.0,29.4,8.52142857142857,2.0
2022-07-28,50.99076334175175,-68.26943690762394,7.0,0,21.8,0.3,18.6,48.0,64.8,19.56428571428572,1.0
2018-06-07,58.10704424612033,-73.99352572376473,6.0,0,2.9,0.0,21.7,80.0,9.2,-0.0714285714285714,8.0
2023-09-19,56.58900070708738,-65.22223367066898,9.0,0,7.9,0.1,12.7,63.0,37.4,9.72857142857143,1.0
2022-09-10,46.35729583053283,-71.23629903177684,9.0,0,25.1,0.0,12.9,56.0,38.1,21.807142857142857,2.0
2022-05-05,45.74580000000015,-74.27600000000001,5.0,1,15.0,0.0,17.1,34.0,30.2,13.078571428571427,1.0
2018-07-01,47.140300000506166,-72.94499999969364,7.0,1,27.5,3.5,15.4,62.0,34.4,22.90714285714285,1.0
2020-05-18,45.90760000132539,-73.97999999958272,5.0,1,17.2,0.0,16.1,24.0,11.4,10.671428571428573,3.0
2022-06-01,56.06217920410676,-77.66121511285769,6.0,0,9.0,0.0,50.7,59.0,20.2,2.5500000000000003,8.0
2024-07-09,56.82918069868693,-78.11094610934059,7.0,0,6.2,0.2,26.1,84.0,24.5,6.449999999999998,3.0
2021-06-17,45.95060000087666,-73.75060000040902,6.0,1,23.0,0.0,16.6,26.0,44.0,25.15714285714285,2.0
2019-06-20,48.410300001310894,-72.33260000001805,6.0,1,19.4,0.0,16.2,45.0,28.7,19.092857142857145,1.0
2022-08-15,50.107399999999984,-69.81799999999993,8.0,1,22.8,5.0,7.9,45.0,35.2,21.357142857142858,4.0
2018-06-02,47.18650000072992,-69.91139999972764,6.0,1,16.2,0.0,26.0,28.0,34.5,19.092857142857145,1.0
2018-05-22,48.48970000105708,-71.10549999985143,5.0,1,22.6,2.1,23.9,42.0,35.2,13.914285714285713,2.0
2020-07-11,47.368987137249846,-59.73962762387872,7.0,0,14.1,0.0,34.4,95.0,23.4,13.892857142857144,2.0
2024-09-14,51.95301579158863,-70.38711494196819,9.0,0,17.0,0.0,10.9,46.0,52.0,14.328571428571427,2.0
2018-09-25,58.34422971489543,-72.79845503791483,9.0,0,5.1,7.9,23.9,76.0,44.5,4.714285714285714,3.0
2020-06-22,48.38325249329923,-69.0711346018963,6.0,0,16.0,0.0,15.4,73.0,7.6,14.121428571428572,11.0
2023-07-04,54.66670000000505,-77.46050000017482,7.0,1,32.8,0.0,27.0,26.0,11.5,25.05,11.0
2023-08-12,55.44780474614917,-61.38613100606945,8.0,0,11.5,0.3,20.5,90.0,45.2,14.92857142857143,3.0
2022-07-12,45.6227005426116,-69.11730466594753,7.0,0,26.2,8.3,24.8,52.0,23.2,22.43571428571429,4.0
2023-06-01,49.659800000269854,-69.97219999983008,6.0,1,27.9,1.2,15.0,37.0,28.9,15.407142857142858,8.0
2023-06-01,48.8513000001949,-70.47469999990506,6.0,1,27.3,0.5,15.1,33.0,35.5,15.664285714285716,8.0
2018-05-11,45.49520000070972,-73.97540000048501,5.0,1,11.6,0.0,21.9,33.0,43.7,17.54285714285714,1.0
2019-06-05,48.86480000071303,-79.06489999940855,6.0,1,13.5,0.0,14.8,52.0,40.6,13.7,2.0
2019-08-16,47.00990000131919,-71.34240000000277,8.0,1,20.6,1.2,11.3,62.0,79.5,21.092857142857145,4.0
2024-07-09,49.45730000000003,-68.66459999999995,7.0,1,26.5,11.0,11.7,55.0,35.3,23.092857142857145,5.0
2021-05-21,46.53360000110248,-77.29520000043162,5.0,1,28.3,0.2,16.3,40.0,28.6,17.8,1.0
2024-07-21,56.073686460231045,-64.18370500664899,7.0,0,12.5,27.2,33.5,67.0,45.9,16.28571428571429,1.0
2020-06-22,58.51693497975904,-77.26288463672203,6.0,0,21.6,0.0,24.3,35.0,0.7000000000000001,10.964285714285714,14.0
2023-05-28,48.16870000000506,-70.87229999994503,5.0,1,22.7,0.0,32.2,33.0,48.8,14.721428571428572,4.0
2022-08-19,49.196600000000046,-68.24619999999999,8.0,1,24.5,2.4,13.4,51.0,33.7,21.61428571428571,1.0
2019-07-07,48.94580000094315,-68.66019999958485,7.0,1,22.7,0.0,23.7,36.0,23.7,19.428571428571427,1.0
2021-05-18,46.20900000051109,-72.35810000032804,5.0,1,23.8,0.1,14.4,19.0,31.8,16.650000000000002,4.0
2018-07-02,49.95050000069529,-76.03250000017829,7.0,1,27.7,1.6,30.1,46.0,15.4,22.04285714285714,1.0
2020-08-21,54.52762709236619,-74.39321284743144,8.0,0,10.3,0.0,19.3,64.0,68.4,19.892857142857142,1.0
2020-05-03,51.98328538088561,-77.15705849276746,5.0,0,4.6,0.0,18.0,50.0,35.2,1.735714285714286,3.0
2022-07-04,47.5790637742526,-64.53311116161838,7.0,0,18.7,0.0,36.9,51.0,20.8,16.785714285714285,2.0
2018-09-08,52.923616009693646,-58.50276904554153,9.0,0,9.6,1.1,27.4,44.0,48.7,16.999999999999996,2.0
2024-08-29,51.61910000000006,-70.00409999999994,8.0,1,17.0,0.0,16.0,39.0,47.2,20.7,1.0
2021-09-10,46.709800000659776,-75.2183000005957,9.0,1,17.0,0.0,18.8,43.0,58.1,19.235714285714288,1.0
2024-06-09,47.57070294904278,-61.94673795786683,6.0,0,10.1,6.0,23.5,95.0,14.3,9.007142857142858,7.0
2018-09-10,58.50587772204177,-73.99840909026302,9.0,0,7.8,7.8,46.9,66.0,56.6,8.585714285714285,1.0
2020-05-20,50.27600000079676,-64.79979999955094,5.0,1,12.8,0.0,19.6,38.0,0.9,9.207142857142856,14.0
2023-05-30,47.3327999999201,-73.77779999957028,5.0,1,26.1,0.0,11.7,26.0,32.6,16.400000000000002,6.0
2020-07-04,58.49407859292016,-77.15812067574385,7.0,0,19.3,0.0,25.9,36.0,4.0,21.27142857142857,5.0
2018-09-24,55.05109922429083,-59.33605119735404,9.0,0,4.9,6.2,31.5,45.0,47.9,10.599999999999996,2.0
2020-07-06,46.06110000055507,-73.72610000033818,7.0,1,27.9,0.0,8.2,30.0,20.2,26.65,7.0
2022-08-06,48.082700000000045,-78.07339999999994,8.0,1,28.8,0.0,26.0,48.0,51.4,22.550000000000004,2.0
2018-06-16,50.41400000053515,-66.11150000051147,6.0,1,16.5,0.0,15.5,42.0,34.3,13.764285714285714,4.0
2023-08-08,52.97668516748697,-57.84229794299189,8.0,0,17.1,0.2,11.7,61.0,56.5,19.292857142857144,5.0
2022-08-23,47.10133414377551,-74.72482270338705,8.0,0,22.2,10.5,10.3,68.0,19.5,22.914285714285715,1.0
2021-06-10,50.49446943922549,-58.546736946798575,6.0,0,7.1,0.0,35.0,70.0,41.6,8.035714285714286,5.0
2024-08-19,45.84422102112129,-57.47010092364224,8.0,0,21.8,13.6,35.5,92.0,7.4,19.964285714285715,13.0
2023-05-14,48.36249572740424,-62.56745877959096,5.0,0,5.7,1.0,48.9,73.0,21.5,4.885714285714286,1.0
2020-07-19,46.54888055179482,-69.93475405720397,7.0,0,27.1,6.6,18.1,65.0,42.2,24.57857142857143,2.0
2023-06-05,49.28170000015496,-73.29519999988003,6.0,1,22.2,0.3,16.6,32.0,17.5,20.092857142857145,4.0
2023-08-08,47.59689919587243,-77.23494415151549,8.0,0,21.8,7.0,21.3,54.0,62.9,20.928571428571427,1.0
2022-09-25,55.50908549567187,-77.64367854114958,9.0,0,13.8,0.0,17.5,78.0,37.6,12.078571428571426,3.0
2021-06-27,57.24651992444073,-78.28655849591725,6.0,0,1.3,0.0,18.0,95.0,25.8,2.964285714285715,3.0
2020-05-04,57.027617684401065,-73.44970543424176,5.0,0,-7.8,0.0,19.1,68.0,22.3,-6.121428571428572,3.0
2018-05-25,49.69780000070351,-68.29619999957247,5.0,1,18.1,0.0,17.7,36.0,13.5,8.885714285714286,1.0
2022-09-28,51.85659717241403,-64.56750255476733,9.0,0,12.0,0.8,11.5,60.0,103.3,10.178571428571429,1.0
2024-05-19,56.16878825200958,-58.22805214565008,5.0,0,1.2,9.0,33.5,74.0,24.6,1.4571428571428573,2.0
2020-07-04,46.63545852472272,-64.22409526763136,7.0,0,22.2,0.6,24.0,59.0,12.0,24.2,2.0
2021-08-06,49.248156436676624,-62.606295347887794,8.0,0,21.8,3.8,13.2,69.0,45.5,18.985714285714288,4.0
2019-09-10,48.67096187438027,-74.46167282093599,9.0,0,10.8,4.5,15.6,71.0,48.3,15.26428571428571,2.0
2022-05-01,46.19439999999997,-77.68849999999998,5.0,1,17.8,0.0,17.6,34.0,48.2,9.9,4.0
2020-07-03,49.84530000084829,-71.19280000006175,7.0,1,24.4,0.0,17.6,27.0,58.7,24.178571428571427,1.0
2023-06-01,48.97020000012998,-69.14370000015487,6.0,1,31.0,4.6,19.9,29.0,24.2,18.27142857142857,7.0
2023-05-01,48.922299999945096,-73.17960000013983,5.0,1,5.6,18.5,37.6,89.0,55.9,7.914285714285714,1.0
2023-05-26,45.463500000324814,-74.09559999964023,5.0,1,20.4,0.0,14.0,32.0,28.4,18.02142857142857,2.0
2018-07-07,50.92011586160466,-67.2664597802779,7.0,0,14.6,1.1,27.0,39.0,56.2,16.807142857142857,1.0
2022-05-12,54.81338139018576,-63.613431385153,5.0,0,2.1,0.1,34.7,69.0,7.9,0.9428571428571428,1.0
2020-09-09,54.85439707144002,-75.13152068265234,9.0,0,9.0,1.4,24.9,73.0,65.1,12.335714285714284,1.0
2024-06-09,53.63680000000005,-69.33709999999995,6.0,1,21.5,10.0,20.5,51.0,57.3,17.928571428571427,8.0
2023-06-02,47.774300000045,-76.69539999961023,6.0,1,27.8,0.0,16.2,20.0,33.5,20.06428571428572,9.0
2020-05-21,48.74330000052768,-71.85250000037354,5.0,1,24.8,0.0,23.1,28.0,3.9,9.914285714285716,11.0
2023-06-01,48.77119999988014,-64.50549999962521,6.0,1,30.8,0.1,13.1,30.0,55.4,18.192857142857143,6.0
2023-06-01,49.49940000030984,-69.58959999993999,6.0,1,27.9,2.6,16.3,37.0,30.0,15.95,8.0
2020-07-05,51.030800001006575,-70.58550000043643,7.0,1,17.9,2.6,14.6,49.0,58.7,22.02142857142857,3.0
2024-06-05,49.33650000000006,-71.12329999999996,6.0,1,27.9,0.6,10.0,37.0,33.2,20.142857142857142,8.0
2018-05-05,57.71557772532919,-74.88403682526292,5.0,0,-2.1,2.7,33.8,85.0,9.3,-4.764285714285714,5.0
2024-07-22,50.68735852320368,-61.57962905268397,7.0,0,20.7,0.0,22.5,32.0,29.7,25.857142857142858,1.0
2022-07-06,48.87437680186299,-72.61804547022068,7.0,0,19.8,2.8,16.5,39.0,53.3,21.964285714285715,3.0
2019-07-12,48.49599518011705,-77.79325552808167,7.0,0,23.3,0.0,14.8,32.0,31.7,25.25714285714286,1.0
2019-06-21,55.556559547621205,-63.083006111718674,6.0,0,14.3,0.4,17.6,57.0,31.4,11.8,1.0
2020-05-22,48.38380000093219,-70.59609999986739,5.0,1,15.9,0.0,21.1,27.0,9.4,8.67142857142857,12.0
2023-07-21,57.73358068001125,-67.89893409345896,7.0,0,16.5,10.1,24.3,49.0,79.39999999999999,22.542857142857144,1.0
2021-06-10,46.65080000081389,-72.81500000027656,6.0,1,19.9,0.0,17.5,30.0,17.2,22.442857142857143,5.0
2020-07-14,47.37940000090034,-78.6849999998367,7.0,1,27.3,0.0,10.3,37.0,49.6,26.82142857142857,3.0
2020-09-25,47.37190000084944,-69.94439999941426,9.0,1,15.0,0.0,10.4,44.0,17.2,16.02857142857143,8.0
2024-06-06,50.26410000000004,-73.44539999999996,6.0,1,27.8,0.0,22.2,28.0,39.3,19.207142857142856,9.0
2018-08-21,49.95220000051262,-70.34459999942362,8.0,1,23.8,0.3,14.3,46.0,35.5,22.31428571428572,6.0
2020-07-10,47.6726000010379,-74.32929999967821,7.0,1,31.1,0.4,14.3,43.0,26.2,24.357142857142858,2.0
2020-05-09,45.76170000122436,-72.7429999997451,5.0,1,6.5,0.8,29.0,36.0,27.9,13.250000000000002,1.0
2023-05-24,52.836187709802,-58.18606255745296,5.0,0,15.8,4.1,28.4,43.0,33.6,8.121428571428572,3.0
2022-07-01,54.64763012541869,-75.42028921298258,7.0,0,12.3,5.1,35.7,56.0,68.3,16.07857142857143,1.0
2018-09-03,45.39587988393225,-68.5197534300816,9.0,0,30.1,0.2,15.6,50.0,17.8,25.81428571428572,12.0
2018-08-16,52.0464835027106,-75.61078579554638,8.0,0,20.7,0.0,17.6,38.0,34.4,21.06428571428572,2.0
2024-06-21,56.38667713517616,-63.60471917346004,6.0,0,6.8,3.5,45.6,68.0,55.5,16.79285714285714,2.0
2024-06-08,57.26727701611168,-64.77868163821451,6.0,0,19.7,0.0,29.4,65.0,23.8,10.80714285714286,1.0
2022-09-15,47.804434888516894,-74.01480193334305,9.0,0,11.9,0.0,23.2,41.0,22.1,21.25714285714286,1.0
2024-09-07,46.32942519140491,-77.35418600894425,9.0,0,11.1,30.8,19.3,87.0,43.0,22.050000000000004,1.0
2019-08-11,46.41080000118404,-75.31039999976127,8.0,1,21.7,0.4,17.7,58.0,30.200000000000003,23.79285714285714,1.0
2021-06-07,48.90760000113657,-70.45600000050565,6.0,1,27.6,0.1,32.2,38.0,19.1,15.2,2.0
2018-08-20,58.5445018272784,-73.10181022343592,8.0,0,9.1,1.6,47.2,57.0,40.4,13.27142857142857,1.0
2023-06-02,48.73739999971025,-67.74830000014487,6.0,1,14.2,46.4,33.0,78.0,37.1,17.36428571428571,7.0
2022-07-04,56.88296395436413,-68.14400312470279,7.0,0,8.7,18.7,20.9,84.0,51.9,15.635714285714286,1.0
2022-05-02,46.56369999999998,-72.93899999999991,5.0,1,19.4,0.1,17.7,36.0,38.7,9.964285714285714,5.0
2018-09-16,49.49030000074632,-67.35470000049457,9.0,1,18.9,0.0,15.3,46.0,63.9,19.185714285714287,5.0
2020-05-02,49.4857095279459,-72.82789908062631,5.0,0,10.1,0.0,14.1,34.0,41.4,3.542857142857143,1.0
2018-07-02,49.59870000078955,-71.08249999944422,7.0,1,32.0,15.8,26.2,40.0,14.4,21.02857142857142,2.0
2022-09-02,45.67045661904437,-68.74537271228618,9.0,0,20.9,0.0,14.5,46.0,52.8,24.62857142857143,2.0
2020-05-18,54.1796255734906,-74.8019059165053,5.0,0,2.8,0.0,10.6,53.0,21.3,-0.8928571428571431,6.0
2024-06-24,48.20679048418713,-72.12422284684952,6.0,0,24.4,0.4,16.2,35.0,27.4,22.185714285714287,1.0
2019-05-08,46.13210000105991,-73.50450000019725,5.0,1,11.4,0.0,18.6,27.0,55.2,11.535714285714286,5.0
2022-08-06,46.06120910018019,-69.46118674129634,8.0,0,29.6,0.1,15.8,49.0,34.4,25.892857142857142,4.0
2018-06-28,48.69120000056583,-76.28599999973935,6.0,1,26.2,0.6,14.7,42.0,14.2,20.957142857142856,10.0
2024-06-04,58.66290846204617,-75.16365335926109,6.0,0,18.3,7.6,34.8,63.0,17.2,7.9071428571428575,1.0
2020-06-22,49.46340000110698,-70.33670000055596,6.0,1,27.3,2.0,17.6,49.0,16.2,20.778571428571432,1.0
2020-05-18,46.51530000114724,-74.99739999968264,5.0,1,16.8,0.0,15.8,23.0,9.5,9.507142857142856,3.0
2021-06-20,56.11521949118361,-73.59247112610588,6.0,0,18.2,0.5,14.8,49.0,26.9,10.357142857142856,3.0
2021-05-02,46.06140000080664,-73.7368000002387,5.0,1,13.7,0.0,18.0,27.0,40.1,12.285714285714286,2.0
2023-06-27,52.450119092618486,-57.5869353636334,6.0,0,20.0,0.0,26.6,47.0,61.9,16.71428571428571,2.0
2023-09-25,45.51936755952112,-67.85564842258638,9.0,0,16.8,0.0,19.4,50.0,141.79999999999998,20.07857142857143,6.0
2024-08-02,50.26890000000003,-79.00199999999995,8.0,1,30.4,0.1,17.5,43.0,46.8,24.05714285714286,3.0
2020-06-22,48.207600001265455,-70.10050000009386,6.0,1,28.6,0.6,8.2,58.0,19.2,23.264285714285712,9.0
2022-06-27,56.81009232450533,-75.8094218834331,6.0,0,12.6,6.8,30.8,49.0,53.7,16.185714285714287,1.0
2019-08-25,45.45990000111445,-75.78670000000844,8.0,1,24.7,0.0,10.8,38.0,25.8,25.192857142857147,4.0
2024-07-18,49.82092502357156,-69.55428592237429,7.0,0,21.7,7.9,14.6,57.0,47.7,24.835714285714285,1.0
2023-08-02,56.18286294191781,-69.17192518701229,8.0,0,16.1,8.4,14.7,66.0,33.800000000000004,18.15,2.0
2023-05-08,51.704470528453655,-70.8834831331196,5.0,0,1.7,0.4,25.7,49.0,3.8,6.421428571428572,5.0
2018-08-09,45.872963488450885,-74.39838391960176,8.0,0,24.2,4.2,17.8,57.0,42.6,24.492857142857144,1.0
2021-09-11,46.27430000137838,-73.97389999942256,9.0,1,19.9,0.8,21.1,52.0,77.3,18.77857142857143,2.0
2018-08-05,46.2711000012202,-73.55330000061187,8.0,1,29.4,0.0,13.9,54.0,106.8,24.435714285714287,1.0
2024-06-03,50.28130000000005,-70.30249999999995,6.0,1,24.8,0.0,14.2,29.0,37.8,16.65,4.0
2024-09-14,46.4359564271256,-73.27082533158375,9.0,0,23.2,0.0,9.7,56.0,30.6,20.37142857142857,2.0
2019-06-23,46.384042930906766,-76.13671019297587,6.0,0,25.6,0.0,17.9,33.0,56.4,20.56428571428572,3.0
2019-06-17,50.75511493069939,-74.99325783542679,6.0,0,12.2,0.0,19.1,62.0,89.5,14.178571428571429,1.0
2024-06-28,47.91754507229525,-75.2389162936297,6.0,0,19.2,0.1,16.4,41.0,37.4,21.871428571428567,2.0
2023-08-11,49.54020801654019,-78.63454902949562,8.0,0,16.6,0.7,16.4,65.0,42.3,21.478571428571428,1.0
2023-08-09,51.46280000011996,-78.65470000010487,8.0,1,25.2,4.8,16.8,57.0,15.9,20.057142857142853,1.0
2018-05-16,45.7678000012492,-71.3678000004119,5.0,1,18.5,0.0,18.8,33.0,37.9,17.485714285714288,1.0
2019-09-15,57.7099300164902,-66.07319057861757,9.0,0,11.6,0.0,19.4,57.0,26.4,7.985714285714287,5.0
2019-09-14,56.06994824405806,-66.77963685901722,9.0,0,9.8,2.3,11.8,75.0,42.2,8.735714285714286,4.0
2020-06-19,47.46530000122392,-69.92199999992418,6.0,1,31.0,0.0,28.8,33.0,12.0,20.67142857142857,8.0
2023-07-04,50.431066307448646,-73.37650408774874,7.0,0,29.1,0.0,8.3,38.0,35.300000000000004,24.22142857142857,2.0
2019-06-10,51.028690286266674,-66.89402979698858,6.0,0,17.3,0.0,11.4,42.0,62.2,7.514285714285714,3.0
2018-05-24,49.10570000110966,-68.36690000068045,5.0,1,8.8,2.4,16.3,55.0,24.8,10.064285714285717,2.0
2020-08-09,58.32215686747544,-74.63537456487116,8.0,0,21.8,0.0,20.6,36.0,5.1,20.685714285714287,8.0
2021-06-22,51.84264738868704,-69.38274742002778,6.0,0,16.9,1.0,25.5,54.0,50.5,15.971428571428572,1.0
2023-07-01,54.667800000369766,-73.13559999993998,7.0,1,26.2,0.2,24.5,36.0,10.4,22.014285714285712,4.0
2024-09-09,54.19703501278294,-77.56596675324207,9.0,0,10.1,0.2,27.6,80.0,36.3,15.2,4.0
2021-06-17,53.5018965667422,-69.65464444050914,6.0,0,11.9,2.3,21.9,69.0,62.8,11.357142857142858,1.0
2019-05-13,50.16334901863243,-62.548232294960485,5.0,0,4.2,0.0,19.1,85.0,26.200000000000003,4.121428571428571,1.0
2024-06-25,49.02950000000004,-71.06849999999997,6.0,1,26.4,0.0,19.5,35.0,44.9,21.96428571428571,2.0
2023-05-11,47.3428999998352,-78.99220000032972,5.0,1,24.2,0.7,16.4,28.0,64.8,13.471428571428572,8.0
2022-06-24,55.44908412170178,-74.59686937971334,6.0,0,13.2,5.0,43.3,69.0,30.1,19.09285714285713,1.0
2022-07-26,56.48603161231034,-73.97519342312677,7.0,0,17.4,1.4,27.5,74.0,64.8,17.414285714285715,1.0
2023-06-01,49.586699999905136,-68.45340000010987,6.0,1,28.8,1.1,19.2,32.0,39.9,16.292857142857144,7.0
2023-09-01,45.66734530024508,-65.5591754650873,9.0,0,20.3,0.0,13.0,46.0,50.2,21.40714285714285,2.0
2020-06-11,48.45530000105435,-72.33160000062912,6.0,1,26.2,0.2,35.8,36.0,46.4,16.857142857142858,1.0
2018-07-16,47.59799566791271,-76.69261909133674,7.0,0,29.0,0.2,15.1,42.0,43.4,25.82857142857143,2.0
2019-07-20,58.2935651954718,-76.72474980141908,7.0,0,14.7,3.0,31.8,84.0,55.5,17.035714285714285,1.0
2018-05-28,55.80135441837808,-64.84556993113713,5.0,0,6.3,4.5,20.7,65.0,13.9,-1.164285714285714,6.0
2018-05-25,57.94259612528383,-79.0766365002784,5.0,0,-1.5,0.0,31.8,75.0,11.2,-3.9214285714285713,1.0
2024-07-04,53.33303701547568,-78.02997236859584,7.0,0,15.5,1.6,23.6,63.0,27.3,18.471428571428568,1.0
2020-05-27,45.13970000059307,-72.51330000056227,5.0,1,33.7,0.0,12.3,24.0,20.1,19.607142857142858,12.0
2018-07-21,51.81480000077136,-62.33659999941257,7.0,1,26.7,5.9,14.0,52.0,29.0,20.842857142857145,3.0
2024-06-16,52.12325304001803,-77.8178069580739,6.0,0,25.9,8.4,25.3,38.0,42.5,21.707142857142856,4.0
2021-07-17,49.87847301694865,-72.68278296999154,7.0,0,24.8,0.0,13.2,40.0,102.1,20.807142857142857,1.0
2018-06-12,46.68230000126905,-70.15170000040192,6.0,1,23.6,0.0,28.0,27.0,23.6,17.935714285714287,5.0
2021-08-26,47.76950000084645,-70.34670000035639,8.0,1,29.8,2.0,17.2,46.0,17.8,27.678571428571427,3.0
2020-05-24,50.01740000055283,-66.92189999960917,5.0,1,12.6,0.0,12.2,33.0,5.0,10.921428571428567,12.0
2023-07-14,49.06099216503213,-68.10102751268806,7.0,0,17.2,8.0,35.1,82.0,68.8,15.714285714285712,1.0
2024-08-08,46.68728044771528,-67.04644860070924,8.0,0,22.6,0.0,11.7,43.0,37.1,24.04285714285714,2.0
2021-06-01,45.62760000108407,-76.21290000052113,6.0,1,22.4,0.1,18.6,36.0,5.2,21.928571428571427,6.0
2019-08-22,50.859404719067406,-71.24800940404461,8.0,0,17.8,18.4,25.3,71.0,62.4,18.61428571428572,1.0
2021-05-01,49.17090000134786,-68.46130000044737,5.0,1,8.2,0.0,30.8,21.0,43.5,8.87857142857143,5.0
2024-06-28,46.45853298301317,-71.92307390387896,6.0,0,19.7,0.0,15.8,41.0,118.5,24.41428571428571,1.0
2018-07-08,49.0663000011939,-73.96929999979366,7.0,1,28.0,0.0,28.1,40.0,28.3,24.85714285714285,2.0
2020-05-10,46.61857295598219,-58.06222584143758,5.0,0,3.5,2.9,70.6,68.0,82.3,3.7,1.0
2022-07-27,46.4036000000001,-74.858,7.0,1,24.9,0.0,12.4,46.0,50.6,24.935714285714283,2.0
2023-08-11,51.45348898955373,-73.29925169101068,8.0,0,17.7,8.0,10.5,78.0,57.1,17.40714285714286,1.0
2023-07-22,53.540999999650296,-78.13030000004494,7.0,1,22.4,0.0,11.5,42.0,54.5,20.678571428571427,3.0
2024-07-08,51.82650000000008,-77.89279999999997,7.0,1,25.5,13.6,15.8,59.0,46.7,21.11428571428572,4.0
2023-08-25,49.10679999972024,-79.33260000028974,8.0,1,18.0,5.6,17.6,82.0,42.6,21.50714285714286,5.0
2018-06-28,49.47370000121652,-72.53030000017849,6.0,1,29.2,0.1,14.8,26.0,11.8,21.3,10.0
2021-09-15,58.50353498601325,-77.1463529088934,9.0,0,9.3,4.2,25.9,65.0,13.9,12.535714285714285,6.0
2023-09-19,58.60585103554867,-67.23772317919021,9.0,0,4.7,0.0,18.7,80.0,10.7,6.628571428571427,6.0
2023-07-02,56.923100000164936,-66.0653999998101,7.0,1,24.3,1.4,10.9,50.0,9.5,19.75714285714286,5.0
2024-07-08,51.17750000000007,-59.11789999999996,7.0,1,28.6,0.1,15.1,38.0,53.3,21.56428571428571,3.0
2020-05-18,55.91813053951815,-71.68686082678678,5.0,0,-0.3,0.0,20.6,72.0,20.5,-1.821428571428572,6.0
2020-06-24,58.30143934875931,-58.05044088365891,6.0,0,6.0,1.1,22.3,87.0,10.0,5.121428571428572,12.0
2022-09-20,49.226000000000056,-72.9923,9.0,1,15.2,0.0,18.4,54.0,40.0,19.72857142857143,6.0
2024-05-25,46.23600000000005,-74.40899999999992,5.0,1,17.3,0.6,9.3,44.0,32.1,19.985714285714288,2.0
2022-05-12,46.69686564496843,-77.24651987184856,5.0,0,28.3,0.0,18.2,22.0,10.6,14.97142857142857,8.0
2021-08-12,54.3475022143159,-79.45797040960805,8.0,0,16.9,5.5,38.1,75.0,38.1,13.885714285714286,1.0
2020-09-11,57.04570212756093,-78.39826608026074,9.0,0,8.1,1.2,47.7,82.0,52.3,10.214285714285712,1.0
2023-09-13,49.81626156076213,-79.47217871463553,9.0,0,12.3,12.1,20.1,65.0,60.7,20.807142857142857,1.0
2021-07-10,46.0901000011857,-73.95779999954726,7.0,1,24.2,0.0,11.2,37.0,72.6,22.357142857142858,1.0
2020-06-11,47.05060000066819,-74.61229999980908,6.0,1,21.0,8.2,33.7,50.0,78.7,16.72857142857143,1.0
2020-06-04,47.09789676969216,-69.87114847386265,6.0,0,18.1,0.6,23.6,47.0,25.3,20.12142857142857,4.0
2021-08-10,46.928517421467184,-68.09455263636039,8.0,0,27.9,0.0,13.0,54.0,37.0,22.235714285714284,3.0
2018-05-13,45.68600000063794,-74.32979999976781,5.0,1,19.3,0.0,12.7,28.0,35.1,17.357142857142858,3.0
2018-06-30,46.360500000600425,-77.96749999950046,6.0,1,30.5,5.6,18.1,60.0,11.6,23.37142857142857,3.0
2018-08-11,54.3426034353654,-69.98718684186545,8.0,0,11.6,0.8,30.2,50.0,62.0,12.878571428571428,1.0
2018-05-14,45.86130000109221,-73.90149999951164,5.0,1,22.7,0.0,19.3,27.0,32.8,17.485714285714284,4.0
2024-06-05,52.22130000000004,-67.92429999999995,6.0,1,25.2,7.6,11.3,40.0,75.10000000000001,13.728571428571428,6.0
2024-05-28,52.44550247798635,-72.35570343080902,5.0,0,10.3,30.3,27.4,72.0,81.10000000000001,14.35,1.0
2022-09-28,52.38825523474338,-71.2977174216406,9.0,0,8.0,3.8,18.2,80.0,60.2,8.907142857142857,5.0
2022-08-19,49.62946751209856,-71.55757592905992,8.0,0,25.7,0.9,11.7,43.0,18.4,21.585714285714285,4.0
2023-05-12,45.81978659972451,-79.3050715208079,5.0,0,22.3,0.0,16.1,41.0,68.1,13.914285714285716,5.0
2020-08-25,48.15260000097971,-66.82119999991943,8.0,1,19.2,16.6,21.9,66.0,45.1,20.485714285714288,2.0
2022-07-28,57.61161222612073,-78.38427747262415,7.0,0,11.6,0.0,28.5,81.0,19.2,9.407142857142857,3.0
2021-06-19,55.89866317386424,-73.03790658838031,6.0,0,15.6,0.0,17.9,46.0,30.0,9.528571428571428,1.0
2021-06-08,49.65620000086044,-68.82360000047534,6.0,1,22.9,0.0,18.9,36.0,23.6,17.642857142857142,1.0
2023-06-05,51.09449999957536,-73.16459999998995,6.0,1,18.0,0.0,31.6,44.0,11.4,15.95,8.0
2018-05-14,47.28280000086683,-72.83899999964655,5.0,1,23.3,0.0,20.5,28.0,44.9,16.528571428571432,4.0
2024-05-21,47.24250000000007,-79.36529999999993,5.0,1,25.6,0.0,10.7,41.0,11.8,18.81428571428572,2.0
2024-06-03,52.14197397183795,-73.12658104134435,6.0,0,24.6,0.0,13.4,27.0,70.5,16.62857142857143,6.0
2023-06-01,46.95260000009,-74.26959999994,6.0,1,30.8,1.3,13.1,28.0,30.5,19.057142857142853,8.0
2023-05-19,50.30000000029981,-66.41180000036968,5.0,1,12.0,0.7,22.3,44.0,13.5,11.642857142857144,4.0
2019-06-13,57.543567623257736,-69.22805385283462,6.0,0,11.2,0.0,25.6,49.0,33.2,12.45,1.0
2020-06-15,49.775473149532544,-58.2999743966034,6.0,0,7.1,0.0,28.7,75.0,81.7,8.428571428571427,2.0
2021-06-18,47.90810000125067,-77.9330000006761,6.0,1,26.6,6.6,20.8,42.0,12.2,23.264285714285712,13.0
2022-05-05,46.327000000000055,-73.60379999999992,5.0,1,14.0,0.0,17.7,32.0,26.5,11.728571428571428,1.0
2020-05-25,48.0594000013084,-65.25250000033614,5.0,1,20.9,0.0,26.6,39.0,6.3,13.100000000000003,7.0
2023-05-26,45.08470000030485,-72.33869999970517,5.0,1,17.2,0.0,14.6,32.0,24.7,16.714285714285715,2.0
2024-07-08,52.08440000000007,-67.74859999999995,7.0,1,27.0,1.3,20.4,38.0,71.2,18.964285714285715,4.0
2021-08-28,46.79905432174033,-74.1187636700827,8.0,0,16.3,1.6,12.6,70.0,10.2,24.79285714285714,5.0
2018-08-03,49.15970000064708,-74.05960000050192,8.0,1,23.3,6.1,16.1,47.0,117.3,24.892857142857142,1.0
2024-06-05,52.16670000000005,-67.42669999999998,6.0,1,25.0,1.0,12.1,41.0,80.8,13.564285714285711,6.0
2024-06-05,52.42570000000007,-67.58879999999994,6.0,1,24.6,0.0,14.5,43.0,86.1,13.171428571428573,6.0
2020-08-20,50.27370000077289,-66.00920000003116,8.0,1,20.2,1.3,24.0,36.0,37.5,21.75,1.0
2022-08-15,56.47191437683318,-57.409841852960014,8.0,0,9.6,0.1,30.6,87.0,50.3,9.978571428571428,8.0
2023-05-31,49.73710000006503,-74.99460000028972,5.0,1,30.2,0.0,21.0,25.0,16.7,15.578571428571427,8.0
2024-07-08,52.62890000000005,-67.33829999999996,7.0,1,25.8,1.5,25.1,40.0,60.6,17.585714285714285,1.0
2021-05-20,48.573148390887496,-70.75280242802374,5.0,0,24.6,0.7,21.3,40.0,35.9,14.171428571428574,2.0
2023-06-01,48.83779999997006,-64.69049999997497,6.0,1,31.5,0.0,14.6,28.0,57.3,18.25,6.0
2021-06-27,56.22579243428903,-68.5742905008328,6.0,0,11.3,0.0,14.8,55.0,43.4,15.914285714285716,1.0
2024-09-27,48.30391042982866,-70.3919397541517,9.0,0,15.9,1.1,10.0,70.0,28.2,19.06428571428572,1.0
2019-07-17,50.90020543928426,-76.69846507541476,7.0,0,19.0,0.2,31.8,42.0,26.1,23.78571428571428,1.0
2020-06-20,49.62420000123786,-77.54489999999502,6.0,1,31.2,0.0,14.4,34.0,24.3,20.585714285714285,8.0
2018-05-22,48.59150000134675,-78.20529999961738,5.0,1,23.1,0.1,18.0,29.0,29.6,14.364285714285716,3.0
2022-05-23,50.50127344511585,-79.232977814699,5.0,0,18.5,0.0,17.8,24.0,56.6,18.84285714285713,3.0
2018-07-10,56.270749182619966,-64.37918446952655,7.0,0,10.5,3.2,14.9,69.0,68.89999999999999,13.264285714285714,1.0
2020-05-26,46.326700000951845,-72.71520000052895,5.0,1,30.7,0.2,16.8,42.0,11.0,18.664285714285715,1.0
2018-08-17,46.30730000057939,-71.57369999980506,8.0,1,24.2,17.4,10.7,53.0,48.0,25.74285714285714,2.0
2020-07-10,48.79405350880943,-73.59818318922534,7.0,0,29.9,0.5,15.8,46.0,35.4,22.821428571428573,2.0
2020-07-09,51.79647613158717,-61.8594656108985,7.0,0,21.8,2.7,11.6,59.0,25.5,20.65,1.0
2018-05-09,48.57030000124868,-72.23390000001922,5.0,1,11.0,0.0,11.1,37.0,45.4,10.871428571428572,1.0
2021-06-10,46.759900001140814,-73.8907999996372,6.0,1,18.8,0.0,14.3,32.0,18.7,20.871428571428577,4.0
2023-05-13,45.07620000042971,-73.20419999963025,5.0,1,18.8,0.0,29.1,34.0,48.8,16.8,1.0
2018-05-08,57.49595358544822,-60.4996821222384,5.0,0,-1.5,4.8,39.0,74.0,36.1,-1.1142857142857143,1.0
2019-08-17,53.49702407130369,-71.10610546766384,8.0,0,20.2,3.7,29.8,57.0,39.8,16.37142857142857,3.0
2019-05-10,54.5731745774853,-66.33567723492322,5.0,0,3.7,1.1,20.2,77.0,64.3,0.1642857142857143,2.0
2023-06-01,49.43500000005002,-77.22149999982508,6.0,1,32.1,2.0,15.8,27.0,12.3,18.578571428571426,9.0
2020-06-18,47.59730000093956,-71.09480000047975,6.0,1,28.1,0.0,15.9,34.0,24.1,16.13571428571429,5.0
2024-07-08,51.92250000000007,-70.49849999999998,7.0,1,23.9,1.7,21.4,48.0,67.1,17.835714285714285,4.0
2021-07-25,48.96700000051909,-66.953900000162,7.0,1,25.1,4.3,28.2,43.0,39.8,22.057142857142853,4.0
2020-05-20,50.27020000106111,-66.28679999944809,5.0,1,14.8,0.0,13.4,39.0,2.0,9.392857142857142,14.0
2020-05-14,48.71980000115332,-67.40169999954631,5.0,1,11.2,0.0,27.8,33.0,52.1,7.792857142857143,2.0
2018-07-18,45.3800441672062,-57.83300106128563,7.0,0,16.2,2.1,45.9,93.0,92.7,13.257142857142856,2.0
2020-08-08,52.15872427192661,-70.443244271877,8.0,0,22.4,2.5,28.3,50.0,95.3,18.77142857142857,2.0
2023-09-06,55.93298727551924,-67.65285976264718,9.0,0,18.4,8.9,24.0,74.0,51.3,14.757142857142858,1.0
2022-05-14,55.38133764467927,-62.807161140700046,5.0,0,1.2,0.0,25.8,76.0,11.6,1.8357142857142856,3.0
2021-08-26,50.11918813886303,-75.00167929871085,8.0,0,19.5,6.8,22.4,65.0,14.6,25.571428571428573,4.0
2021-09-01,47.765700000724834,-69.31570000038727,9.0,1,16.4,0.7,12.9,59.0,13.9,25.335714285714285,2.0
2021-05-20,49.74030000135522,-67.93739999970664,5.0,1,21.5,0.9,12.2,49.0,30.0,11.228571428571426,1.0
2019-07-07,48.857500000582405,-72.86709999961037,7.0,1,22.4,0.0,16.5,31.0,62.8,24.37857142857144,1.0
2019-07-27,52.55385853380187,-59.30586768729209,7.0,0,26.7,0.0,22.8,45.0,33.4,18.242857142857144,3.0
2018-06-30,46.92210000087164,-78.79599999934668,6.0,1,29.7,15.0,21.0,60.0,21.0,23.542857142857144,6.0
2022-05-08,46.274500000000046,-71.94169999999997,5.0,1,16.6,0.0,12.1,20.0,21.3,13.764285714285714,4.0
2019-07-26,47.58430000053559,-69.77739999995559,7.0,1,26.5,0.0,16.2,55.0,63.7,23.88571428571429,3.0
2022-06-13,51.00109262268498,-70.55938546172254,6.0,0,17.8,14.3,17.9,60.0,32.2,15.628571428571428,1.0
2021-05-01,45.71760000137505,-75.78589999968202,5.0,1,9.1,1.8,27.2,35.0,26.5,11.528571428571428,1.0
2024-09-02,48.21870914878551,-68.75041447507685,9.0,0,14.8,0.0,22.6,56.0,61.0,21.13571428571429,1.0
2020-06-11,46.21784581252648,-78.66625682523376,6.0,0,19.2,7.6,33.0,53.0,52.3,20.42142857142857,1.0
2021-09-17,45.81879980851345,-68.62319877739225,9.0,0,21.9,0.0,12.2,57.0,88.8,20.692857142857143,2.0
2020-06-22,49.45022867983272,-77.15768814066507,6.0,0,25.9,5.3,10.6,51.0,25.6,22.62857142857143,1.0
2018-06-15,49.17570000058417,-71.95099999936345,6.0,1,24.9,0.0,14.5,27.0,37.8,17.171428571428567,1.0
2022-07-24,48.9185,-70.37,7.0,1,25.6,3.4,16.7,48.0,54.6,21.057142857142853,1.0
2022-09-23,47.12502245391482,-63.615211835296506,9.0,0,17.0,18.4,60.8,75.0,48.1,17.735714285714288,1.0
2023-07-10,53.67306261679624,-72.82840995493869,7.0,0,24.9,0.1,28.8,53.0,49.4,23.5,1.0
2018-06-12,47.74330000076986,-69.43440000011898,6.0,1,23.7,0.3,39.3,34.0,15.8,16.949999999999996,4.0
2023-07-27,53.51524002224424,-73.2356953461918,7.0,0,14.9,0.9,27.6,60.0,61.6,20.65,1.0
2022-06-10,47.13203619924908,-78.61089246526377,6.0,0,19.5,1.3,17.3,41.0,50.9,19.85714285714285,1.0
2021-06-17,48.12040000079406,-79.27250000007422,6.0,1,26.1,0.0,23.5,26.0,11.5,22.65,3.0
2021-05-16,49.21248341797581,-73.2482966443007,5.0,0,18.8,0.7,9.2,39.0,20.9,11.764285714285714,6.0
2022-06-24,58.04899956630432,-61.61579243505177,6.0,0,6.4,0.0,33.4,91.0,53.3,3.850000000000001,1.0
2022-08-06,54.50684649264058,-71.21311950226531,8.0,0,15.8,34.2,39.6,83.0,68.5,17.25,2.0
2019-08-27,52.33844563082889,-59.694612367816745,8.0,0,24.1,0.0,13.2,41.0,37.8,18.31428571428572,4.0
2020-07-17,58.31755433285495,-72.1043858541815,7.0,0,21.8,5.6,20.4,62.0,30.4,19.2,1.0
2024-07-09,48.555045596076255,-71.87765740593123,7.0,0,24.2,26.5,20.3,66.0,72.5,23.42857142857144,5.0
2018-09-13,47.27575454552228,-60.06049678811496,9.0,0,17.0,0.0,26.6,82.0,23.9,18.678571428571427,1.0
2020-08-27,48.24282503218577,-58.871663468284765,8.0,0,13.4,15.8,33.6,80.0,101.9,20.192857142857143,1.0
2018-06-28,52.06750000107252,-68.55110000000495,6.0,1,25.9,2.5,17.0,35.0,23.8,13.935714285714289,2.0
2022-09-16,47.95079543978315,-76.40377022832297,9.0,0,13.6,0.2,12.8,48.0,25.8,20.678571428571427,3.0
2024-07-08,50.64750000000004,-79.16969999999998,7.0,1,28.0,9.0,13.4,46.0,38.1,22.44285714285714,4.0
2023-06-01,49.10400000009997,-72.16499999975014,6.0,1,29.5,0.9,17.1,38.0,34.9,18.321428571428573,8.0
2023-07-05,51.97080000021987,-77.93340000040968,7.0,1,30.6,14.9,22.3,54.0,18.4,26.2,4.0
2021-08-26,49.86120000060506,-67.87230000044802,8.0,1,21.9,5.9,17.5,76.0,24.1,24.75714285714286,2.0
2021-08-10,46.35150000060612,-73.66130000029072,8.0,1,28.5,0.3,13.0,56.0,25.3,22.38571428571429,1.0
2020-09-05,45.63940434031431,-70.30826119518144,9.0,0,17.2,0.1,20.7,45.0,33.2,18.607142857142858,3.0
2018-05-20,58.235145193937726,-57.82423297729791,5.0,0,-0.5,1.1,30.2,56.0,64.2,1.4071428571428573,1.0
2018-09-25,52.29528319826443,-77.61778961017103,9.0,0,13.1,4.9,26.1,56.0,65.5,12.657142857142858,1.0
2020-09-03,55.73474077616956,-66.21966424045709,9.0,0,15.7,0.8,37.2,54.0,114.3,11.407142857142857,1.0
2020-06-24,55.9722439857562,-79.41729793516645,6.0,0,10.8,0.0,33.7,75.0,23.8,8.035714285714286,7.0
2024-05-08,47.18697753364005,-70.11565282253682,5.0,0,10.2,3.5,22.6,59.0,21.6,11.65714285714286,3.0
2024-07-14,50.29980000000006,-66.38729999999998,7.0,1,24.2,0.0,11.9,56.0,36.4,23.692857142857143,5.0
2023-05-23,48.07199520932106,-67.28893232684274,5.0,0,17.7,0.0,20.2,34.0,34.2,13.014285714285716,2.0
2021-05-30,46.01900000077039,-74.07330000002123,5.0,1,16.3,0.4,13.1,34.0,12.8,20.971428571428568,4.0
2024-07-17,45.60790833961188,-76.52431111806892,7.0,0,26.3,1.5,17.1,56.0,49.8,26.86428571428571,1.0
2018-05-08,46.63410000140217,-73.82619999952409,5.0,1,19.2,0.0,18.7,35.0,79.5,11.978571428571428,3.0
2023-05-19,51.37132525219969,-71.36506228534098,5.0,0,4.5,11.4,20.4,57.0,8.1,9.064285714285717,2.0
2023-06-01,48.296899999835205,-76.1019000001848,6.0,1,30.9,0.9,16.5,29.0,36.6,18.407142857142865,8.0
2022-09-12,49.055785380021234,-70.95281696049003,9.0,0,23.1,0.2,9.6,67.0,70.2,20.54285714285714,3.0
2021-05-22,51.43584054965944,-64.36824629111595,5.0,0,8.6,1.5,12.9,85.0,32.4,5.271428571428571,1.0
2018-09-12,53.561403915012974,-64.09572154935847,9.0,0,18.9,0.0,23.0,60.0,45.5,13.285714285714286,4.0
2019-08-07,47.42690000124508,-70.45360000047219,8.0,1,26.5,1.0,14.8,66.0,25.4,25.321428571428573,4.0
2022-05-12,45.85360000000014,-74.26249999999999,5.0,1,27.2,0.0,13.5,23.0,4.8,15.69285714285714,8.0
2019-07-01,55.05899885058219,-62.00741596376133,7.0,0,16.0,0.1,20.0,64.0,37.5,12.185714285714283,3.0
2019-08-16,48.557966634021554,-76.22507997720697,8.0,0,22.3,0.0,11.5,40.0,54.1,20.67142857142857,5.0
2023-08-03,56.22644475442014,-65.37940442585217,8.0,0,16.7,0.7,11.1,51.0,45.7,16.000000000000004,1.0
2021-08-23,46.0193000011505,-77.186399999989,8.0,1,26.8,3.3,10.1,73.0,44.0,26.285714285714285,1.0
2021-06-18,55.359196560377256,-65.32975856098103,6.0,0,16.4,3.0,21.1,61.0,35.0,9.107142857142858,1.0
2024-09-26,58.49987919606347,-77.75647763865393,9.0,0,13.0,2.8,20.7,88.0,40.0,14.535714285714286,1.0
2024-06-21,50.14850000000007,-67.07789999999994,6.0,1,22.2,0.0,25.2,25.0,5.6,21.62857142857143,7.0
2022-08-17,58.36314345458024,-57.67859390420631,8.0,0,10.8,0.0,23.3,82.0,42.2,9.057142857142855,5.0
2019-09-15,56.393209119733285,-62.34304376440016,9.0,0,7.1,15.3,17.3,90.0,42.3,9.528571428571428,9.0
2020-07-01,48.26470000121973,-70.98149999991327,7.0,1,28.6,0.0,13.8,44.0,53.7,26.87857142857143,2.0
2018-08-16,51.85996498572341,-69.31743107592406,8.0,0,17.7,0.0,7.9,46.0,51.0,21.478571428571428,3.0
2024-06-09,51.15640000000008,-69.57049999999998,6.0,1,21.0,0.0,14.3,35.0,25.6,19.67142857142857,10.0
2023-07-10,47.86201137437641,-70.3523429839733,7.0,0,20.4,28.4,11.0,84.0,89.8,23.62857142857143,1.0
2021-06-18,52.62151113795787,-66.11634261136159,6.0,0,16.7,5.8,28.0,65.0,67.2,11.85,1.0
2019-07-06,53.080486662680016,-61.98146297524415,7.0,0,22.7,8.7,19.9,53.0,45.7,16.271428571428572,8.0
2023-06-01,49.51280000041976,-68.62389999998499,6.0,1,29.8,2.2,20.0,34.0,41.7,17.071428571428573,7.0
2022-07-21,46.86990000000014,-72.83089999999999,7.0,1,26.5,20.1,21.3,64.0,48.3,24.042857142857144,2.0
2024-09-27,55.24308420817543,-65.63008359693778,9.0,0,14.8,0.0,12.1,61.0,6.9,13.492857142857142,11.0
2021-06-08,49.09690000078943,-68.55729999976134,6.0,1,25.7,0.0,20.7,35.0,12.4,16.464285714285715,3.0
2022-08-02,56.423580022795846,-59.33198185642634,8.0,0,10.8,9.1,44.9,87.0,34.4,6.707142857142856,2.0
2022-05-06,46.707700000000045,-73.80869999999999,5.0,1,8.9,0.0,14.2,34.0,24.7,9.185714285714283,2.0
2019-06-15,52.02809576940871,-69.98967121731641,6.0,0,14.4,12.6,32.8,55.0,53.4,9.164285714285716,1.0
2018-05-09,58.49552448142547,-77.45359780567445,5.0,0,-5.5,3.3,30.0,73.0,26.3,-5.799999999999999,1.0
2023-06-01,48.78080000011994,-76.28689999963524,6.0,1,31.4,0.5,12.7,27.0,34.1,17.814285714285717,9.0
2019-07-20,45.071700000817685,-72.22560000048807,7.0,1,31.9,0.0,15.4,44.0,36.7,25.892857142857142,3.0
2023-06-23,46.27049999957535,-72.79380000016982,6.0,1,28.9,0.0,12.2,41.0,44.7,22.02142857142857,6.0
2024-09-19,48.96870000000007,-76.64599999999996,9.0,1,25.6,0.0,14.3,41.0,90.9,20.77857142857143,2.0
2020-05-19,52.67077372381394,-61.7911072549296,5.0,0,5.2,0.0,18.3,45.0,74.3,2.628571428571429,2.0
2020-07-10,47.06540000114744,-76.54080000045343,7.0,1,31.7,0.0,16.9,42.0,29.0,25.871428571428577,2.0
2020-09-29,45.802800001052205,-70.89120000019089,9.0,1,24.7,1.2,21.3,51.0,4.2,16.585714285714285,12.0
2022-07-31,46.26790000000005,-75.79610000000002,7.0,1,26.4,0.0,13.9,43.0,36.6,24.76428571428572,3.0
2023-06-17,48.17356097400576,-60.67860234738561,6.0,0,8.0,0.0,27.0,90.0,70.1,7.9071428571428575,1.0
2018-06-12,48.662100000799285,-67.78119999932892,6.0,1,24.5,2.5,36.4,33.0,21.8,15.135714285714286,4.0
2018-07-11,49.69490000072047,-68.18800000046345,7.0,1,15.8,0.0,14.0,47.0,38.8,23.72142857142857,2.0
2018-07-02,49.36870000124412,-68.23550000003326,7.0,1,24.4,11.4,14.1,44.0,18.2,20.121428571428577,2.0
2018-06-26,47.94330000125144,-72.2203999995571,6.0,1,22.2,0.0,17.9,33.0,73.3,19.935714285714287,8.0
2024-08-03,53.3506890844688,-75.09417204654045,8.0,0,19.7,13.3,28.9,59.0,81.5,21.45,1.0
2023-05-27,49.73449999977521,-74.5377999996702,5.0,1,26.9,3.5,20.1,33.0,21.1,11.035714285714288,4.0
2023-07-10,58.13739999981021,-67.47210000021482,7.0,1,27.7,4.9,25.8,48.0,17.700000000000003,23.35,3.0
2018-05-24,46.36760000078527,-71.84989999937743,5.0,1,18.6,0.0,18.1,30.0,24.4,18.821428571428573,1.0
2022-05-15,47.43320000000011,-74.63760000000002,5.0,1,20.6,16.6,15.6,62.0,6.4,15.207142857142856,11.0
2020-06-03,55.90938026961318,-64.06032552672835,6.0,0,3.5,11.4,35.8,85.0,51.7,3.364285714285714,1.0
2018-05-13,50.47286118516956,-78.01198309322592,5.0,0,15.8,0.0,29.1,26.0,31.3,7.635714285714286,3.0
2024-07-17,50.73100000000005,-74.20259999999996,7.0,1,23.0,28.3,14.9,60.0,35.7,23.57857142857143,2.0
2021-06-23,57.38153164054383,-77.90654553588782,6.0,0,6.6,0.6,38.1,74.0,23.7,2.657142857142857,1.0
2021-05-14,45.98220000069704,-74.15729999998922,5.0,1,18.8,0.2,16.6,28.0,44.2,11.7,3.0
2022-05-09,45.65769999999998,-76.10149999999999,5.0,1,20.7,0.0,12.6,22.0,51.6,13.478571428571428,5.0
2021-05-24,46.9265000010811,-71.34240000058023,5.0,1,17.7,0.0,17.6,28.0,23.0,19.85,1.0
2024-05-23,47.49110000000008,-79.31419999999997,5.0,1,20.5,0.1,37.2,25.0,14.5,20.02857142857143,1.0
2019-06-13,50.696400000653895,-62.3599999996614,6.0,1,22.5,0.3,23.2,26.0,55.4,13.778571428571428,1.0
2024-07-19,54.54611384990788,-77.74571672389948,7.0,0,14.5,2.3,20.9,51.0,40.3,19.05,1.0
2021-05-16,45.8747000007254,-74.65759999967734,5.0,1,20.3,1.4,8.6,38.0,16.2,13.914285714285713,5.0
2023-06-06,56.81882894549325,-65.86618322858774,6.0,0,13.9,0.0,17.6,32.0,34.7,9.914285714285713,2.0
2018-05-19,45.126000000531086,-71.501399999454,5.0,1,17.1,6.5,19.5,29.0,12.6,17.17142857142857,4.0
2023-07-07,49.60626593327397,-65.38624888580163,7.0,0,17.4,0.1,16.4,90.0,33.3,16.614285714285714,4.0
2024-06-22,52.21616137201531,-75.06930193847425,6.0,0,22.8,0.0,16.9,36.0,38.6,20.807142857142857,1.0
2019-05-23,51.180225313424266,-70.08211937159516,5.0,0,10.9,0.0,11.9,33.0,60.8,6.6,2.0
2021-05-15,45.09270000096154,-72.42120000013271,5.0,1,19.2,0.7,12.6,30.0,24.5,12.242857142857144,4.0
2021-08-27,56.838327869191474,-57.48473659784776,8.0,0,9.4,0.0,29.3,82.0,29.3,9.914285714285716,4.0
2023-06-10,51.67999999970027,-73.25979999967024,6.0,1,21.7,0.9,15.9,36.0,2.7,19.728571428571428,14.0
2021-09-14,49.03463164512132,-64.17866239479376,9.0,0,13.2,0.0,48.3,52.0,188.9,15.7,2.0
2020-08-05,58.61687449178534,-60.143485268280656,8.0,0,9.8,0.0,30.1,77.0,10.1,6.385714285714285,3.0
2021-09-04,47.75400000132762,-69.95350000066621,9.0,1,18.3,0.0,20.9,43.0,9.9,23.4,1.0
2018-07-25,53.682607748963775,-68.2547610794966,7.0,0,22.2,1.5,38.2,77.0,87.3,18.007142857142856,1.0
2019-07-21,51.50090000058617,-63.18079999979807,7.0,1,19.4,4.1,12.4,48.0,39.7,17.07142857142857,1.0
2022-09-16,57.72584332153239,-69.84433510882042,9.0,0,10.0,1.0,17.7,58.0,33.6,14.47857142857143,3.0
2023-07-17,53.44019999983016,-78.06010000031472,7.0,1,23.5,25.6,18.6,58.0,49.0,23.42142857142857,1.0
2018-06-25,47.55240000052992,-71.2358999998099,6.0,1,12.8,1.0,22.5,40.0,90.9,16.75,1.0
2021-05-02,47.73870000112511,-73.0039000003046,5.0,1,7.3,0.3,21.6,25.0,11.2,11.1,7.0
2018-05-12,50.29400153954332,-66.52359279026173,5.0,0,6.4,0.7,16.1,37.0,44.5,7.421428571428572,1.0
2023-09-28,50.93019999963036,-79.13099999975014,9.0,1,21.4,0.0,13.2,39.0,2.6,19.2,12.0
2020-06-16,45.215112205639294,-72.51779087788003,6.0,0,26.3,0.0,9.1,29.0,28.3,20.685714285714287,5.0
2024-05-08,48.04660000000007,-78.1656,5.0,1,12.8,0.0,17.9,43.0,37.5,13.028571428571428,3.0
2022-06-05,45.93833244197758,-69.17873512627081,6.0,0,15.7,1.9,16.3,49.0,70.8,18.785714285714285,1.0
2023-06-22,46.05372280835579,-59.521532875550335,6.0,0,16.3,0.0,31.4,65.0,49.7,9.507142857142856,3.0
2023-06-16,58.54524487217441,-66.20280607252253,6.0,0,11.0,0.0,23.5,44.0,5.0,11.571428571428571,4.0
2020-05-22,45.6535000013387,-74.18690000004167,5.0,1,28.4,0.0,16.7,22.0,13.4,14.457142857142856,7.0
2024-06-02,54.15440000000006,-72.42639999999994,6.0,1,21.6,1.5,25.3,51.0,33.6,12.042857142857144,1.0
2022-06-03,54.83017440530556,-72.28116606886583,6.0,0,15.8,0.0,28.0,52.0,26.1,8.071428571428571,5.0
2019-08-16,54.29241966071574,-72.66602812343781,8.0,0,19.8,1.1,28.1,58.0,66.1,15.971428571428572,2.0
2023-05-29,46.20259999979021,-73.49869999990506,5.0,1,21.3,0.0,13.7,26.0,53.1,18.464285714285715,5.0
2022-09-03,53.848787759512106,-59.64082655399504,9.0,0,20.9,0.0,20.4,44.0,74.3,17.407142857142855,2.0
2023-06-01,48.38369999975527,-76.63160000003995,6.0,1,30.5,1.0,11.4,31.0,34.300000000000004,18.442857142857147,9.0
2019-08-15,48.4986721900226,-70.87622248622074,8.0,0,19.8,0.0,8.7,48.0,94.7,20.457142857142856,2.0
2024-05-02,54.53126457137669,-78.39015166066451,5.0,0,12.2,0.0,24.0,59.0,15.5,0.2857142857142855,4.0
2022-07-16,51.04490000000004,-75.9282,7.0,1,21.9,12.2,22.4,50.0,38.6,17.871428571428574,5.0
2024-06-05,48.60130000000004,-70.75979999999998,6.0,1,23.2,8.6,10.1,52.0,57.3,18.007142857142856,8.0
2020-05-14,45.73680000067341,-75.10809999951698,5.0,1,15.3,0.0,11.2,24.0,34.3,10.285714285714288,5.0
2021-07-13,50.39160000069734,-75.5356000002857,7.0,1,26.9,0.0,18.4,35.0,18.2,21.35,2.0
2023-06-15,49.78929999979522,-74.54349999992502,6.0,1,21.6,4.6,22.0,50.0,11.8,21.785714285714285,10.0
2023-06-05,50.90550000002503,-72.50399999990003,6.0,1,19.8,1.5,24.0,41.0,18.6,17.37857142857143,12.0
2023-06-01,49.375399999910144,-69.78989999988505,6.0,1,27.3,1.5,18.7,37.0,30.1,15.835714285714284,8.0
2024-08-15,48.27477550693392,-72.31419859398486,8.0,0,26.5,0.1,10.9,50.0,51.7,23.06428571428572,5.0
2018-09-10,46.55190000059538,-76.2147999997472,9.0,1,16.2,5.3,15.2,51.0,38.2,21.87142857142857,5.0
2020-08-24,46.80381537509679,-66.86906140293259,8.0,0,24.0,0.0,10.3,41.0,17.7,22.178571428571427,1.0
2021-05-01,49.38770000126704,-67.55089999979178,5.0,1,9.4,0.5,35.4,25.0,56.6,7.549999999999999,4.0
2023-06-10,50.06300000044973,-66.91849999987505,6.0,1,14.6,0.0,11.4,73.0,59.8,16.507142857142856,1.0
2018-08-15,46.639472278664286,-78.94662308319936,8.0,0,21.7,0.0,12.5,61.0,59.1,25.4,4.0
2023-07-14,48.47039999956036,-67.09759999974017,7.0,1,24.0,2.5,24.5,69.0,60.9,25.36428571428571,1.0
2020-05-24,47.96700000110655,-68.95050000031425,5.0,1,20.7,0.0,12.1,30.0,11.1,11.635714285714286,8.0
2021-05-14,48.44000000094693,-71.57250000000813,5.0,1,15.6,0.0,12.0,27.0,37.8,11.614285714285712,3.0
2023-06-05,46.03598296230084,-66.21422098422028,6.0,0,10.4,12.0,22.5,87.0,30.2,19.26428571428571,1.0
2019-07-09,50.074379891539046,-62.72700126270792,7.0,0,14.9,0.1,32.4,60.0,19.8,13.314285714285711,11.0
2023-08-24,56.832406534641294,-74.47263493187862,8.0,0,16.3,7.3,37.0,72.0,25.0,16.364285714285714,2.0
2020-06-02,54.02282141640909,-78.75292255818448,6.0,0,13.7,0.0,19.7,37.0,38.1,10.45714285714286,3.0
2024-05-07,52.85972998313249,-76.73481707497486,5.0,0,5.6,0.1,19.8,63.0,42.6,5.578571428571428,1.0
2024-08-08,54.070106857227344,-65.97501080418985,8.0,0,14.8,1.1,21.5,61.0,26.1,19.842857142857145,1.0
2020-05-24,45.49060000060199,-75.76169999992446,5.0,1,27.4,0.0,13.7,29.0,15.9,17.528571428571432,9.0
2020-06-15,47.080753181768486,-66.6599950784224,6.0,0,19.3,0.0,10.2,32.0,20.3,15.407142857142858,4.0
2020-06-22,49.563900001128914,-69.66670000051018,6.0,1,26.1,6.3,12.9,59.0,16.0,20.628571428571423,2.0
2021-06-18,50.75980000126145,-74.7617999994288,6.0,1,25.1,9.0,21.1,42.0,22.1,18.342857142857145,2.0
2019-05-03,50.5265333337339,-75.12025014679185,5.0,0,5.7,0.0,15.3,59.0,40.1,3.107142857142857,6.0
2024-05-03,47.592296723807465,-60.98029680593797,5.0,0,4.3,1.4,40.1,87.0,20.8,3.0285714285714285,9.0
2019-06-11,49.07293290642408,-62.993400363219045,6.0,0,11.7,0.0,16.4,71.0,43.5,11.671428571428573,4.0
2024-09-11,48.92687208981794,-61.20690650413867,9.0,0,14.2,0.0,20.6,66.0,29.700000000000003,16.82857142857143,2.0
2020-05-20,58.7091424289455,-61.06695260740759,5.0,0,3.2,0.4,34.8,73.0,41.3,0.6428571428571429,2.0
2021-05-31,45.57010000064279,-75.76069999995659,5.0,1,22.9,0.0,11.2,24.0,4.5,22.571428571428577,5.0
2022-07-23,48.79070000000007,-69.2054,7.0,1,27.3,0.7,18.8,48.0,51.5,24.17142857142857,2.0
2021-05-21,57.75012146252244,-72.83104872038575,5.0,0,4.8,0.0,16.0,56.0,16.1,2.442857142857143,1.0
2023-08-22,55.13930077094775,-62.1654755163203,8.0,0,11.0,0.8,28.4,58.0,28.5,15.099999999999998,1.0
2024-06-19,50.25950000000006,-66.90339999999998,6.0,1,34.1,0.5,19.5,38.0,10.6,20.81428571428571,5.0
2021-05-18,46.970700001173846,-70.58720000001496,5.0,1,20.2,0.2,20.3,32.0,30.3,13.528571428571428,5.0
2019-09-25,46.64140000121216,-71.94629999945859,9.0,1,14.5,0.0,13.2,69.0,64.4,19.592857142857145,1.0
2020-09-15,58.10529801973851,-57.79867199031548,9.0,0,8.2,8.4,75.0,74.0,40.3,9.414285714285713,1.0
2018-05-17,46.81300000111317,-70.72890000056334,5.0,1,11.7,2.1,16.3,47.0,46.2,15.542857142857144,7.0
2024-06-05,50.417800000000064,-69.29189999999994,6.0,1,26.4,0.2,10.0,34.0,28.6,16.971428571428568,7.0
2024-05-12,49.34130000000005,-72.02259999999994,5.0,1,17.1,0.0,12.9,29.0,20.2,13.792857142857144,6.0
2021-05-20,45.64610000127144,-76.04119999992305,5.0,1,24.7,0.2,8.4,46.0,26.1,17.064285714285713,9.0
2020-08-23,46.7169694229503,-60.57413629562463,8.0,0,20.7,0.0,19.2,41.0,32.7,21.52142857142857,2.0
2022-06-02,45.88775063125467,-63.56854118004519,6.0,0,13.8,0.0,26.8,59.0,31.8,18.35,3.0
2019-07-14,54.55894356535906,-76.57636465734285,7.0,0,21.6,0.4,23.1,46.0,32.3,19.1,1.0
2021-07-25,48.98170000125417,-73.50279999947757,7.0,1,21.4,24.5,23.6,60.0,55.9,22.935714285714287,9.0
2019-07-31,49.98080000061165,-70.59619999991534,7.0,1,22.4,0.0,20.7,41.0,50.4,21.278571428571432,1.0
2023-05-10,48.84009999991514,-68.87009999961526,5.0,1,9.5,0.0,14.5,50.0,28.6,10.942857142857145,7.0
2021-09-04,45.54889638790294,-74.58781761765562,9.0,0,22.4,0.0,11.5,50.0,33.4,25.91428571428572,5.0
2022-08-22,48.01092425956508,-59.708449434355416,8.0,0,19.2,0.0,38.5,90.0,35.5,19.142857142857142,3.0
2018-09-12,48.72830488703295,-58.34542047519971,9.0,0,17.3,11.2,13.1,78.0,59.7,16.264285714285712,4.0
2021-05-19,49.09140000056995,-72.04629999978415,5.0,1,22.4,0.0,14.3,34.0,26.8,14.8,1.0
2020-06-28,49.49660000096846,-74.74559999974461,6.0,1,22.9,3.7,10.1,58.0,41.9,24.59285714285713,1.0
2019-07-11,47.15940000049107,-73.62170000056888,7.0,1,23.4,7.2,24.2,72.0,29.0,24.63571428571429,5.0
2020-05-21,48.15050000090452,-66.48559999979622,5.0,1,25.3,0.0,20.3,28.0,12.4,11.75,9.0
2019-05-25,57.29658445649902,-73.21663882662509,5.0,0,8.1,0.2,16.1,49.0,12.7,4.878571428571428,12.0
2020-06-14,46.08971399985444,-65.77744612267682,6.0,0,16.9,0.0,17.8,47.0,33.1,19.635714285714283,2.0
2021-05-21,45.61170000092479,-74.47459999937671,5.0,1,30.2,0.0,12.3,37.0,7.2,19.878571428571423,10.0
2024-07-01,52.18050000000005,-73.10309999999998,7.0,1,23.1,0.9,24.5,38.0,48.2,20.335714285714285,1.0
2021-06-15,45.43760000054968,-72.15420000014419,6.0,1,21.7,10.7,14.7,56.0,37.9,24.285714285714285,1.0
2020-05-22,48.465900000540735,-76.62250000004732,5.0,1,19.1,0.0,14.1,28.0,8.7,7.6,7.0
2019-06-06,52.32003260653482,-75.78720978329349,6.0,0,13.3,0.7,27.5,34.0,18.5,10.114285714285714,1.0
2024-09-19,46.40140000000008,-72.70369999999997,9.0,1,25.1,0.0,15.6,61.0,12.9,23.085714285714285,7.0
2023-06-12,52.52289999973527,-70.40050000007489,6.0,1,20.2,0.0,12.3,42.0,8.4,15.857142857142858,2.0
2023-06-01,49.498600000289855,-69.87250000037466,6.0,1,28.2,1.0,18.7,36.0,28.7,16.27857142857143,8.0
2019-05-23,56.94998662247352,-71.70241191479262,5.0,0,14.4,0.4,27.7,45.0,22.5,6.642857142857143,3.0
2020-05-16,48.806700000613375,-71.94670000010882,5.0,1,18.4,0.2,17.4,29.0,15.6,8.52142857142857,8.0
2019-09-13,56.06126170476109,-77.01909908711458,9.0,0,10.4,0.0,28.5,76.0,37.0,8.242857142857144,1.0
2019-07-28,49.22403141958452,-68.1407038105542,7.0,0,24.5,0.9,22.4,62.0,46.7,22.442857142857143,7.0
2020-06-22,48.18620000103642,-70.58169999945203,6.0,1,27.4,10.4,13.4,59.0,19.9,23.107142857142858,1.0
2021-05-29,46.55220000056405,-72.11300000045006,5.0,1,16.1,0.0,13.1,27.0,15.7,23.085714285714285,3.0
2021-09-06,53.218906361011385,-60.58839304072431,9.0,0,17.1,0.3,17.1,44.0,85.7,16.27142857142857,5.0
2022-09-24,58.039584925696445,-74.00645366937441,9.0,0,10.0,0.1,19.8,62.0,24.9,10.292857142857144,1.0
2020-05-22,48.23240000078896,-75.31970000034788,5.0,1,17.7,0.0,12.8,26.0,8.4,8.914285714285715,7.0
2024-05-04,47.69860000000005,-72.53069999999997,5.0,1,18.3,1.5,16.2,54.0,23.6,11.67857142857143,2.0
2022-05-04,50.193307214154046,-79.07692293205142,5.0,0,9.8,0.0,23.0,29.0,36.7,6.792857142857143,1.0
2019-05-01,45.3913000007563,-73.66180000058175,5.0,1,6.2,10.9,23.8,42.0,79.4,12.378571428571432,4.0
2021-08-28,48.51780000050385,-75.23760000017714,8.0,1,17.0,0.0,15.4,61.0,21.4,25.13571428571429,2.0
2022-08-14,48.2541,-70.68920000000003,8.0,1,23.0,0.0,11.6,47.0,52.3,23.078571428571426,5.0
2018-05-14,45.8986000007622,-74.94099999966171,5.0,1,22.4,0.0,17.6,32.0,30.2,16.9,4.0
2021-05-01,48.86070000116297,-68.83850000038699,5.0,1,8.8,0.0,34.3,20.0,39.6,8.664285714285715,5.0
2024-06-05,49.64930000000004,-69.58939999999996,6.0,1,26.2,0.7,8.6,37.0,19.1,17.978571428571428,8.0
2018-06-27,52.66940000047451,-70.05670000038188,6.0,1,13.0,0.1,22.5,50.0,28.3,11.764285714285716,1.0
2021-07-21,50.80671140136983,-65.07157619094366,7.0,0,16.1,0.5,14.1,52.0,39.1,19.24285714285714,1.0
2022-06-28,50.02670124726215,-73.35689214844493,6.0,0,21.2,0.0,18.4,35.0,46.1,21.335714285714285,1.0
2020-07-05,52.43310000101688,-70.08420000051852,7.0,1,16.6,3.4,14.7,50.0,47.1,20.385714285714283,1.0
2020-08-24,45.82906718368384,-67.70990307720979,8.0,0,23.8,0.0,10.1,55.0,26.2,24.971428571428568,3.0
2023-06-01,49.53620000032981,-68.55050000017485,6.0,1,29.8,2.2,20.0,34.0,41.7,17.071428571428573,7.0
2023-06-28,45.24616543318216,-66.06646244203776,6.0,0,19.8,52.8,23.7,96.0,120.1,18.1,1.0
2021-06-05,46.63267689597834,-62.323246772987645,6.0,0,18.2,0.0,41.5,68.0,50.1,11.95,1.0
2021-06-02,45.78350000067898,-73.9685999999876,6.0,1,25.9,0.0,16.1,28.0,6.6,22.65714285714285,3.0
2019-05-09,48.0153000011924,-66.73920000031045,5.0,1,14.2,0.0,14.5,41.0,28.4,8.700000000000001,2.0
2023-05-27,49.40952931705008,-64.56034453976665,5.0,0,11.1,0.0,35.0,60.0,46.1,8.02142857142857,1.0
2024-06-10,46.9635379433093,-59.64160399443013,6.0,0,12.0,4.1,39.5,89.0,35.9,8.607142857142858,1.0
2019-07-03,53.251000000668895,-77.04460000059998,7.0,1,26.6,0.5,17.7,41.0,25.3,18.535714285714285,2.0
2024-06-05,51.52290000000005,-70.47129999999997,6.0,1,25.3,0.0,14.3,37.0,67.1,15.492857142857142,6.0
2020-05-17,48.01140000050564,-66.7394000000347,5.0,1,14.2,0.0,21.0,29.0,44.9,9.45,5.0
2021-06-13,45.787400000961696,-76.16410000006782,6.0,1,27.4,0.8,10.0,30.0,9.0,24.91428571428571,8.0
2024-06-01,47.775948279317646,-59.292127200374665,6.0,0,13.5,4.6,18.1,73.0,55.6,12.835714285714284,3.0
2022-09-16,46.66638654583521,-66.7305953949978,9.0,0,9.9,0.1,32.6,52.0,29.5,20.58571428571429,2.0
2018-07-06,48.442900001097634,-69.48860000019181,7.0,1,24.0,3.1,27.7,39.0,10.9,23.078571428571426,4.0
2018-05-21,49.35746953184439,-67.96000986251032,5.0,0,9.7,0.0,28.4,32.0,20.8,8.749999999999998,1.0
2020-05-01,47.53786814208261,-61.63365699373041,5.0,0,6.5,0.8,46.7,71.0,6.5,2.457142857142857,9.0
2023-06-15,50.23742721980504,-72.73888003447009,6.0,0,18.4,20.6,7.9,71.0,34.3,20.414285714285715,1.0
2024-08-18,45.55980697823435,-73.25645288331351,8.0,0,25.0,1.9,24.0,67.0,139.9,25.071428571428573,1.0
2022-08-27,47.96125612447625,-74.04264669944469,8.0,0,18.8,0.0,11.6,46.0,14.7,22.442857142857147,1.0
2023-06-01,48.39830000034482,-74.82390000018484,6.0,1,29.9,2.0,12.4,30.0,41.3,17.52857142857143,8.0
2021-08-25,56.90830161734719,-66.44161277481498,8.0,0,10.5,0.3,16.6,61.0,37.1,18.55,3.0
2022-06-22,50.353259787523314,-79.24180098616897,6.0,0,24.1,1.2,21.9,51.0,58.7,20.87857142857143,1.0
2022-06-07,53.46601720013242,-76.24375648723493,6.0,0,20.7,8.9,15.5,44.0,22.8,15.942857142857145,1.0
2022-05-11,46.92519999999996,-72.61419999999998,5.0,1,26.1,0.0,12.0,23.0,7.9,13.814285714285717,7.0
2023-06-01,47.64780000036978,-72.64089999983509,6.0,1,29.5,0.7,12.6,33.0,45.0,19.607142857142858,8.0
2023-06-01,48.01289999993509,-75.86410000031475,6.0,1,30.9,0.9,14.2,29.0,36.0,18.014285714285712,8.0
2024-09-25,54.23845592503712,-78.81346245384769,9.0,0,15.4,17.9,26.8,77.0,32.7,20.392857142857142,2.0
2021-05-19,45.94970000102501,-73.37580000023144,5.0,1,26.5,0.0,10.1,30.0,19.3,18.32857142857143,8.0
2020-07-25,46.88910000117584,-76.01789999999968,7.0,1,27.3,0.0,17.1,41.0,123.3,24.892857142857142,3.0
2018-09-20,47.42045221159947,-61.6682881533129,9.0,0,12.8,0.2,29.9,51.0,18.6,17.978571428571428,1.0
2023-08-24,50.65695704634466,-59.69296869633309,8.0,0,18.6,4.2,11.9,50.0,62.2,19.264285714285712,2.0
2024-06-08,52.24420000000004,-67.86829999999998,6.0,1,23.5,0.0,15.5,35.0,56.5,16.4,3.0
2021-05-03,48.405500000580645,-69.33959999992054,5.0,1,13.9,0.0,18.8,24.0,37.8,10.164285714285713,7.0
2019-08-24,45.29847391607443,-60.68565803296634,8.0,0,20.8,0.0,42.1,63.0,6.0,20.16428571428571,1.0
2020-07-24,49.909234162261846,-63.8996578885673,7.0,0,25.1,0.0,21.0,42.0,19.8,22.385714285714283,1.0
2023-09-28,54.96892650044265,-77.94223264435443,9.0,0,18.7,0.0,26.4,48.0,21.7,15.071428571428571,7.0
2023-07-23,52.13169720570214,-69.63607490585069,7.0,0,21.0,11.7,10.6,61.0,91.6,20.4,1.0
2020-07-09,52.87390000066966,-68.21140000027448,7.0,1,21.7,1.8,12.4,49.0,34.3,19.04285714285714,2.0
2023-09-21,55.85354596305104,-57.90251430801396,9.0,0,5.4,0.0,34.8,72.0,54.3,7.314285714285715,4.0
2024-07-17,53.682284126874,-75.95323032627917,7.0,0,21.2,1.1,13.1,44.0,28.9,20.321428571428573,2.0
2023-06-01,49.74120000027983,-74.37480000031974,6.0,1,28.6,4.9,19.1,36.0,21.2,17.314285714285717,5.0
2024-05-20,57.51557657294838,-61.78409636968104,5.0,0,-0.1,2.2,21.6,86.0,56.4,1.7785714285714285,1.0
2019-06-10,46.74450000080953,-73.91920000037035,6.0,1,25.1,0.1,19.4,34.0,28.5,16.4,7.0
2019-07-26,48.30260000087106,-78.55699999931797,7.0,1,27.3,0.0,20.6,47.0,31.8,23.507142857142856,5.0
2020-08-12,49.530600000573486,-72.0358000000531,8.0,1,25.3,0.7,14.4,52.0,114.7,23.65,1.0
2019-06-09,48.11300000057267,-79.2266000003506,6.0,1,26.7,0.0,14.8,21.0,13.4,15.42857142857143,6.0
2018-05-26,57.21721950053285,-71.49034901751327,5.0,0,-2.2,0.0,12.4,66.0,11.7,-4.55,5.0
2018-07-09,50.107163401764325,-57.35152575787322,7.0,0,23.4,0.6,23.2,57.0,80.1,18.535714285714285,1.0
2019-08-15,48.1552000010327,-70.28790000050896,8.0,1,18.3,0.0,10.8,49.0,61.5,19.142857142857142,2.0
2018-08-25,57.6052526924902,-64.77622336338239,8.0,0,5.7,10.4,32.7,72.0,52.5,11.478571428571428,1.0
2024-07-09,52.10360000000003,-62.325399999999945,7.0,1,27.6,20.8,21.0,41.0,41.4,21.04285714285714,5.0
2023-06-01,48.5963000003448,-78.20570000035468,6.0,1,31.8,1.0,15.1,28.0,34.4,19.12142857142857,9.0
2020-07-17,47.40399256124635,-68.44968444260992,7.0,0,18.1,9.5,19.4,67.0,42.1,23.31428571428572,5.0
2019-06-04,53.33544345717377,-63.03773153306196,6.0,0,11.3,6.6,23.2,47.0,37.9,5.807142857142858,1.0
2021-07-17,49.79340000066856,-78.94439999965235,7.0,1,29.7,0.0,12.7,38.0,44.3,23.164285714285715,3.0
2021-08-01,48.10500000060001,-77.77010000014296,8.0,1,19.8,0.0,15.1,37.0,43.2,21.264285714285712,3.0
2022-09-11,47.40520000000009,-72.75399999999996,9.0,1,26.1,0.0,10.2,46.0,27.3,22.942857142857143,8.0
2020-07-22,56.09503716624,-71.7249793563018,7.0,0,13.2,0.4,34.5,76.0,62.6,18.942857142857143,1.0
2021-08-19,49.30140000047869,-72.3127000004175,8.0,1,29.8,0.0,10.5,49.0,36.3,25.77142857142857,6.0
2020-09-25,48.32275389412309,-75.63570490108329,9.0,0,14.0,1.1,15.9,41.0,42.3,13.164285714285716,6.0
2019-07-08,48.72440000115665,-73.12019999962067,7.0,1,22.4,0.0,26.9,31.0,55.0,23.092857142857145,2.0
2019-07-24,47.490600001378674,-73.41209999991013,7.0,1,17.6,0.0,11.2,49.0,43.5,23.86428571428572,3.0
2024-09-26,45.96599945001734,-64.89074835819503,9.0,0,16.4,7.4,14.1,69.0,3.1,20.942857142857143,14.0
2023-07-05,51.92300000014996,-77.78089999963521,7.0,1,30.6,10.7,22.7,53.0,28.1,26.078571428571426,4.0
2024-09-19,57.88634378814153,-75.81343519994837,9.0,0,14.2,0.0,24.0,69.0,3.1,11.207142857142856,2.0
2020-05-07,45.44960000086751,-72.07479999949996,5.0,1,12.9,1.2,17.6,27.0,15.4,11.30714285714286,2.0
2023-07-11,45.53197669948808,-73.91320610769392,7.0,0,28.5,12.8,23.1,59.0,53.2,26.828571428571426,1.0
2021-09-24,54.470004606213365,-67.44687249457768,9.0,0,6.8,2.7,30.9,69.0,64.6,10.957142857142856,2.0
2019-05-19,48.9380000009203,-78.86100000017564,5.0,1,13.0,3.6,15.8,35.0,50.8,9.914285714285713,2.0
2020-05-21,46.61490000098576,-72.92999999955066,5.0,1,25.4,0.0,16.9,20.0,10.9,12.314285714285717,6.0
2021-08-26,48.85940000068416,-64.54640000067171,8.0,1,27.0,2.4,15.5,66.0,35.5,26.557142857142857,2.0
2018-07-07,58.43932459522094,-71.02436788081496,7.0,0,11.0,0.8,17.7,73.0,43.4,9.457142857142856,1.0
2023-07-11,55.44775130056238,-63.8779344235646,7.0,0,25.1,0.0,23.3,53.0,61.8,22.56428571428572,3.0
2019-08-12,47.96681255461486,-75.45730211303103,8.0,0,21.5,0.5,16.3,40.0,72.4,22.264285714285712,1.0
2020-06-19,46.83090000102354,-70.39700000011182,6.0,1,30.7,0.0,17.8,28.0,16.0,20.85714285714285,6.0
2019-08-15,46.26580000112416,-73.95200000060909,8.0,1,20.7,0.0,9.2,41.0,28.8,22.4,3.0
2022-05-01,45.882100000000094,-72.23349999999999,5.0,1,17.3,0.0,13.1,41.0,36.8,11.071428571428571,4.0
2020-07-17,54.455486143998094,-78.35255210515761,7.0,0,21.1,1.6,30.0,64.0,15.2,23.26428571428572,2.0
2018-09-08,50.87129031653699,-68.34237189067818,9.0,0,8.0,1.1,22.0,52.0,95.8,15.37857142857143,1.0
2018-09-14,50.32501339239408,-78.52900504137246,9.0,0,26.2,3.1,23.3,47.0,40.1,19.56428571428572,2.0
2019-07-27,49.75850000086555,-68.0409999993464,7.0,1,28.5,0.0,17.4,39.0,65.9,21.90714285714285,4.0
2022-06-04,50.36019214847207,-78.11658016608382,6.0,0,14.5,13.3,17.4,75.0,47.6,15.15,1.0
2023-07-25,56.65286406948453,-76.99712737849897,7.0,0,12.1,22.6,28.2,87.0,47.2,11.557142857142855,5.0
2021-08-20,48.6463000012357,-71.19959999979542,8.0,1,27.9,0.3,12.0,54.0,51.6,26.21428571428571,7.0
2021-06-08,48.59970000086173,-72.7132999993778,6.0,1,26.3,0.0,20.5,29.0,12.5,19.192857142857143,3.0
2019-06-05,48.36410000111994,-64.82160000048997,6.0,1,14.1,2.3,14.0,49.0,21.4,13.357142857142858,1.0
2022-09-01,47.28517408194663,-75.5135027773266,9.0,0,14.3,0.6,19.8,53.0,70.2,22.028571428571432,1.0
2019-07-03,53.08640167498814,-66.07239593879872,7.0,0,20.1,0.6,14.8,51.0,16.6,16.442857142857143,1.0
2019-08-30,46.32690000046716,-78.70610000035087,8.0,1,17.6,7.9,22.0,54.0,21.9,23.485714285714288,3.0
2022-07-27,54.38176304898917,-69.93534468642173,7.0,0,11.1,0.9,28.0,78.0,80.6,12.485714285714284,1.0
2023-07-13,57.06133299553386,-66.42716292002753,7.0,0,19.7,7.3,19.8,46.0,56.3,25.1,1.0
2018-08-28,48.90516309600969,-75.91150513096105,8.0,0,23.4,11.1,28.7,74.0,78.4,22.528571428571432,2.0
2018-05-14,45.69730000139445,-74.32419999980448,5.0,1,23.1,0.0,18.8,30.0,29.3,17.985714285714284,4.0
2021-07-27,52.95228964106872,-65.15523530476754,7.0,0,12.8,3.9,26.8,68.0,48.8,18.985714285714288,1.0
2019-07-13,48.44473136283818,-65.46283904696718,7.0,0,22.5,1.1,10.3,71.0,43.8,22.571428571428573,1.0
2020-05-20,45.656500000647455,-75.90510000000569,5.0,1,21.9,0.0,12.9,30.0,14.0,11.835714285714284,5.0
2022-05-08,46.14190000000002,-70.6413,5.0,1,15.8,0.0,12.1,24.0,36.2,12.207142857142856,4.0
2023-07-05,52.42550000022487,-78.40680000031972,7.0,1,23.5,1.9,13.4,68.0,11.8,24.13571428571429,4.0
2019-09-15,47.833500001022415,-79.418599999909,9.0,1,17.1,0.0,15.5,42.0,80.4,15.192857142857145,1.0
2019-05-27,48.0798000004488,-77.91340000055699,5.0,1,11.6,0.0,14.8,36.0,68.1,12.978571428571428,2.0
2022-05-11,45.63600000000008,-74.35269999999997,5.0,1,26.5,0.0,9.2,24.0,16.4,15.328571428571427,7.0
2019-07-26,46.8858000007579,-70.4926999997214,7.0,1,25.9,0.0,13.5,46.0,84.7,23.4,5.0
2023-05-15,46.25359999994009,-70.76429999994502,5.0,1,18.2,0.7,29.2,30.0,23.1,15.021428571428572,3.0
2023-05-14,48.7773999998102,-78.5688000003197,5.0,1,16.2,0.0,13.7,28.0,40.3,14.95,3.0
2019-07-13,48.66250000120996,-77.8363999994631,7.0,1,21.5,9.0,16.5,65.0,19.9,25.36428571428572,2.0
2018-05-14,45.923300000764215,-74.38850000006072,5.0,1,20.7,0.0,19.3,32.0,38.4,15.69285714285714,4.0
2022-07-16,51.166100000000085,-73.76889999999992,7.0,1,20.7,5.3,21.6,63.0,34.800000000000004,18.071428571428573,4.0
2021-08-28,46.5059338707821,-65.35116506503391,8.0,0,21.7,0.0,12.1,36.0,14.9,27.485714285714288,4.0
2024-08-15,45.63921545818855,-59.26484316052118,8.0,0,19.8,1.2,24.8,79.0,33.0,20.742857142857144,1.0
2023-07-20,47.93861984462898,-62.10492084526276,7.0,0,19.4,0.0,12.0,90.0,51.6,17.514285714285712,1.0
2019-06-03,56.965765030025786,-66.29420399738154,6.0,0,13.6,4.9,29.0,36.0,12.2,8.507142857142858,1.0
2023-08-22,45.648399999660285,-76.19600000039964,8.0,1,22.7,0.3,11.4,50.0,82.0,22.607142857142858,3.0
2021-05-22,50.75765642890514,-65.62468029054043,5.0,0,13.9,6.4,12.6,90.0,27.3,7.52142857142857,1.0
2021-05-17,46.16560000080136,-73.58579999950771,5.0,1,22.6,0.8,14.1,31.0,21.4,14.914285714285713,1.0
2024-05-19,49.03450000000004,-75.72859999999997,5.0,1,25.6,2.9,24.7,38.0,13.9,14.871428571428572,6.0
2019-07-03,51.901967893110765,-66.13643227155174,7.0,0,20.2,0.1,9.9,47.0,36.9,16.107142857142858,1.0
2018-05-14,49.18710000103168,-65.71850000028336,5.0,1,20.9,0.8,23.7,34.0,27.4,12.292857142857144,3.0
2021-08-26,54.335860647495934,-77.14565226873367,8.0,0,15.9,5.5,22.0,51.0,34.3,19.242857142857144,2.0
2024-08-19,55.01028944088263,-60.12992771185713,8.0,0,18.1,10.8,29.1,89.0,23.0,18.74285714285714,1.0
2020-05-22,48.443000000586125,-78.36240000044505,5.0,1,22.5,0.0,14.5,31.0,7.4,10.421428571428573,7.0
2021-05-14,49.41244188810721,-64.1866152227891,5.0,0,6.4,0.0,30.1,70.0,47.2,4.8357142857142845,5.0
2022-06-22,51.837073976680685,-60.36989095720509,6.0,0,11.8,0.8,16.2,69.0,70.6,16.8,1.0
2021-05-14,45.86580000106972,-74.16559999964441,5.0,1,19.3,0.0,16.4,29.0,46.5,12.207142857142856,3.0
2021-06-07,46.13180000085995,-75.1297000001434,6.0,1,30.2,0.6,21.3,42.0,20.4,20.77857142857143,2.0
2024-07-08,52.137200000000064,-63.56059999999997,7.0,1,27.5,0.4,18.6,34.0,54.6,18.84285714285713,3.0
2020-05-23,46.1973000009118,-74.70449999990345,5.0,1,23.0,0.0,13.3,22.0,9.4,14.47857142857143,8.0
2019-07-27,51.18020000056643,-67.29930000009833,7.0,1,24.6,1.2,18.3,46.0,56.7,17.464285714285715,4.0
2021-09-05,50.84920000067246,-77.65359999987203,9.0,1,18.4,8.7,19.0,61.0,40.3,18.77142857142857,1.0
2020-06-06,50.29479770403897,-66.63383052630037,6.0,0,14.4,0.0,13.6,38.0,31.3,15.47857142857143,1.0
2024-06-17,53.9501824767018,-72.90315986554799,6.0,0,16.1,6.6,35.7,76.0,15.7,20.235714285714288,2.0
2022-06-06,50.67668833122073,-71.23024568782893,6.0,0,19.4,0.0,8.3,36.0,60.3,12.95,2.0
2018-05-13,46.19760000054652,-74.6351000004729,5.0,1,17.6,0.0,14.5,27.0,52.8,15.3,3.0
2019-05-10,50.88528727064441,-64.6395438102786,5.0,0,6.9,0.0,11.5,60.0,33.7,5.435714285714286,3.0
2020-09-17,45.333000001264296,-70.85500000017356,9.0,1,13.5,0.7,22.7,55.0,19.1,17.771428571428572,3.0
2018-07-19,46.26830000073766,-73.96739999958814,7.0,1,24.4,0.0,13.0,37.0,15.5,25.607142857142858,2.0
2018-06-22,46.044800000486894,-74.08210000013501,6.0,1,22.1,0.0,10.9,40.0,31.1,21.285714285714285,2.0
2021-08-26,46.86110000051096,-78.96640000009538,8.0,1,25.1,0.0,15.5,49.0,8.2,26.42142857142857,1.0
2023-08-18,55.46735425292877,-67.7161529246025,8.0,0,22.1,0.1,27.0,60.0,29.8,18.407142857142865,2.0
2018-05-22,55.29658488762635,-74.1528712705889,5.0,0,-4.4,0.4,25.0,68.0,42.8,-2.121428571428571,1.0
2020-07-04,45.45390000088524,-75.77100000009855,7.0,1,28.5,0.0,14.8,23.0,24.2,28.178571428571427,1.0
2019-07-04,46.35650000100558,-70.76729999935594,7.0,1,28.0,0.0,13.7,43.0,69.89999999999999,21.57857142857143,3.0
2020-07-02,48.68450000131215,-77.90259999968382,7.0,1,25.3,6.6,12.1,64.0,120.9,25.91428571428571,5.0
2024-09-15,45.419726094844215,-66.3482911525132,9.0,0,24.1,0.0,11.7,43.0,30.5,20.99285714285714,2.0
2020-09-23,45.63630000090348,-70.89700000058626,9.0,1,17.1,0.6,24.6,64.0,8.5,16.00714285714286,9.0
2023-09-12,50.911059893785655,-78.93602881237548,9.0,0,16.2,1.0,16.4,46.0,14.3,20.84285714285713,2.0
2021-05-13,48.26620000105241,-76.66040000063833,5.0,1,18.4,1.4,21.5,33.0,22.4,10.464285714285714,4.0
2021-08-22,51.41119852145207,-57.88346310169713,8.0,0,19.2,0.0,17.4,44.0,18.8,20.328571428571426,2.0
2018-07-09,58.57710078091269,-66.10811923572678,7.0,0,13.7,2.2,29.0,78.0,65.0,9.80714285714286,1.0
2019-08-25,45.86370000123319,-74.02980000004949,8.0,1,22.5,0.0,10.4,46.0,26.2,23.392857142857142,3.0
2024-09-22,46.81031343536314,-79.01467803422868,9.0,0,22.4,1.8,14.2,66.0,17.1,23.6,1.0
2019-09-08,55.57030691306385,-74.6275151392074,9.0,0,9.0,0.2,17.1,54.0,32.3,13.0,3.0
2019-08-27,54.115742882990574,-62.71816953318347,8.0,0,23.0,0.0,14.6,51.0,58.0,16.085714285714285,4.0
2021-08-06,48.54680000051053,-67.5125999994372,8.0,1,27.6,0.2,14.3,51.0,47.8,21.178571428571427,3.0
2021-05-23,51.98523440979929,-79.28147215525463,5.0,0,1.3,0.0,27.8,67.0,33.300000000000004,10.585714285714287,2.0
2019-06-18,47.48904499105413,-58.56768061386576,6.0,0,10.2,0.0,37.0,82.0,83.9,8.92142857142857,2.0
2018-07-05,47.04080000129668,-79.37749999942754,7.0,1,33.0,1.1,20.9,42.0,38.1,27.42142857142857,4.0
2022-05-16,57.69163038510682,-72.06891994884947,5.0,0,4.4,1.9,33.2,89.0,20.3,0.1857142857142857,1.0
2019-08-06,47.53620000058008,-69.80759999975722,8.0,1,24.1,0.0,21.9,63.0,12.0,23.442857142857143,3.0
2023-06-01,48.04680000021989,-76.03889999973518,6.0,1,30.9,1.7,13.3,29.0,36.1,17.992857142857144,8.0
2022-09-09,47.61829999999998,-77.92160000000001,9.0,1,25.6,0.0,18.2,48.0,38.9,21.285714285714285,6.0
2022-05-08,46.377500000000055,-70.91140000000001,5.0,1,16.8,0.0,12.3,23.0,31.7,12.37857142857143,4.0
2024-09-08,52.117205753321535,-79.13307914335194,9.0,0,11.0,0.0,46.0,75.0,37.8,14.821428571428571,2.0
2023-05-24,47.850302921454215,-60.0118868601579,5.0,0,5.2,0.0,42.1,75.0,35.6,5.935714285714285,3.0
2024-07-28,51.48890000000006,-64.07609999999994,7.0,1,27.3,4.6,17.0,49.0,60.6,20.32857142857143,3.0
2019-08-02,48.296460583337584,-69.48095491191869,8.0,0,25.4,0.9,20.5,44.0,15.6,23.45,10.0
2024-08-06,54.55201617900541,-78.34541734309327,8.0,0,9.8,6.4,34.7,87.0,60.7,18.32857142857143,1.0
2018-06-30,46.391800000706105,-76.1522999993767,6.0,1,27.4,5.2,19.8,71.0,15.5,22.81428571428572,2.0
2019-09-18,48.14422502542903,-60.46017779317,9.0,0,10.3,0.0,42.8,68.0,54.8,14.664285714285713,2.0
2023-06-01,50.651599999640325,-73.10499999985007,6.0,1,24.8,0.9,17.5,45.0,31.5,14.85714285714286,8.0
2020-06-20,49.44140000116685,-74.71899999971127,6.0,1,29.9,1.0,11.0,40.0,19.4,20.500000000000004,8.0
2022-08-01,45.478932679897895,-59.1394412702618,8.0,0,20.0,0.0,24.2,86.0,25.0,19.10714285714285,2.0
2023-05-10,49.77252492655171,-67.92732350509803,5.0,0,8.6,0.0,17.5,42.0,19.6,8.049999999999999,6.0
2023-05-14,48.31629999964531,-76.35160000023978,5.0,1,14.0,0.0,16.0,33.0,42.1,13.507142857142856,13.0
2023-06-01,49.34329999989512,-71.49999999999994,6.0,1,28.6,5.5,12.8,35.0,36.0,16.52142857142857,8.0
2020-07-09,46.97409989908344,-76.86534406896504,7.0,0,30.4,0.0,12.2,36.0,24.4,25.057142857142857,1.0
2021-07-11,58.66786746262455,-77.44706582038448,7.0,0,14.6,0.0,22.9,56.0,22.6,12.45,3.0
2022-07-04,51.91728192229354,-78.43101117106852,7.0,0,16.3,0.0,13.9,58.0,55.8,19.157142857142865,1.0
2022-08-06,46.276700000000005,-73.81799999999993,8.0,1,28.4,0.0,15.2,48.0,38.0,24.2,2.0
2024-06-01,57.34690471302246,-68.17831468959395,6.0,0,21.6,4.3,24.3,42.0,19.5,9.828571428571427,4.0
2018-07-05,49.146300001371365,-74.67159999992495,7.0,1,29.6,21.9,26.1,50.0,13.2,24.0,1.0
2024-05-23,46.30800000000005,-74.67859999999996,5.0,1,20.7,14.8,24.7,37.0,13.5,19.307142857142857,2.0
2020-05-14,49.39454048117035,-57.98150841870617,5.0,0,0.2,13.6,19.8,81.0,101.2,4.185714285714285,1.0
2018-07-29,51.61580000078355,-63.42330000052478,7.0,1,22.9,1.2,15.6,48.0,39.7,23.971428571428568,1.0
2020-07-04,56.419365340745294,-58.871956152920674,7.0,0,3.5,0.0,15.1,86.0,6.6,4.142857142857143,4.0
2021-05-01,54.874183725852575,-63.323614823119165,5.0,0,0.7,2.0,22.2,85.0,49.6,1.1357142857142857,1.0
2020-09-02,46.708063325670565,-71.43451063890784,9.0,0,22.8,16.1,27.3,72.0,66.8,19.92857142857144,3.0
2023-09-15,54.73343317799227,-57.25984211937436,9.0,0,14.2,4.7,54.9,74.0,30.3,11.857142857142858,1.0
2023-05-07,46.2809999999501,-75.5940000001998,5.0,1,19.0,0.0,17.4,34.0,73.7,11.349999999999998,4.0
2021-08-08,47.44980000077459,-70.46349999945699,8.0,1,21.0,0.0,12.9,42.0,38.5,21.764285714285712,1.0
2024-07-24,50.53900000000005,-68.60199999999998,7.0,1,21.7,0.4,7.2,43.0,64.4,23.81428571428572,3.0
2021-08-02,56.4626556486991,-57.71496318723443,8.0,0,9.1,1.2,36.7,81.0,27.1,8.964285714285714,1.0
2021-05-29,48.13940000116072,-70.99139999957514,5.0,1,11.5,0.0,10.8,38.0,58.2,18.56428571428572,3.0
2020-05-29,46.95960000110954,-71.20889999970385,5.0,1,30.0,10.4,29.6,39.0,8.8,21.071428571428573,13.0
2020-05-20,46.04480000068669,-72.27880000012718,5.0,1,22.9,0.0,12.2,29.0,15.3,12.842857142857142,5.0
2022-05-12,47.49380000000008,-72.72219999999999,5.0,1,27.1,0.0,14.3,27.0,7.399999999999999,14.849999999999998,8.0
2021-07-21,53.52186410112636,-69.04398006027039,7.0,0,14.8,0.6,8.3,53.0,14.9,15.55,2.0
2023-06-10,50.16702891468927,-73.678746613757,6.0,0,21.2,0.1,20.6,38.0,4.3,20.86428571428572,2.0
2019-08-13,46.35310000066899,-74.64260000025448,8.0,1,19.6,0.0,13.3,46.0,53.7,21.5,1.0
2020-05-21,47.93200000054127,-66.97720000036385,5.0,1,25.4,0.0,24.6,21.0,26.7,11.1,9.0
2024-08-23,46.913744560188746,-72.19835846241875,8.0,0,21.7,0.2,10.9,52.0,184.3,21.3,1.0
2018-08-01,49.75250000075733,-67.39349999989795,8.0,1,26.8,1.5,17.6,41.0,37.9,24.61428571428571,3.0
2018-07-17,48.82000000106898,-65.60000000007172,7.0,1,26.0,2.6,20.2,47.0,16.9,23.15,2.0
2018-08-01,53.99241397678235,-63.50869040125728,8.0,0,19.7,7.6,29.5,73.0,96.0,19.192857142857143,2.0
2023-06-03,47.02927108593719,-63.65835041501767,6.0,0,6.9,11.7,52.7,84.0,40.6,11.235714285714284,1.0
2023-05-14,46.26640000025986,-76.0136000003397,5.0,1,15.3,0.0,17.5,29.0,62.8,15.642857142857144,2.0
2021-08-23,55.49350587057502,-69.31232663696574,8.0,0,15.0,0.0,22.3,55.0,35.2,18.97857142857143,1.0
2018-06-25,48.36850000097921,-69.87620000046472,6.0,1,15.5,5.1,15.0,44.0,38.2,19.842857142857145,1.0
2024-06-18,48.19148475860034,-65.97840496965114,6.0,0,25.9,0.1,10.0,67.0,42.7,19.50714285714286,4.0
2023-09-23,45.396366471840224,-62.1373727170143,9.0,0,19.8,0.0,17.5,52.0,62.5,21.542857142857144,4.0
2018-05-30,45.957600001341845,-71.30649999938488,5.0,1,25.2,0.0,11.8,28.0,18.9,19.15714285714285,1.0
2024-07-08,50.89410000000004,-62.48479999999995,7.0,1,30.6,1.0,16.7,33.0,54.8,22.514285714285712,3.0
2018-07-05,52.79870000101112,-77.33040000032513,7.0,1,28.1,5.7,33.6,52.0,24.1,18.721428571428568,2.0
2018-06-13,47.34516212861045,-67.53005735318233,6.0,0,19.4,3.8,21.9,27.0,16.4,16.3,5.0
2021-05-25,48.74881984245106,-58.44146573187615,5.0,0,8.3,4.0,27.5,73.0,109.3,8.57857142857143,2.0
2021-09-01,52.139732066761496,-63.28079472132818,9.0,0,12.4,5.5,17.4,69.0,47.8,20.071428571428573,1.0
2020-05-22,45.9250000013672,-76.4635999994223,5.0,1,26.3,0.0,15.0,23.0,13.2,12.928571428571429,7.0
2024-07-19,51.91631158640909,-67.82572516982773,7.0,0,21.6,0.2,21.4,44.0,51.6,22.300000000000004,1.0
2024-05-11,51.81493457251599,-63.08194078747359,5.0,0,13.2,0.0,17.8,20.0,35.8,4.892857142857143,4.0
2024-08-13,58.02709111532996,-60.65529496505388,8.0,0,6.2,0.0,24.7,83.0,27.5,6.7142857142857135,4.0
2023-09-09,49.21159023601016,-76.96340636599966,9.0,0,18.3,0.0,11.0,46.0,71.9,21.235714285714288,1.0
2018-09-19,49.720670341530656,-73.06721418872205,9.0,0,11.5,0.1,11.2,54.0,68.10000000000001,17.178571428571427,2.0
2022-07-15,54.508420839692334,-59.33977890353528,7.0,0,17.4,5.2,15.5,63.0,80.39999999999999,15.035714285714285,1.0
2023-09-05,55.60207234577785,-78.03342914533468,9.0,0,16.0,5.3,33.9,81.0,29.0,13.107142857142858,2.0
2020-05-12,46.49320000080815,-73.11989999934752,5.0,1,7.5,0.0,20.1,22.0,38.7,10.428571428571429,5.0
2020-07-17,46.46720000069271,-72.79400000016504,7.0,1,28.2,12.4,19.4,46.0,59.4,27.42142857142857,1.0
2023-06-01,49.55599999970031,-76.76429999964523,6.0,1,30.0,1.5,15.8,33.0,12.9,18.264285714285712,9.0
2023-07-02,53.44309999956539,-72.71679999982007,7.0,1,22.1,4.2,7.9,63.0,58.8,22.40714285714285,1.0
2018-06-15,53.8098206823978,-74.84744226809507,6.0,0,14.5,0.0,19.1,44.0,17.8,9.464285714285714,3.0
2021-06-07,49.437900000656846,-71.3611999993687,6.0,1,29.9,2.8,30.9,37.0,23.2,17.192857142857143,2.0
2023-09-27,57.340837182068526,-62.11609166892788,9.0,0,11.9,0.0,45.1,58.0,13.8,9.264285714285714,10.0
2020-08-08,52.63770987881809,-65.69533119257926,8.0,0,22.9,0.7,20.5,57.0,56.3,19.20714285714286,2.0
2018-06-02,55.175801991913474,-69.31084097173483,6.0,0,-2.7,0.2,22.8,64.0,64.5,0.9214285714285714,1.0
2021-08-06,48.74920000067917,-72.78570000009212,8.0,1,27.0,0.1,21.0,39.0,35.9,20.92142857142857,3.0
2023-07-05,51.54020000003004,-76.89199999980013,7.0,1,31.3,1.5,23.2,39.0,61.0,25.935714285714287,4.0
2021-05-08,54.03479375439375,-63.843668523379534,5.0,0,1.5,2.7,27.0,92.0,39.5,0.8285714285714286,1.0
2018-07-01,55.03570774779716,-78.97725776834586,7.0,0,10.8,0.9,28.0,61.0,26.2,4.514285714285714,3.0
2024-07-17,53.29471985618533,-64.83702381977756,7.0,0,19.1,2.9,9.2,64.0,43.7,20.592857142857145,2.0
2018-06-20,48.45570437395784,-72.45362413330353,6.0,0,19.0,1.2,20.3,41.0,53.7,19.914285714285715,2.0
2022-08-20,49.18770000000012,-68.2389,8.0,1,26.1,0.0,15.9,61.0,36.1,21.7,1.0
2023-05-07,48.39440000035978,-64.58910000036468,5.0,1,17.4,0.1,18.7,38.0,38.5,6.692857142857142,3.0
2020-07-08,53.00250000058927,-77.40940000059075,7.0,1,25.3,1.1,17.7,38.0,43.6,23.19285714285714,1.0
2023-06-02,46.029699999855154,-74.69410000031473,6.0,1,26.4,1.4,20.4,33.0,24.8,20.392857142857142,9.0
2023-07-07,56.972099999815214,-67.35999999999996,7.0,1,14.5,21.2,19.4,83.0,17.2,23.25714285714286,1.0
2024-05-17,46.40240000000006,-71.78939999999994,5.0,1,22.6,0.9,13.9,57.0,39.3,17.92857142857143,1.0
2021-06-24,49.31320000136817,-68.34929999972901,6.0,1,22.1,0.0,30.2,39.0,56.1,18.92142857142857,2.0
2021-08-06,51.574700000886295,-64.7899000005785,8.0,1,22.9,6.4,15.8,59.0,62.1,17.321428571428573,3.0
2023-06-16,48.063831416889336,-60.92280429426086,6.0,0,8.8,16.8,41.2,91.0,65.3,7.921428571428572,1.0
2019-06-01,57.766902718474974,-71.80573098031495,6.0,0,5.9,0.0,32.7,63.0,18.4,8.450000000000001,1.0
2023-06-10,53.951700000354776,-72.402299999945,6.0,1,21.9,8.9,22.9,36.0,5.4,16.87857142857143,14.0
2018-08-23,46.19869334655056,-58.1148248375068,8.0,0,20.2,1.4,38.8,93.0,78.7,20.428571428571427,1.0
2019-06-03,45.62464029784968,-72.5393907916557,6.0,0,13.7,3.8,29.7,56.0,74.5,18.31428571428572,1.0
2019-06-07,46.41650000049507,-75.36310000051705,6.0,1,19.6,0.4,16.9,41.0,39.6,16.47142857142857,4.0
2018-09-17,46.33100000074543,-72.8542000004982,9.0,1,27.6,0.0,24.1,58.0,16.900000000000002,22.76428571428572,6.0
2024-07-08,53.56170000000004,-73.02299999999997,7.0,1,24.3,11.0,25.1,51.0,43.5,17.957142857142856,1.0
2021-05-26,45.14170000138298,-73.48929999957181,5.0,1,30.1,1.7,34.7,39.0,5.4,23.52857142857143,1.0
2019-07-09,46.10238579815944,-70.19761673020407,7.0,0,22.6,0.0,22.0,38.0,53.3,22.85,3.0
2019-08-13,56.55579190647138,-71.52005451364558,8.0,0,10.7,2.3,18.8,82.0,40.8,16.564285714285713,1.0
2023-06-01,50.52680000011998,-74.66570000005493,6.0,1,25.8,7.2,15.3,47.0,28.0,15.62857142857143,5.0
2019-09-18,56.0484671973934,-67.3423405916486,9.0,0,15.0,0.0,18.3,51.0,30.2,8.95,3.0
2023-09-25,46.2500639122588,-70.87227749920278,9.0,0,16.8,0.0,15.0,45.0,96.4,18.542857142857144,6.0
2021-09-04,49.14960000077552,-68.37249999985923,9.0,1,15.7,0.0,17.6,54.0,16.2,19.82857142857143,1.0
2019-07-24,45.664700001309065,-75.73390000028014,7.0,1,21.3,0.0,11.9,44.0,39.3,26.82857142857143,3.0
2021-05-15,45.07610000132233,-72.9561000003542,5.0,1,21.4,0.0,12.1,31.0,23.5,14.342857142857142,3.0
2018-06-14,48.9030793832674,-71.24285988181236,6.0,0,14.3,0.2,19.8,51.0,38.1,16.085714285714285,1.0
2021-05-02,45.87125489935546,-74.59557297873458,5.0,0,12.3,0.1,18.9,30.0,47.4,11.428571428571429,2.0
2018-05-08,55.58775238224273,-74.18853506544482,5.0,0,-0.6,2.5,65.9,74.0,25.7,-1.6285714285714286,2.0
2023-05-29,46.58900000044969,-71.32849999987508,5.0,1,19.2,0.0,15.9,32.0,29.0,18.29285714285714,5.0
2021-07-05,53.00720000098384,-77.38379999973182,7.0,1,29.5,11.1,20.2,51.0,53.0,18.47142857142857,6.0
2020-06-17,48.57335527829945,-60.91094337225101,6.0,0,11.5,0.0,36.2,70.0,60.8,8.235714285714286,5.0
2019-05-13,53.58459067353134,-61.23992282131425,5.0,0,5.8,0.0,10.7,61.0,19.4,5.414285714285714,5.0
2018-09-28,53.114116717301926,-70.67806850210967,9.0,0,9.0,9.2,39.2,72.0,72.1,8.614285714285714,1.0
2018-05-08,46.21000000106958,-74.94710000009871,5.0,1,20.1,0.0,15.9,34.0,62.9,13.442857142857145,4.0
2020-07-11,55.24918531416185,-73.23780583645048,7.0,0,20.4,10.5,13.6,81.0,34.4,21.185714285714287,2.0
2023-06-11,50.53531758555378,-67.67978611520599,6.0,0,22.0,0.5,17.4,40.0,41.4,16.27857142857143,2.0
2022-05-10,46.83510000000007,-71.7355,5.0,1,22.5,0.0,13.6,20.0,17.2,13.7,6.0
2018-06-28,50.54250000108395,-68.45330000047711,6.0,1,27.5,0.0,18.7,33.0,39.5,17.65714285714286,1.0
2021-05-15,49.36710000109812,-68.22679999953098,5.0,1,12.5,0.0,12.5,45.0,39.7,9.8,2.0
2023-08-17,46.18081960039496,-75.15774753083335,8.0,0,24.8,0.2,19.2,57.0,101.3,22.371428571428577,4.0
2019-09-25,46.8142696700618,-62.39199957528885,9.0,0,15.8,8.3,29.9,88.0,53.4,14.957142857142854,1.0
2023-07-05,51.12919999988014,-77.01740000000996,7.0,1,31.1,2.5,21.7,35.0,54.6,25.75714285714286,4.0
2020-08-21,57.05466081872256,-71.30346409921579,8.0,0,10.8,2.5,12.4,79.0,84.5,20.09285714285713,1.0
2021-06-19,55.793725104746485,-63.11269713813208,6.0,0,14.6,5.7,20.2,78.0,25.0,7.807142857142856,1.0
2020-05-12,51.16271887481527,-64.67369186109134,5.0,0,5.0,0.6,15.0,50.0,28.6,4.871428571428573,5.0
2022-05-09,46.44499999999999,-72.95219999999989,5.0,1,21.4,0.0,13.9,16.0,12.8,14.45,5.0
2019-08-01,58.57582163527323,-61.541232835450174,8.0,0,5.6,2.6,25.8,95.0,33.1,5.6000000000000005,3.0
2018-06-06,47.49950000137543,-75.47269999968096,6.0,1,18.3,0.0,12.4,38.0,42.0,20.678571428571427,1.0
2023-06-01,47.29289999993512,-73.61919999988004,6.0,1,29.8,1.5,12.8,34.0,30.5,19.63571428571429,8.0
2023-09-22,51.01840957591932,-71.99316614810242,9.0,0,16.2,4.5,21.7,66.0,43.3,16.37857142857143,3.0
2019-06-13,45.97332426386209,-61.12833219212776,6.0,0,24.0,0.0,19.9,42.0,81.6,16.392857142857142,1.0
2023-05-06,45.69760000043971,-72.92290000013486,5.0,1,22.1,0.0,17.0,28.0,96.1,14.399999999999997,2.0
2023-05-10,46.658391922223714,-58.313175157570114,5.0,0,3.7,0.0,41.2,74.0,20.4,3.807142857142857,1.0
2019-08-16,53.43798153587425,-69.1776400576866,8.0,0,18.3,0.1,26.9,46.0,57.0,15.964285714285712,3.0
2023-05-18,49.27873058603162,-66.7399617132507,5.0,0,7.9,0.0,49.8,59.0,14.0,7.271428571428572,3.0
2018-07-02,46.22350000054919,-76.93779999986289,7.0,1,30.3,6.5,21.2,58.0,62.6,23.892857142857142,2.0
2023-07-01,47.343900000085,-79.31339999981009,7.0,1,25.7,7.0,14.2,56.0,31.3,25.87857142857143,1.0
2019-09-09,48.83949779460814,-62.55053810559398,9.0,0,12.6,0.0,38.8,65.0,124.4,16.757142857142856,1.0
2020-07-05,45.693700001217366,-73.86399999998937,7.0,1,27.9,0.3,11.9,38.0,25.2,27.92142857142857,6.0
2022-05-24,50.39304257683802,-69.88160206603355,5.0,0,15.1,0.1,16.1,29.0,51.3,11.935714285714289,2.0
2019-05-24,48.67309255178063,-79.22628166368207,5.0,0,17.7,0.0,18.3,39.0,37.7,12.835714285714284,1.0
2021-06-01,57.93051559597029,-69.48310743837023,6.0,0,9.3,1.6,27.6,60.0,38.3,5.871428571428572,4.0
2023-07-23,52.00998924861652,-78.12691959030485,7.0,0,22.8,0.0,15.7,55.0,37.0,22.142857142857142,4.0
2023-06-20,45.77330000019492,-74.1008000002198,6.0,1,22.3,0.4,12.5,59.0,82.4,20.471428571428568,3.0
2021-06-11,45.964800000869296,-75.74280000037993,6.0,1,22.8,0.3,9.3,38.0,12.8,22.585714285714285,6.0
2022-08-28,53.84302383878408,-64.77830270890098,8.0,0,16.7,14.8,37.4,78.0,24.4,18.82857142857143,1.0
2024-05-12,47.49390000000005,-79.31359999999995,5.0,1,18.4,0.0,20.0,36.0,42.4,15.685714285714283,1.0
2024-09-07,46.987100000000055,-71.39659999999998,9.0,1,21.8,6.3,19.0,58.0,50.3,21.792857142857144,6.0
2019-09-05,46.10131499915333,-57.616685132124886,9.0,0,18.1,3.9,40.3,78.0,37.0,18.278571428571432,2.0
2023-06-25,52.25829999964532,-66.72499999965021,6.0,1,18.8,3.9,16.3,37.0,13.7,20.37857142857144,9.0
2018-05-11,45.250900000611566,-72.0423000004965,5.0,1,12.2,0.2,23.9,39.0,39.0,17.82857142857143,1.0
2018-07-31,50.25470000101083,-66.6454999998326,7.0,1,27.5,0.8,17.2,43.0,35.4,22.557142857142853,5.0
2019-08-25,56.50108826031882,-63.589676680688775,8.0,0,16.5,0.0,29.2,60.0,56.1,12.664285714285716,4.0
2018-09-07,53.115715669119446,-75.75938179080858,9.0,0,7.5,7.1,37.1,61.0,57.7,16.085714285714285,1.0
2019-07-16,52.623916597072615,-61.22874945675208,7.0,0,23.9,0.1,13.4,38.0,42.9,16.214285714285715,1.0
2023-06-20,53.76719999968032,-78.86579999987003,6.0,1,26.3,0.0,26.5,43.0,1.5,20.51428571428572,10.0
2020-06-14,48.09980000058602,-65.46510000034871,6.0,1,13.8,0.0,16.9,51.0,24.4,16.164285714285718,3.0
2024-08-27,54.17116222408298,-61.637910234562696,8.0,0,26.1,3.3,33.1,43.0,15.9,21.85,2.0
2022-08-03,55.43687336391649,-62.298115078579166,8.0,0,16.7,0.0,33.1,45.0,71.60000000000001,14.707142857142856,1.0
2022-05-16,51.04252178083147,-59.30080503699058,5.0,0,5.5,5.2,13.8,64.0,11.0,9.264285714285714,2.0
2020-09-09,49.16055078709613,-72.5072869763163,9.0,0,13.2,1.4,9.7,57.0,79.9,16.942857142857143,2.0
2020-06-20,53.38879564877859,-61.73844028730325,6.0,0,14.7,0.2,11.5,41.0,20.0,12.164285714285713,2.0
2022-05-25,46.74720000000013,-73.87630000000001,5.0,1,20.1,0.0,13.9,34.0,71.2,20.178571428571427,3.0
2020-05-21,45.85090000092809,-76.43360000025254,5.0,1,24.0,0.0,14.0,25.0,13.7,12.107142857142858,6.0
2020-07-24,51.20230000124665,-58.73120000034272,7.0,1,23.4,0.0,12.3,56.0,37.7,21.5,4.0
2019-05-11,55.94513044649136,-59.57879021982721,5.0,0,0.7,0.0,41.6,86.0,23.4,0.3357142857142857,9.0
2022-07-22,45.74700000000013,-76.39299999999997,7.0,1,27.4,0.0,15.5,39.0,34.0,25.264285714285712,1.0
2021-08-12,48.09190000107439,-77.77860000062195,8.0,1,27.2,1.1,21.1,39.0,40.0,22.235714285714288,2.0
2022-05-02,45.85840000000008,-73.42399999999992,5.0,1,19.0,1.1,22.0,45.0,53.9,11.864285714285714,5.0
2019-09-15,56.15518688746787,-69.70146694026569,9.0,0,8.2,1.0,24.5,80.0,28.7,7.985714285714285,1.0
2020-06-08,49.77530000113372,-68.01959999981196,6.0,1,14.2,0.0,24.7,35.0,29.8,17.385714285714286,3.0
2018-06-28,49.597000001229866,-74.65679999980068,6.0,1,26.8,1.0,15.1,36.0,24.7,20.92142857142857,4.0
2024-06-03,45.43700000000007,-72.47669999999994,6.0,1,27.5,0.0,11.1,31.0,24.3,22.307142857142857,6.0
2019-07-27,52.003500001136445,-69.38880000068382,7.0,1,26.0,0.6,20.5,45.0,43.0,18.72142857142857,3.0
2019-05-09,48.01370000052663,-66.74180000039047,5.0,1,14.3,0.0,14.5,41.0,28.4,8.799999999999999,2.0
2020-07-05,53.128391916835625,-68.40072400382697,7.0,0,16.2,0.3,13.4,54.0,68.10000000000001,19.0,2.0
2022-06-04,55.60106640558291,-62.66283846955639,6.0,0,7.2,0.0,14.7,64.0,36.2,3.857142857142857,4.0
2022-05-13,46.78910000000008,-70.00740000000002,5.0,1,28.2,0.0,20.7,29.0,5.8,14.55714285714286,9.0
2020-08-13,55.12644546981162,-58.62261691079119,8.0,0,14.9,11.9,34.5,83.0,14.2,15.12142857142857,1.0
2022-08-07,49.652675651732096,-62.7742004007053,8.0,0,23.4,5.0,30.3,56.0,30.7,23.692857142857143,2.0
2020-05-22,45.86450000079965,-76.43340000023647,5.0,1,26.6,0.0,13.3,23.0,13.5,13.157142857142857,7.0
2023-06-01,49.00349999972525,-79.43319999988006,6.0,1,31.2,4.9,14.1,27.0,16.3,18.985714285714288,9.0
2020-07-04,47.47810000072515,-78.25360000008779,7.0,1,24.4,1.0,12.1,34.0,63.6,25.52142857142857,2.0
2022-08-27,55.3055246593712,-63.80139170831983,8.0,0,12.1,3.9,26.1,45.0,20.4,18.49285714285714,1.0
2019-07-05,52.19684739444281,-61.82928607331608,7.0,0,22.4,0.9,11.8,54.0,52.0,14.992857142857142,7.0
2018-06-20,50.25380222038798,-76.5108091699182,6.0,0,16.2,1.4,18.9,54.0,44.2,19.264285714285712,3.0
2022-08-03,55.17099200902379,-65.45425493601445,8.0,0,17.9,0.4,25.6,44.0,116.3,16.778571428571432,1.0
2019-07-25,55.1336223183845,-61.54311612544178,7.0,0,17.4,1.4,23.0,58.0,48.5,17.67857142857143,1.0
2018-07-04,46.49110000050615,-73.6506000004009,7.0,1,31.1,0.0,13.7,35.0,28.7,22.83571428571428,2.0
2022-05-14,54.17056804940401,-66.72308059254509,5.0,0,2.6,0.0,22.5,71.0,11.4,1.8285714285714287,9.0
2023-09-11,53.62342089717159,-58.3309450622275,9.0,0,16.4,0.1,11.4,48.0,104.2,15.421428571428573,2.0
2019-08-27,45.57630000093612,-75.64510000056895,8.0,1,25.2,0.5,18.4,45.0,26.8,23.928571428571427,6.0
2020-05-20,48.08800000088616,-65.21949999992376,5.0,1,18.9,0.0,17.5,32.0,17.7,10.178571428571429,2.0
2018-05-20,48.48972739998879,-67.46839512568465,5.0,0,13.1,7.6,27.0,40.0,14.5,13.335714285714284,3.0
2019-07-27,49.581700000867066,-68.39559999939371,7.0,1,30.2,0.0,15.6,36.0,41.7,23.092857142857145,4.0
2019-05-20,48.67852618287164,-73.97535694133634,5.0,0,10.2,21.6,17.7,91.0,43.7,8.985714285714286,1.0
2020-06-17,46.05760000082371,-73.75429999957376,6.0,1,29.5,0.0,11.8,33.0,22.3,21.82857142857143,6.0
2024-08-27,50.66558749797451,-68.64686439325126,8.0,0,24.7,7.9,18.9,60.0,57.3,23.36428571428572,8.0
2024-06-05,52.31580000000008,-67.74749999999995,6.0,1,25.6,2.7,13.7,39.0,76.60000000000001,13.785714285714286,6.0
2024-05-19,46.45570000000003,-76.16429999999995,5.0,1,25.9,0.1,14.3,39.0,18.1,17.821428571428573,1.0
2018-07-01,49.68757770667287,-71.27842404197027,7.0,0,25.6,2.4,14.6,51.0,17.599999999999998,21.15,1.0
2022-07-27,46.68750000000006,-73.7364,7.0,1,23.4,0.0,13.4,46.0,33.3,24.12142857142857,3.0
2021-09-04,54.161199783417096,-69.66024555278119,9.0,0,15.4,0.0,16.0,54.0,59.4,15.842857142857143,3.0
2018-05-14,48.58720000129746,-78.07550000046791,5.0,1,17.0,0.0,18.6,46.0,34.0,13.04285714285714,4.0
2024-07-09,48.96700000000004,-66.21709999999996,7.0,1,25.9,7.4,16.1,52.0,64.5,21.42142857142857,3.0
2020-06-17,46.4815000012847,-72.81630000009342,6.0,1,31.1,0.0,16.9,27.0,12.3,22.12142857142857,6.0
2018-07-02,49.54580000126971,-69.70200000027336,7.0,1,31.8,3.4,22.6,35.0,13.4,19.307142857142857,2.0
2021-09-17,52.98236892457282,-62.56812338359198,9.0,0,18.5,0.0,29.7,45.0,67.8,12.085714285714284,1.0
2019-07-26,50.70796187444553,-66.6428935927197,7.0,0,24.3,0.0,16.5,40.0,64.3,19.47142857142857,3.0
2020-08-01,46.09320000109132,-73.87379999960251,8.0,1,26.3,0.7,11.2,50.0,50.3,25.77142857142857,2.0
2020-05-04,46.15514062517324,-75.64161383870294,5.0,0,5.8,0.0,23.7,48.0,31.3,9.335714285714287,3.0
2021-08-20,46.707500001027086,-75.2155000001523,8.0,1,29.6,0.0,7.0,56.0,41.1,25.06428571428571,7.0
2020-06-14,47.20550000128752,-73.24559999951542,6.0,1,18.4,0.0,14.1,28.0,18.7,16.72142857142857,3.0
2024-05-07,47.565100000000015,-78.67669999999998,5.0,1,17.8,0.0,17.1,36.0,36.1,12.571428571428571,2.0
2019-06-29,48.39550000092975,-70.51809999960855,6.0,1,23.7,0.1,11.4,45.0,54.1,20.42142857142857,2.0
2023-05-14,46.12209999991512,-74.47110000036469,5.0,1,14.1,0.0,18.1,30.0,64.4,14.714285714285714,10.0
2020-05-21,45.88080000134111,-74.44449999997,5.0,1,22.3,0.0,15.9,22.0,13.0,11.507142857142858,6.0
2024-08-24,57.717994136552846,-77.41555660484727,8.0,0,12.7,0.2,23.9,93.0,33.0,12.657142857142857,6.0
2023-05-15,50.49663228075377,-62.25133678493124,5.0,0,11.5,4.8,15.6,69.0,14.9,12.092857142857143,1.0
2019-08-25,47.81609313486115,-68.73172901413997,8.0,0,22.3,0.0,6.4,41.0,40.5,20.90714285714285,2.0
2020-05-22,46.04000000125389,-75.91950000062059,5.0,1,27.7,0.0,14.8,20.0,11.2,13.264285714285714,7.0
2021-05-29,46.2581000009829,-74.05839999959936,5.0,1,14.8,0.0,11.0,25.0,10.9,21.00714285714286,3.0
2020-09-16,52.27663253139716,-68.75355573780202,9.0,0,6.5,9.3,24.0,91.0,103.0,11.078571428571427,2.0
2024-06-14,52.42083927397295,-75.51102328647339,6.0,0,10.5,1.6,25.9,76.0,19.0,22.664285714285715,1.0
2023-08-13,53.83906857315384,-70.11106703319804,8.0,0,19.9,2.7,19.8,57.0,67.8,17.142857142857142,1.0
2021-07-02,57.30716603699672,-60.26377119133147,7.0,0,4.9,0.0,20.2,85.0,13.4,6.714285714285714,11.0
2023-05-18,48.090899999635326,-77.87850000027476,5.0,1,13.5,0.0,14.2,29.0,17.7,14.878571428571432,2.0
2018-09-19,55.94694877182114,-68.20246937504365,9.0,0,5.6,0.0,12.7,47.0,61.1,10.114285714285714,3.0
2018-07-13,45.35440000135066,-73.66409999985467,7.0,1,29.0,0.0,12.5,35.0,27.1,29.464285714285715,7.0
2019-07-28,46.29460000058016,-74.2920000004225,7.0,1,25.0,2.1,18.1,53.0,18.3,23.8,7.0
2018-05-14,45.83000000068003,-73.95019999973889,5.0,1,23.1,0.0,20.1,28.0,35.0,17.807142857142857,4.0
2021-05-15,45.93370000126892,-74.29710000056436,5.0,1,19.3,0.2,14.4,30.0,18.7,11.87142857142857,4.0
2021-07-27,55.9433452305942,-67.33970146210001,7.0,0,11.4,0.3,11.9,62.0,24.5,18.914285714285715,1.0
2021-06-07,48.188300000773225,-78.46909999954009,6.0,1,30.2,0.9,25.9,42.0,23.6,20.057142857142857,2.0
2020-06-12,45.94780000062423,-73.77089999963509,6.0,1,20.0,0.1,26.9,42.0,33.9,21.157142857142865,1.0
2023-09-08,58.23639930879962,-65.71641713862408,9.0,0,6.1,0.0,14.2,63.0,55.5,12.421428571428574,2.0
2024-05-02,48.29380000000003,-70.68789999999996,5.0,1,16.5,0.0,17.2,41.0,19.0,11.385714285714284,4.0
2019-08-20,47.55710000047632,-78.49110000044844,8.0,1,26.1,0.0,17.6,45.0,36.5,21.50714285714286,1.0
2018-09-09,58.53914739291147,-64.1989027948645,9.0,0,0.9,0.5,20.1,80.0,91.7,4.65,1.0
2024-05-11,46.392300000000034,-72.57139999999998,5.0,1,18.0,0.1,13.4,32.0,36.8,15.678571428571429,2.0
2023-05-07,46.09849999977524,-73.48630000004493,5.0,1,22.1,0.0,21.7,24.0,132.0,13.17857142857143,3.0
2018-05-19,45.928600000788585,-74.39840000016598,5.0,1,16.1,6.6,20.3,39.0,7.6,16.128571428571426,9.0
2019-05-01,53.52509955541487,-68.36225859939549,5.0,0,-9.5,0.0,39.7,77.0,37.6,-1.7428571428571429,1.0
2020-08-06,53.25466212305792,-61.088381117824994,8.0,0,21.4,11.6,15.9,63.0,34.0,20.52142857142857,3.0
2023-07-07,56.84740000040972,-67.42200000019983,7.0,1,14.5,19.8,18.0,83.0,19.1,22.871428571428567,1.0
2023-06-01,49.33040000035976,-67.88959999974014,6.0,1,31.2,0.5,16.8,29.0,30.4,15.714285714285714,7.0
2021-06-01,46.08060000115454,-75.15880000044554,6.0,1,20.9,0.0,18.4,40.0,8.2,21.142857142857142,6.0
2018-07-24,57.81622370638237,-62.65040607737352,7.0,0,13.8,0.0,19.4,61.0,20.8,15.96428571428571,6.0
2024-05-30,49.81220000000008,-67.27409999999998,5.0,1,10.0,0.0,18.4,49.0,60.5,13.2,1.0
2018-06-20,52.196404431956886,-58.18927401091482,6.0,0,13.3,3.6,13.4,52.0,30.9,8.092857142857143,2.0
2024-08-23,53.00743199096108,-61.17478032607333,8.0,0,22.5,3.8,7.2,46.0,38.5,22.82142857142857,4.0
2021-05-28,45.88060000082039,-75.99320000012513,5.0,1,11.2,0.0,11.5,35.0,7.5,22.81428571428572,2.0
2020-06-19,50.518600000903575,-77.45220000004353,6.0,1,31.1,0.5,19.6,33.0,20.1,18.57857142857143,7.0
2023-05-04,58.14013699566608,-68.0624939834856,5.0,0,16.9,0.0,16.4,44.0,12.4,11.364285714285714,3.0
2024-06-05,51.31530000000004,-66.67339999999996,6.0,1,23.9,0.8,10.6,41.0,48.5,13.271428571428572,1.0
2019-07-08,49.60990000079241,-69.31449999960486,7.0,1,21.4,0.1,33.1,33.0,38.0,21.37857142857143,2.0
2019-05-26,52.46462793283107,-62.0058016234167,5.0,0,9.1,0.1,14.9,41.0,8.2,6.421428571428572,5.0
2023-07-01,54.85589999978521,-71.63849999997495,7.0,1,25.1,0.6,24.1,48.0,32.9,20.65,4.0
2022-09-21,49.65414290203632,-59.453847860313175,9.0,0,14.8,1.4,33.8,70.0,20.2,16.564285714285713,4.0
2018-05-05,55.83954555261647,-67.9754291037105,5.0,0,4.9,2.0,7.9,56.0,16.6,0.6714285714285715,4.0
2020-09-10,49.62009499459609,-66.41010987273128,9.0,0,9.5,17.8,32.1,86.0,29.5,14.007142857142856,7.0
2020-08-13,45.84312543609252,-69.4945541036539,8.0,0,27.3,0.0,15.0,34.0,15.500000000000002,25.45714285714286,8.0
2019-08-10,48.63294477025588,-78.94168859468145,8.0,0,18.2,3.6,19.6,54.0,61.2,22.807142857142857,1.0
2018-06-28,49.678900000983205,-74.32270000000648,6.0,1,26.8,0.0,16.8,35.0,26.4,20.128571428571423,4.0
2023-06-25,52.86327677847284,-79.25079256519666,6.0,0,5.7,0.0,18.7,86.0,0.1,8.292857142857143,14.0
2018-05-13,45.65940000096563,-75.03359999984879,5.0,1,19.7,0.0,12.5,27.0,31.0,17.214285714285715,3.0
2024-05-04,48.79000000000008,-78.01779999999997,5.0,1,22.1,0.0,16.5,31.0,37.3,9.385714285714286,1.0
2023-06-01,53.49529521399612,-77.53064132341257,6.0,0,17.5,0.0,20.4,32.0,8.6,13.485714285714286,5.0
2021-06-14,56.287463181450406,-74.2299885741514,6.0,0,13.3,0.3,22.4,59.0,39.6,6.8928571428571415,5.0
2018-08-13,58.20902332724701,-58.7363404251162,8.0,0,9.6,1.5,38.6,75.0,7.1,8.000000000000002,13.0
2021-07-19,46.55896304593461,-58.02848849372761,7.0,0,15.3,5.0,25.8,90.0,2.1,13.87142857142857,14.0
2020-08-07,52.65440000123336,-78.54640000060742,8.0,1,24.6,2.0,16.9,57.0,38.7,21.5,2.0
2020-06-15,48.72057310091304,-61.55151379125185,6.0,0,8.3,0.0,24.7,80.0,45.5,7.899999999999999,3.0
2020-07-20,55.40433033064678,-78.17773851055259,7.0,0,11.1,1.8,39.3,86.0,17.1,14.735714285714286,5.0
2024-08-17,48.044100000000064,-72.29229999999995,8.0,1,25.5,0.9,13.0,61.0,56.8,22.52142857142857,5.0
2018-08-01,58.54424981412386,-72.51893171526324,8.0,0,11.1,0.0,29.6,47.0,4.1,16.235714285714288,2.0
2022-05-13,46.81920000000008,-71.90139999999991,5.0,1,30.5,0.0,20.7,28.0,7.3,17.03571428571429,9.0
2024-07-16,54.70764531804549,-59.92958068856389,7.0,0,19.6,14.1,19.0,71.0,30.3,22.26428571428572,1.0
2022-06-13,51.69910108182807,-75.32063930999064,6.0,0,19.2,4.1,14.0,59.0,36.7,17.307142857142857,5.0
2024-09-21,45.06210000000004,-72.29869999999994,9.0,1,17.0,0.0,10.1,58.0,13.4,19.514285714285712,13.0
2020-07-26,57.362472476473016,-57.67307456433815,7.0,0,10.2,1.6,25.2,95.0,44.1,9.29285714285714,1.0
2020-09-11,47.06421759976673,-66.09641428223131,9.0,0,15.0,1.1,14.1,41.0,44.0,20.11428571428572,1.0
2018-08-24,49.25690075783671,-74.40929454615595,8.0,0,24.5,0.6,20.8,39.0,77.2,23.35714285714285,2.0
2018-06-01,49.49264232139536,-68.42482672724947,6.0,0,25.3,6.2,22.4,63.0,17.7,14.1,3.0
2021-06-23,48.71830000059613,-75.14579999937767,6.0,1,16.3,0.6,22.2,44.0,24.2,19.07857142857143,2.0
2022-07-04,52.77119725454014,-65.65373097244752,7.0,0,8.7,9.3,44.5,72.0,46.5,15.85714285714286,1.0
2023-06-19,48.25950000002501,-78.98559999994,6.0,1,25.7,0.0,8.8,34.0,19.5,20.67142857142857,6.0
2023-05-08,54.5131946986444,-61.60223701939572,5.0,0,1.7,0.9,23.3,55.0,2.3000000000000003,4.728571428571428,1.0
2018-05-14,45.81610000100525,-76.40780000034826,5.0,1,23.5,0.0,15.9,31.0,28.2,17.235714285714284,4.0
2019-09-05,48.16040000123744,-77.52310000067736,9.0,1,14.5,0.1,14.8,65.0,47.7,19.01428571428572,1.0
2019-05-12,49.99890395785047,-78.60646683975307,5.0,0,15.1,0.0,11.6,26.0,20.2,5.692857142857143,2.0
2020-09-06,57.03512958956063,-62.03002672856948,9.0,0,7.5,2.1,9.3,75.0,98.8,11.585714285714287,2.0
2020-07-28,50.95318249085108,-78.77556078182612,7.0,0,22.8,17.5,13.6,69.0,44.1,25.87857142857143,1.0
2021-06-07,49.589600000916384,-70.03610000043788,6.0,1,28.2,0.0,28.7,43.0,22.0,15.671428571428567,2.0
2018-05-28,50.95893476130627,-64.40411515521055,5.0,0,8.6,3.4,15.9,62.0,23.1,5.45,2.0
2023-05-27,49.67749999992509,-74.38139999981013,5.0,1,26.8,6.4,21.4,32.0,18.4,11.1,4.0
2020-05-14,46.25170000121558,-73.52529999955514,5.0,1,17.6,0.0,13.0,20.0,40.5,11.349999999999998,7.0
2022-09-23,57.07446061305295,-66.79044064454594,9.0,0,6.1,1.8,20.6,51.0,56.8,12.814285714285717,1.0
2023-07-08,51.52800000039974,-75.64500000034968,7.0,1,24.6,1.4,12.1,41.0,59.0,24.85714285714285,2.0
2023-08-07,52.56400000019988,-75.9367000001049,8.0,1,25.4,0.0,8.8,37.0,49.0,18.75,1.0
2020-05-21,45.77790000070624,-74.0988999994767,5.0,1,23.9,0.0,15.9,20.0,13.9,13.007142857142858,6.0
2019-07-15,47.088400000993225,-79.19710000045318,7.0,1,27.9,0.0,17.4,38.0,6.8,26.478571428571428,2.0
2021-06-22,53.95354966897919,-70.80091928617534,6.0,0,14.3,0.2,45.7,66.0,36.5,12.157142857142858,1.0
2020-07-25,50.76640000120383,-59.19040000064533,7.0,1,23.7,2.9,16.6,59.0,37.9,21.585714285714285,5.0
2018-05-18,45.9647000009581,-74.39430000039556,5.0,1,14.9,0.0,13.1,28.0,19.0,15.849999999999998,8.0
2020-05-17,48.77610000109527,-71.85929999955346,5.0,1,12.6,0.0,16.0,24.0,18.2,8.064285714285715,7.0
2019-06-22,48.270000001216026,-79.02670000069895,6.0,1,21.4,0.0,16.5,44.0,75.8,19.15714285714285,7.0
2020-06-22,45.731600000803766,-74.25480000012772,6.0,1,31.6,0.1,15.6,40.0,21.4,24.507142857142856,11.0
2023-07-05,55.68120000027983,-74.90269999990505,7.0,1,27.3,5.3,23.1,44.0,20.6,23.342857142857145,11.0
2018-07-18,47.62740000111138,-70.18289999941442,7.0,1,18.9,0.0,22.2,39.0,27.3,24.835714285714285,1.0
2024-06-05,50.45030000000003,-68.22849999999994,6.0,1,26.4,3.9,9.2,41.0,41.5,16.314285714285713,7.0
2022-07-08,53.00398608316521,-59.168405409875874,7.0,0,19.0,2.7,17.0,38.0,45.7,19.05,3.0
2019-08-02,53.7450936547784,-67.64118173713388,8.0,0,13.4,1.9,29.3,69.0,59.1,16.60714285714286,1.0
2018-07-09,55.7053295211137,-71.03751286401248,7.0,0,14.3,6.1,28.3,68.0,74.7,13.564285714285717,1.0
2024-07-08,53.62300000000005,-72.84379999999999,7.0,1,23.2,14.0,26.4,57.0,39.9,17.835714285714285,1.0
2023-06-01,49.56580000016993,-69.73470000030471,6.0,1,28.2,3.2,17.8,36.0,29.9,15.707142857142856,8.0
2019-09-08,52.65735405017956,-66.77905009024195,9.0,0,7.6,7.5,27.7,75.0,48.2,14.45,2.0
2018-06-01,51.071861793522174,-66.5598662494362,6.0,0,17.1,7.2,23.7,63.0,21.9,7.2,4.0
2021-09-04,46.12590000103474,-75.8094999998,9.0,1,21.1,0.1,9.7,53.0,23.2,24.15,5.0
2022-08-23,53.478880949728186,-64.92317795195594,8.0,0,18.8,0.3,23.7,49.0,27.2,20.321428571428573,1.0
2023-06-16,55.073240089149294,-61.31309535893752,6.0,0,3.6,7.2,25.1,90.0,24.7,12.807142857142855,1.0
2023-07-02,46.25861730297895,-69.21516048775305,7.0,0,23.7,1.1,20.5,65.0,44.6,22.45714285714286,2.0
2019-05-06,55.54680379064108,-66.17218013306046,5.0,0,5.4,1.3,26.1,61.0,36.6,0.6357142857142856,6.0
2023-05-11,55.1254262992696,-78.00618485446648,5.0,0,17.4,0.6,28.5,50.0,13.9,5.921428571428572,10.0
2018-08-20,47.43840758465223,-61.10279524320636,8.0,0,19.5,0.0,22.9,67.0,59.3,21.02857142857143,2.0
2018-05-16,48.712187557341,-79.46950406893252,5.0,0,11.1,0.9,24.9,55.0,34.0,10.7,6.0
2023-06-03,48.78318154809086,-63.20469213564763,6.0,0,6.4,0.1,46.2,72.0,35.0,8.285714285714286,1.0
2018-05-18,46.02540000117925,-74.46780000011385,5.0,1,14.9,0.0,13.1,28.0,19.0,15.849999999999998,8.0
2023-06-04,46.30330000039476,-75.47399999990006,6.0,1,21.6,0.0,15.3,21.0,17.6,22.178571428571423,3.0
2018-08-20,48.4926000004881,-73.14290000003743,8.0,1,24.8,0.0,13.7,40.0,26.4,23.15714285714285,9.0
2022-05-09,46.30000000000001,-74.79109999999997,5.0,1,20.4,0.0,12.7,19.0,40.4,12.828571428571433,5.0
2023-09-14,55.66804688606616,-73.48866728034544,9.0,0,15.2,0.0,17.7,48.0,24.6,14.44285714285714,8.0
2020-08-22,58.66291422217477,-79.36035161254368,8.0,0,10.7,0.5,28.3,79.0,11.9,13.207142857142856,5.0
2021-07-18,56.9769954286636,-73.9288131756614,7.0,0,11.2,0.1,34.8,62.0,52.3,16.057142857142857,2.0
2019-08-06,56.511784004364856,-65.24713875079159,8.0,0,11.2,0.9,23.8,83.0,52.9,12.278571428571428,3.0
2024-08-04,46.61500000000007,-77.10559999999998,8.0,1,23.1,1.0,14.1,57.0,28.200000000000003,25.485714285714288,4.0
2018-08-18,47.40720000070187,-78.53679999934673,8.0,1,22.2,0.0,13.0,45.0,24.3,24.892857142857142,1.0
2019-06-19,49.36929894124454,-62.49367913858673,6.0,0,21.3,0.5,12.4,45.0,19.3,16.707142857142856,4.0
2019-08-12,50.76416372711802,-59.843177054104245,8.0,0,22.8,1.6,18.1,54.0,83.7,21.135714285714283,1.0
2021-07-05,58.37974997948143,-76.70994127778935,7.0,0,12.7,7.0,36.7,78.0,50.3,11.735714285714284,1.0
2020-06-15,56.45756929072326,-64.79321250987394,6.0,0,9.4,3.6,27.7,65.0,51.5,4.328571428571428,3.0
2018-08-16,53.40774641668112,-79.46747280989148,8.0,0,10.8,0.0,38.2,77.0,36.6,9.349999999999998,2.0
2018-07-02,47.4842000005703,-75.9668000004168,7.0,1,28.4,3.7,22.7,63.0,29.3,22.185714285714287,2.0
2020-06-16,49.78480000124899,-68.0276999995353,6.0,1,26.3,0.0,20.0,26.0,13.9,14.985714285714286,4.0
2024-05-21,55.75883904759915,-60.70654079067893,5.0,0,1.2,2.9,16.7,92.0,43.9,4.728571428571428,1.0
2023-06-02,49.74360000033983,-77.76379999977013,6.0,1,25.7,0.0,17.3,21.0,16.9,19.50714285714286,1.0
2019-07-19,49.11505326551376,-67.10686738618753,7.0,0,18.2,6.9,20.1,61.0,56.0,17.035714285714285,4.0
2020-05-17,45.98880000057524,-74.12619999977605,5.0,1,17.9,0.0,13.4,38.0,15.4,10.478571428571428,2.0
2023-06-01,48.99370000015495,-69.5202000002298,6.0,1,29.9,2.4,16.3,30.0,26.5,17.57142857142857,7.0
2022-09-09,49.51791760389979,-60.851424049592325,9.0,0,17.7,0.2,18.4,64.0,39.3,18.107142857142858,5.0
2021-06-02,53.49652250862128,-57.605743887717246,6.0,0,12.1,1.0,14.1,55.0,39.0,7.992857142857142,1.0
2018-06-14,52.36370998171049,-59.57396683400601,6.0,0,10.5,0.0,16.4,45.0,56.3,6.235714285714285,1.0
2022-05-24,48.0209000000001,-65.32899999999995,5.0,1,13.4,0.0,15.3,39.0,40.1,14.814285714285711,1.0
2018-06-30,46.389300000884965,-76.90549999996459,6.0,1,27.6,35.6,15.9,70.0,19.1,22.92142857142857,2.0
2024-06-05,49.58910000000003,-69.24059999999997,6.0,1,26.6,0.1,9.2,36.0,30.4,17.692857142857143,8.0
2021-08-15,54.64789128194717,-63.86708249080033,8.0,0,17.7,0.2,21.9,48.0,49.5,17.771428571428572,1.0
2023-07-05,53.14080000021988,-76.83779999957028,7.0,1,28.9,17.6,17.8,46.0,3.9,25.4,8.0
2022-05-08,45.64800000000014,-75.5949,5.0,1,17.3,0.0,12.0,25.0,64.4,13.3,4.0
2018-08-10,50.074704834736686,-65.01276859660632,8.0,0,17.5,7.1,50.8,66.0,41.2,17.02142857142857,1.0
2023-07-22,55.633978523588965,-57.92371880532548,7.0,0,13.2,3.8,25.7,86.0,12.6,11.792857142857144,3.0
2024-05-27,57.213619211337175,-71.15034628987108,5.0,0,19.3,2.1,24.7,42.0,25.9,8.114285714285714,7.0
2022-08-19,54.737748407898295,-74.60431674255358,8.0,0,25.0,0.0,13.0,36.0,32.3,18.05,9.0
2020-06-07,45.67330000137896,-75.6229999996958,6.0,1,18.8,0.0,17.7,34.0,46.3,22.435714285714287,4.0
2018-05-22,48.717700000934926,-78.94910000041529,5.0,1,22.9,0.0,18.0,29.0,26.9,14.278571428571428,3.0
2022-06-19,58.47223023215388,-73.1067754365037,6.0,0,10.5,0.8,18.5,54.0,28.7,16.650000000000002,2.0
2020-09-22,56.21356424165488,-73.54774747959536,9.0,0,12.7,3.9,35.7,75.0,54.9,8.135714285714286,3.0
2021-06-18,53.6148000011212,-78.89540000045972,6.0,1,20.3,1.8,21.5,67.0,18.0,10.750000000000002,1.0
2018-05-22,48.77660000068923,-79.0366000003896,5.0,1,22.4,0.0,20.1,31.0,28.8,14.02142857142857,3.0
2021-05-28,48.07910000097252,-77.91469999963975,5.0,1,12.2,0.0,13.2,29.0,29.9,20.5,3.0
2018-08-13,47.33789826378601,-65.07573320244461,8.0,0,29.9,0.0,15.9,46.0,46.8,26.721428571428568,4.0
2021-08-02,45.381741208612674,-75.37827724608253,8.0,0,22.3,0.1,17.7,42.0,51.3,23.550000000000004,1.0
2021-07-17,45.75960963541222,-67.06194507331885,7.0,0,25.9,0.0,12.5,50.0,114.4,22.37857142857143,1.0
2022-05-13,45.9819,-70.6959,5.0,1,28.8,0.0,17.7,35.0,7.1,15.65,9.0
2022-08-23,57.80950130207911,-79.18227974770446,8.0,0,8.7,7.7,53.8,81.0,22.6,9.12142857142857,2.0
2019-08-07,54.39851795816203,-74.48848007962624,8.0,0,21.2,0.2,20.3,56.0,76.7,16.442857142857143,1.0
2020-07-07,46.28660000055962,-77.47730000017201,7.0,1,31.6,3.6,15.1,34.0,38.1,25.27857142857143,2.0
2020-05-14,46.13460000078401,-74.70319999999488,5.0,1,15.1,0.2,10.7,26.0,24.9,9.742857142857144,7.0
2023-05-29,47.58800000000008,-69.59489999973516,5.0,1,17.6,0.0,17.4,35.0,31.6,16.1,4.0
2021-06-07,55.06581965365075,-61.15591244835039,6.0,0,15.2,11.7,20.1,69.0,30.8,9.092857142857143,2.0
2020-08-03,49.90677874900874,-73.58478033794933,8.0,0,21.3,7.8,21.3,52.0,87.6,23.12142857142857,1.0
2022-06-13,52.37078156740528,-60.127911451437065,6.0,0,19.8,0.0,8.8,38.0,20.6,10.30714285714286,2.0
2020-07-30,48.49250000059679,-74.06300000017254,7.0,1,20.1,11.6,13.4,72.0,102.5,23.34285714285713,1.0
2023-05-11,45.92079999972026,-73.88780000006989,5.0,1,23.8,0.0,16.9,25.0,91.6,14.485714285714286,7.0
2022-05-08,46.29180000000008,-74.76189999999997,5.0,1,17.4,0.0,12.8,23.0,40.6,12.292857142857144,4.0
2024-08-22,48.36166537984464,-69.17511528309835,8.0,0,12.2,6.2,30.8,86.0,79.1,14.292857142857144,2.0
2022-06-06,47.28561297643977,-68.73047182147863,6.0,0,18.0,1.1,11.2,46.0,87.8,17.15,1.0
2018-09-12,50.09015151508728,-58.0493378521772,9.0,0,15.9,11.8,38.8,84.0,55.6,16.92142857142857,4.0
2018-06-17,57.085277618470485,-78.07801157345902,6.0,0,4.9,0.0,23.4,88.0,6.3,2.7,6.0
2020-08-03,51.22975088123237,-74.65869972429974,8.0,0,20.6,0.0,18.9,47.0,66.0,22.121428571428577,1.0
2019-08-16,50.46766230703622,-72.34828120703155,8.0,0,19.6,0.2,15.1,46.0,71.5,17.992857142857144,4.0
2020-05-03,45.32410000056707,-72.78589999993409,5.0,1,19.3,1.0,21.8,45.0,17.3,11.314285714285717,2.0
2020-08-16,49.91780000085417,-74.35340000052543,8.0,1,25.8,0.5,19.8,37.0,86.5,23.12142857142857,5.0
2019-07-21,55.582990624593776,-67.46591958284327,7.0,0,10.9,1.2,22.4,67.0,58.6,17.6,1.0
2020-06-30,48.18970000102104,-77.56719999938271,6.0,1,29.2,0.0,8.0,37.0,63.1,26.07142857142857,3.0
2019-08-23,57.785498152803726,-77.87606715739766,8.0,0,8.4,0.0,18.1,85.0,39.7,10.185714285714283,3.0
2021-09-28,48.95598741570355,-70.20824870882097,9.0,0,9.1,0.2,16.7,58.0,86.1,15.685714285714283,1.0
2020-09-25,55.95042679144454,-68.6321486331497,9.0,0,2.2,1.4,34.6,66.0,35.9,9.114285714285714,1.0
2018-08-25,58.66704742336378,-72.94634080661505,8.0,0,6.2,5.2,49.5,75.0,40.3,12.0,1.0
2021-05-30,45.32110000090873,-72.6053000004598,5.0,1,17.7,2.0,12.7,33.0,10.6,22.292857142857144,4.0
2021-05-24,45.84040000129902,-72.31849999950501,5.0,1,18.2,0.0,12.8,33.0,16.7,21.635714285714283,1.0
2024-07-27,52.441200000000045,-70.10559999999998,7.0,1,22.5,8.1,33.8,53.0,52.0,17.96428571428571,2.0
2018-07-14,47.05140000079396,-79.23419999960748,7.0,1,28.7,2.1,11.6,46.0,77.8,27.535714285714285,1.0
2022-08-10,46.54399999999998,-72.89080000000001,8.0,1,23.0,0.2,15.7,57.0,79.0,24.178571428571427,1.0
2023-06-05,52.531528432168514,-63.730634009770974,6.0,0,17.6,0.1,18.1,36.0,22.6,12.707142857142856,6.0
2019-05-18,47.144816897584256,-63.66483060932172,5.0,0,4.4,1.1,33.5,81.0,36.1,4.75,2.0
2022-08-01,46.38230000000004,-76.12880000000001,8.0,1,28.9,0.9,21.1,36.0,51.1,25.15714285714285,4.0
2018-05-07,46.79451318479127,-68.65952516074805,5.0,0,11.3,0.0,14.8,24.0,99.7,13.62142857142857,2.0
2021-08-25,46.389651343725525,-67.67620581274163,8.0,0,28.8,0.0,11.2,50.0,65.8,27.60714285714286,1.0
2019-06-23,46.44470000106298,-72.76259999979757,6.0,1,26.4,0.0,23.7,30.0,51.8,22.014285714285712,3.0
2022-07-15,54.477381826133794,-73.64444107102963,7.0,0,20.1,0.3,20.3,45.0,65.7,13.464285714285714,1.0
2021-08-01,53.37828227784518,-69.28259305275157,8.0,0,12.3,3.4,21.3,65.0,24.1,16.064285714285713,1.0
2020-05-29,45.77850000096101,-71.90459999940654,5.0,1,30.5,5.1,24.7,37.0,12.3,23.2,4.0
2021-09-03,46.725100001334056,-75.05660000020922,9.0,1,18.9,1.8,16.8,65.0,32.1,23.56428571428572,4.0
2024-08-03,55.36913739077838,-76.06449312885307,8.0,0,13.7,4.1,38.7,75.0,39.3,18.657142857142865,1.0
2019-07-09,46.56884680065294,-66.58556080212846,7.0,0,21.9,0.0,21.0,36.0,43.0,22.464285714285715,3.0
2022-07-09,50.30000000000007,-66.40660000000003,7.0,1,17.5,0.2,29.2,44.0,44.1,19.55,1.0
2019-09-13,46.81912712808648,-74.73126261847929,9.0,0,16.2,3.3,22.9,39.0,68.5,15.885714285714286,2.0
2019-07-16,58.64342303473631,-73.74537092522017,7.0,0,15.9,5.6,35.4,49.0,37.5,17.057142857142857,1.0
2023-07-03,45.75215660378309,-79.2482236069214,7.0,0,28.1,1.3,11.5,49.0,33.5,25.164285714285715,1.0
2023-05-26,50.14689999973524,-66.50720000027974,5.0,1,15.4,0.0,14.2,43.0,41.7,11.914285714285716,2.0
2024-09-17,48.797600000000045,-71.50739999999996,9.0,1,25.0,0.2,11.9,60.0,11.4,21.164285714285715,8.0
2021-06-13,49.228500000635705,-70.23979999977408,6.0,1,17.9,0.0,14.1,25.0,9.7,18.15714285714286,8.0
2020-08-18,57.68405125344774,-78.76376052559108,8.0,0,12.6,0.2,35.6,79.0,15.8,13.378571428571428,2.0
2024-05-21,49.83343647947488,-69.85408562332913,5.0,0,22.3,0.2,22.5,30.0,13.2,15.257142857142856,2.0
2024-07-01,57.17193130833927,-61.20861383891943,7.0,0,13.3,1.4,32.5,51.0,55.7,11.735714285714286,1.0
2018-06-11,55.1274557781032,-73.55198985545498,6.0,0,13.4,11.2,41.3,48.0,41.6,2.478571428571428,10.0
2021-07-09,54.64082442780061,-65.39202686228573,7.0,0,14.8,0.0,24.4,58.0,32.5,17.557142857142857,2.0
2020-05-24,48.28598088354627,-61.20242657388376,5.0,0,4.8,0.0,32.2,72.0,25.7,3.985714285714286,7.0
2022-05-13,48.19010000000014,-68.98649999999998,5.0,1,24.7,0.0,16.7,36.0,12.3,11.778571428571428,9.0
2022-05-09,46.155300000000125,-74.69400000000002,5.0,1,20.3,0.0,13.4,20.0,40.7,13.307142857142852,5.0
2024-05-28,52.07574224989996,-57.66618275255557,5.0,0,10.8,3.6,35.6,67.0,40.6,10.221428571428572,2.0
2019-08-25,45.76320000126803,-74.20780000060024,8.0,1,22.3,0.0,10.9,46.0,26.3,23.085714285714285,3.0
2021-05-14,46.21180000058375,-70.60859999957532,5.0,1,17.7,1.1,16.6,41.0,54.7,12.035714285714286,2.0
2022-08-15,57.40347232234079,-61.62296095089217,8.0,0,17.7,0.4,20.2,43.0,82.2,16.442857142857143,3.0
2022-06-23,46.02311630103571,-75.66324693304517,6.0,0,22.2,3.6,13.5,69.0,71.2,20.54285714285714,1.0
2021-06-12,48.7744980349743,-72.84033135322244,6.0,0,22.3,0.0,17.1,21.0,8.2,21.15,7.0
2023-06-01,49.079200000379785,-75.00289999993498,6.0,1,29.3,1.6,18.0,31.0,30.6,17.09285714285714,8.0
2019-05-26,56.91314137781982,-65.43013853332994,5.0,0,9.3,0.6,26.7,55.0,4.1,8.0,5.0
2022-05-09,45.93470000000002,-73.87260000000003,5.0,1,19.4,0.0,14.0,23.0,11.5,14.092857142857142,5.0
2018-06-20,47.41730694336961,-70.72207479283486,6.0,0,16.6,0.8,30.6,44.0,70.1,15.414285714285713,2.0
2024-07-11,50.17350000000005,-66.71319999999999,7.0,1,23.7,0.0,14.9,38.0,44.5,22.478571428571424,2.0
2020-05-19,45.7842000013382,-76.14790000035742,5.0,1,17.5,0.0,13.6,31.0,13.3,11.014285714285714,4.0
2018-07-19,47.24450000059264,-70.23779999954182,7.0,1,25.2,0.0,26.5,38.0,22.9,25.1,2.0
2018-06-27,46.75520000075852,-79.10619999929784,6.0,1,26.5,0.0,15.5,36.0,24.8,23.107142857142858,3.0
2018-06-26,48.1624000009779,-67.13230000052032,6.0,1,21.4,0.0,14.4,34.0,59.3,20.15,1.0
2024-08-25,54.9179979686021,-75.8139861745316,8.0,0,16.7,0.2,13.8,73.0,5.7,21.092857142857145,1.0
2021-05-22,46.19041204381134,-71.88204484047078,5.0,0,27.2,0.4,20.0,51.0,20.6,20.164285714285715,6.0
2023-07-08,53.68400000029982,-73.78599999999994,7.0,1,24.5,0.0,18.8,29.0,35.4,23.31428571428571,2.0
2022-05-07,45.89920000000012,-74.3435,5.0,1,11.4,0.0,16.8,30.0,21.9,11.95,3.0
2019-06-06,54.57940131691412,-63.80417396591188,6.0,0,3.6,1.1,22.9,81.0,55.5,3.457142857142857,1.0
2022-07-19,54.78036079125867,-63.33219908276713,7.0,0,21.4,2.1,30.9,59.0,96.7,13.3,1.0
2022-06-05,46.408217471145534,-61.45838655138952,6.0,0,9.6,0.3,15.3,85.0,56.4,10.62857142857143,6.0
2021-08-21,46.068122721129335,-75.83720481154295,8.0,0,29.8,1.4,9.0,62.0,39.1,25.985714285714288,8.0
2022-05-12,47.56150000000002,-72.98699999999997,5.0,1,27.5,0.0,16.0,25.0,6.4,14.65,8.0
2018-09-11,46.4046199648885,-62.7597166032062,9.0,0,18.0,3.2,24.5,67.0,9.6,21.435714285714287,7.0
2020-07-07,53.39763874167453,-73.41317132958153,7.0,0,19.3,7.8,20.8,48.0,24.8,20.87142857142857,6.0
2021-09-15,45.35178514759583,-75.18840085335098,9.0,0,21.8,3.5,26.3,52.0,37.0,21.56428571428572,1.0
2021-08-11,49.17140000125615,-66.33559999932349,8.0,1,23.9,0.5,18.8,77.0,47.7,19.75,11.0
2018-06-02,48.08241663558878,-75.36034816243193,6.0,0,16.4,0.0,20.7,28.0,30.5,20.06428571428572,5.0
2020-05-13,45.76920000089969,-74.59699999987708,5.0,1,11.5,0.0,17.0,27.0,27.1,10.464285714285712,4.0
2019-05-01,58.61029833175087,-73.0166243145938,5.0,0,-8.7,0.0,31.0,83.0,26.1,-2.978571428571428,1.0
2021-05-29,46.35410000130933,-73.65770000023366,5.0,1,15.8,0.0,12.8,25.0,18.5,22.15,3.0
2021-05-09,45.98240000128198,-73.81749999964192,5.0,1,14.1,1.9,13.0,37.0,36.6,12.821428571428571,4.0
2019-09-10,46.26009197211986,-78.97474795370358,9.0,0,20.3,5.9,20.1,73.0,44.6,18.57857142857143,3.0
2020-08-02,49.95238032066036,-58.52451563367773,8.0,0,17.8,0.0,27.1,89.0,35.4,16.428571428571427,1.0
2024-08-10,54.05078653149836,-60.96990860613034,8.0,0,21.2,0.0,18.1,44.0,39.1,21.007142857142856,3.0
2020-05-13,45.221000000833584,-72.695800000082,5.0,1,11.0,0.0,20.8,31.0,24.7,11.642857142857142,2.0
2023-07-02,56.86629999964532,-66.16019999993,7.0,1,24.0,2.5,11.9,54.0,9.2,20.185714285714287,5.0
2018-05-23,46.40780000059058,-73.23649999954918,5.0,1,18.6,0.2,17.3,25.0,14.4,17.5,3.0
2021-05-14,52.4763345184282,-76.23204169746768,5.0,0,16.5,0.5,10.6,28.0,30.7,6.928571428571428,5.0
2018-05-25,52.56752035934057,-68.72021517187167,5.0,0,2.5,1.1,28.8,86.0,29.8,-0.6857142857142858,1.0
2018-06-07,49.49273444341701,-59.93839443184736,6.0,0,6.2,0.0,27.1,80.0,50.0,4.6571428571428575,5.0
2019-08-01,45.818900000714,-74.81859999995751,8.0,1,25.0,0.0,12.5,33.0,14.0,26.750000000000004,2.0
2024-07-08,50.38610000000005,-74.76449999999993,7.0,1,26.4,1.9,17.1,45.0,41.6,20.4,4.0
2021-05-30,46.98000000086577,-71.21029999961482,5.0,1,16.7,0.2,14.1,36.0,28.1,19.12142857142857,4.0
2021-05-30,45.45210000064598,-75.78069999991988,5.0,1,20.2,0.0,17.1,26.0,3.8,23.27857142857143,4.0
2024-09-04,57.16361669508655,-69.02235117454711,9.0,0,17.6,0.4,24.2,63.0,50.9,17.321428571428573,1.0
2018-07-22,46.96393637820994,-72.76139060834085,7.0,0,24.4,3.7,14.0,36.0,28.9,26.164285714285715,5.0
2020-05-25,58.45593734350239,-73.71143715060786,5.0,0,3.6,0.6,42.7,88.0,17.400000000000002,0.4071428571428571,1.0
2019-08-11,56.91136169285963,-57.67016997817791,8.0,0,9.6,7.0,28.5,96.0,69.2,8.857142857142858,1.0
2021-06-17,48.24890000119305,-79.05139999957208,6.0,1,25.7,0.0,24.0,30.0,12.0,22.15,4.0
2023-07-01,53.12316572978783,-72.26798791731636,7.0,0,21.1,0.7,15.6,62.0,47.2,22.04285714285714,3.0
2020-05-13,46.96080000077686,-71.35369999934426,5.0,1,10.2,0.0,21.5,24.0,47.1,10.021428571428572,1.0
2021-06-04,53.353311697340544,-70.62284640107836,6.0,0,10.1,1.7,28.3,51.0,39.6,9.45,1.0
2020-08-04,57.23849914747615,-71.84845037130579,8.0,0,21.6,0.0,13.7,46.0,15.9,18.47142857142857,2.0
2018-05-18,48.87870000070375,-72.95879999958767,5.0,1,9.9,0.0,13.5,33.0,32.5,10.907142857142857,2.0
2019-07-30,46.2581000009829,-74.05839999959936,7.0,1,25.3,3.4,16.4,63.0,12.1,24.95,9.0
2020-07-24,51.15360000104169,-62.06779999986958,7.0,1,24.7,6.4,8.8,48.0,17.099999999999998,23.978571428571428,4.0
2020-06-16,45.27300000085471,-72.96820000045726,6.0,1,26.2,0.0,9.0,31.0,29.2,21.82857142857143,5.0
2024-06-19,52.34037839781294,-69.15476871295155,6.0,0,28.7,8.5,30.4,52.0,46.3,20.29285714285714,2.0
2018-05-26,53.71223692478043,-77.93369207805834,5.0,0,5.8,0.0,23.1,50.0,28.0,2.885714285714286,2.0
2022-05-07 00:00:00,48.9233000000001,-78.96280000000002,5.0,1,13.0,0.0,13.7,27.0,19.9,8.514285714285716,4.0
2023-05-14 00:00:00,46.46610000041471,-72.92719999968023,5.0,1,15.4,0.0,23.9,26.0,84.1,15.885714285714286,10.0
2019-08-06 00:00:00,45.782200000775454,-73.97339999996223,8.0,1,28.2,0.9,11.5,49.0,12.0,27.02142857142857,6.0
2020-05-10 00:00:00,49.1379159418997,-77.1849456295994,5.0,0,0.5,3.2,22.4,62.0,53.7,5.649999999999999,1.0
2023-07-08 00:00:00,53.68400000029982,-73.78599999999994,7.0,1,24.5,0.0,18.8,29.0,35.4,23.31428571428571,2.0
2019-07-24 00:00:00,50.26994996370118,-68.63276884938655,7.0,0,17.0,0.3,11.0,53.0,80.6,20.642857142857142,4.0
2023-05-28 00:00:00,49.117300000094986,-68.44110000036471,5.0,1,23.1,0.3,31.8,38.0,26.5,13.2,3.0
2022-06-20 00:00:00,48.65446491304894,-65.14440495100115,6.0,0,8.5,0.2,17.7,76.0,65.3,18.142857142857142,1.0
2020-09-04 00:00:00,56.544724460674665,-77.21454449093635,9.0,0,11.8,26.4,40.4,83.0,8.7,11.164285714285713,1.0
2024-08-26 00:00:00,50.71959315781189,-70.59414350275618,8.0,0,24.2,0.1,13.2,46.0,25.9,21.957142857142856,7.0
2018-08-20 00:00:00,50.08400000055506,-66.9921000001653,8.0,1,27.0,0.0,14.8,38.0,47.8,22.985714285714288,10.0
2021-06-18 00:00:00,52.65980000066277,-77.00909999953168,6.0,1,23.1,5.5,11.0,47.0,14.9,17.057142857142857,11.0
2021-08-17 00:00:00,48.840700000719686,-72.3110000000517,8.0,1,29.8,0.0,15.4,48.0,23.6,25.8,4.0
2020-07-12 00:00:00,51.93051252738091,-79.11873216874618,7.0,0,10.2,4.2,25.2,82.0,18.6,16.421428571428574,1.0
2018-09-26 00:00:00,50.0062548166541,-67.98279218144725,9.0,0,16.1,17.5,19.8,88.0,85.5,14.107142857142858,1.0
2021-09-02 00:00:00,54.98150902088808,-76.78913878483219,9.0,0,17.2,0.0,20.7,52.0,43.6,17.57142857142857,1.0
2018-08-22 00:00:00,50.25560000111224,-76.20919999962094,8.0,1,17.1,24.3,23.5,45.0,37.2,21.97857142857143,1.0
2022-06-08 00:00:00,54.4183955898208,-76.641553527523,6.0,0,14.1,6.4,27.2,82.0,9.3,16.07857142857143,1.0
2021-06-23 00:00:00,48.44463722122162,-71.71994594431352,6.0,0,17.6,0.3,16.6,41.0,64.0,20.892857142857142,1.0
2023-09-30 00:00:00,46.35420000042973,-73.65669999980508,9.0,1,21.8,0.0,12.1,53.0,17.6,18.892857142857142,11.0
2020-05-04 00:00:00,55.10490635465123,-77.48597136737531,5.0,0,-7.2,0.0,24.3,71.0,0.3,-4.757142857142858,14.0
2018-08-20 00:00:00,51.22790346347166,-77.85345047011063,8.0,0,18.2,10.2,18.6,76.0,21.9,21.9,1.0
2020-09-05 00:00:00,45.961655167219135,-73.14576672509648,9.0,0,19.6,0.0,19.2,48.0,81.9,21.82142857142857,3.0
2022-06-11 00:00:00,47.3113654096837,-72.78636176164594,6.0,0,20.6,0.7,12.9,45.0,78.1,18.707142857142856,1.0
2024-08-08 00:00:00,47.42192185537738,-78.16095015443209,8.0,0,23.0,0.0,18.1,48.0,11.7,25.435714285714287,4.0
2024-09-13 00:00:00,49.46890000000007,-68.26429999999993,9.0,1,20.7,0.0,15.0,44.0,21.2,17.614285714285717,5.0
2019-05-10 00:00:00,50.24487673485763,-77.55251845070445,5.0,0,3.7,2.3,18.6,79.0,46.7,4.342857142857143,1.0
2019-06-03 00:00:00,50.1465160737249,-78.13903156231092,6.0,0,10.5,2.8,34.2,50.0,29.3,12.2,1.0
2021-08-20 00:00:00,49.38563040001317,-65.26572971622392,8.0,0,20.2,1.3,26.0,76.0,12.9,19.55,6.0
2022-05-10 00:00:00,46.29429999999997,-74.75630000000001,5.0,1,22.5,0.0,14.7,23.0,14.2,13.257142857142858,6.0
2022-05-08 00:00:00,46.274500000000046,-71.94169999999997,5.0,1,16.6,0.0,12.1,20.0,21.3,13.764285714285714,4.0
2020-05-22 00:00:00,48.54980000128363,-77.51559999938205,5.0,1,21.2,0.0,13.8,27.0,8.8,10.264285714285716,7.0
2020-07-08 00:00:00,53.23610000051031,-77.29520000022067,7.0,1,25.2,0.2,18.1,38.0,51.4,23.207142857142856,1.0
2023-06-16 00:00:00,51.40352257686422,-61.668399360358194,6.0,0,12.4,5.2,14.0,84.0,35.0,15.5,1.0
2023-08-02 00:00:00,58.23146278121495,-58.89722858161923,8.0,0,10.5,4.8,21.0,93.0,51.7,10.714285714285714,1.0
2020-07-06 00:00:00,57.771215310008216,-72.05286966531989,7.0,0,21.7,0.0,26.0,35.0,16.0,19.02142857142857,2.0
2020-09-19 00:00:00,46.26280000089289,-73.92579999948622,9.0,1,9.9,0.0,13.1,39.0,34.5,15.707142857142856,3.0
2020-05-13 00:00:00,51.31587370119503,-63.01651535686532,5.0,0,-1.0,7.7,39.3,70.0,38.3,4.0,3.0
2020-09-30 00:00:00,47.91000000052391,-67.2384999996693,9.0,1,22.8,10.3,41.0,65.0,16.9,16.857142857142854,2.0
2023-06-15 00:00:00,47.61769999995511,-73.51639999956029,6.0,1,20.7,8.0,12.6,63.0,22.8,20.2,1.0
2018-07-31 00:00:00,51.55940000126368,-63.55889999968364,7.0,1,25.4,3.3,13.4,44.0,40.5,23.85,1.0
2021-07-27 00:00:00,47.613931852605006,-76.59728420751696,7.0,0,20.3,0.0,11.5,44.0,124.1,23.21428571428571,2.0
2018-07-20 00:00:00,55.70330201525395,-59.14189716998303,7.0,0,10.4,0.2,27.2,78.0,40.6,9.057142857142855,2.0
2019-08-17 00:00:00,50.55752029202688,-72.24141755481915,8.0,0,22.1,0.9,14.9,48.0,60.6,18.02857142857143,5.0
2024-05-22 00:00:00,47.58800000000008,-77.21309999999994,5.0,1,26.2,10.6,24.9,52.0,12.3,18.41428571428571,5.0
2024-07-13 00:00:00,49.73460000000006,-74.53819999999996,7.0,1,27.1,4.3,23.3,47.0,69.7,22.51428571428572,4.0
2020-05-27 00:00:00,48.09700000112159,-77.76410000026577,5.0,1,30.2,0.1,20.0,43.0,19.0,18.664285714285715,1.0
2019-07-01 00:00:00,50.71280000105363,-75.58579999958535,7.0,1,25.0,4.5,20.7,44.0,20.4,18.492857142857144,2.0
2019-06-01 00:00:00,46.983200000858496,-79.19179999942878,6.0,1,18.2,0.0,11.0,39.0,61.5,15.135714285714286,3.0
2019-08-24 00:00:00,54.4735824721541,-72.87959632784798,8.0,0,18.3,0.0,22.0,45.0,69.3,15.814285714285717,4.0
2024-05-14 00:00:00,58.54236136972678,-72.5574453149641,5.0,0,-1.8,0.5,46.9,93.0,14.8,1.1357142857142857,8.0
2018-06-28 00:00:00,52.61860000117365,-76.69530000024398,6.0,1,26.4,0.3,23.9,37.0,23.6,17.05,2.0
2023-07-13 00:00:00,45.9767933912001,-61.532823064013726,7.0,0,25.7,1.1,17.7,67.0,91.7,22.61428571428572,1.0
2022-08-18 00:00:00,52.030496060409,-59.95042931872528,8.0,0,22.0,1.9,14.1,42.0,27.5,20.878571428571423,3.0
2018-07-04 00:00:00,46.49110000050615,-73.6506000004009,7.0,1,31.1,0.0,13.7,35.0,28.7,22.83571428571428,2.0
2019-07-07 00:00:00,46.78586775253526,-66.22059004618299,7.0,0,23.7,0.0,15.4,38.0,44.3,22.464285714285715,1.0
2023-08-18 00:00:00,46.28810000001505,-76.21419999973017,8.0,1,20.5,10.4,17.3,62.0,70.1,22.700000000000006,1.0
2019-07-28 00:00:00,48.73060000071431,-64.91259999992923,7.0,1,28.2,0.0,18.1,40.0,49.1,23.057142857142857,7.0
2023-05-11 00:00:00,46.41689999963535,-75.03649999987505,5.0,1,23.0,0.0,13.1,28.0,50.8,13.835714285714284,8.0
2023-08-22 00:00:00,53.643444022403855,-61.78532146075334,8.0,0,13.3,0.9,24.1,60.0,16.6,16.992857142857144,1.0
2021-08-12 00:00:00,58.40645580293719,-59.10647775662528,8.0,0,11.3,0.6,42.5,79.0,52.3,9.15,2.0
2022-05-26 00:00:00,54.3770197488152,-65.0843676450892,5.0,0,5.6,0.0,21.0,46.0,38.6,4.507142857142857,1.0
2020-07-05 00:00:00,49.79490000105049,-69.85139999956174,7.0,1,18.8,5.2,14.8,54.0,52.8,23.728571428571428,3.0
2022-05-15 00:00:00,47.171200000000056,-76.86109999999996,5.0,1,25.9,5.3,13.0,40.0,5.9,18.257142857142856,11.0
2022-08-22 00:00:00,50.23000000000008,-66.34809999999993,8.0,1,21.1,4.4,16.9,81.0,26.5,20.65714285714285,3.0
2019-07-08 00:00:00,49.45293185539782,-77.68742841665069,7.0,0,26.1,0.0,16.3,27.0,34.7,24.27142857142857,3.0
2023-05-28 00:00:00,58.51021332933487,-75.95888989488941,5.0,0,8.6,0.0,18.2,52.0,17.8,2.685714285714286,6.0
2023-06-05 00:00:00,50.90550000002503,-72.50399999990003,6.0,1,19.8,1.5,24.0,41.0,18.6,17.37857142857143,12.0
2022-09-02 00:00:00,48.00440000000003,-68.40039999999993,9.0,1,18.1,0.0,16.3,48.0,48.0,22.028571428571432,1.0
2023-06-01 00:00:00,48.77210000001503,-70.50150000012485,6.0,1,26.9,1.1,15.5,33.0,38.4,15.242857142857142,8.0
2022-07-24 00:00:00,48.9185,-70.37,7.0,1,25.6,3.4,16.7,48.0,54.6,21.057142857142853,1.0
2023-08-02 00:00:00,57.76989864571378,-60.407721252299694,8.0,0,6.9,1.6,15.6,98.0,56.5,7.964285714285714,4.0
2020-06-10 00:00:00,58.520281681838846,-61.71044800250243,6.0,0,1.3,0.0,41.8,73.0,43.2,0.6857142857142858,4.0
2018-08-08 00:00:00,47.83325721580085,-72.30597207280071,8.0,0,23.7,1.8,12.3,62.0,124.1,23.47142857142857,1.0
2018-06-02 00:00:00,46.80443796091377,-78.12259699027845,6.0,0,19.4,0.0,19.0,29.0,27.1,21.37857142857143,2.0
2021-09-08 00:00:00,56.28822993580289,-78.8087935676053,9.0,0,11.7,0.0,30.9,87.0,6.1000000000000005,11.164285714285716,4.0
2022-05-17 00:00:00,57.611840493665404,-78.65590152234245,5.0,0,-0.8,1.2,48.9,81.0,28.9,0.8571428571428571,2.0
2023-06-18 00:00:00,50.23260000018991,-78.39369999965521,6.0,1,21.3,2.7,13.6,57.0,7.2,20.25,3.0
2019-09-22 00:00:00,57.13607827838157,-59.568279909648126,9.0,0,5.7,11.7,40.1,83.0,15.2,5.921428571428571,2.0
2023-05-17 00:00:00,54.936352108932375,-67.59955855355531,5.0,0,-1.1,0.5,23.8,59.0,12.0,6.021428571428571,2.0
2020-05-13 00:00:00,46.96080000077686,-71.35369999934426,5.0,1,10.2,0.0,21.5,24.0,47.1,10.021428571428572,1.0
2024-05-18 00:00:00,47.02810000000005,-78.90069999999997,5.0,1,24.9,0.2,11.4,38.0,19.8,17.742857142857144,5.0
2019-07-13 00:00:00,54.12608960878131,-68.42580947576407,7.0,0,18.6,2.7,17.4,69.0,67.9,16.421428571428574,1.0
2020-05-21 00:00:00,45.95000000126527,-75.04839999946901,5.0,1,23.3,0.0,13.9,25.0,13.5,12.178571428571429,6.0
2019-08-27 00:00:00,55.97985649263573,-57.55135483133462,8.0,0,10.0,0.0,27.5,81.0,29.3,8.685714285714285,4.0
2021-06-24 00:00:00,46.791700001158425,-72.62000000018992,6.0,1,22.7,0.0,24.7,40.0,61.3,20.228571428571428,3.0
2021-06-05 00:00:00,53.33348733183213,-63.08986437089074,6.0,0,9.1,11.1,15.7,61.0,30.8,10.242857142857144,1.0
2019-08-28 00:00:00,46.29470000097076,-74.29669999953313,8.0,1,18.2,15.1,15.3,85.0,27.5,21.607142857142858,6.0
2022-09-07 00:00:00,56.80424788559925,-73.99900831861575,9.0,0,17.5,1.1,29.5,73.0,86.5,13.378571428571428,2.0
2021-08-23 00:00:00,48.84236011939404,-65.86537969958493,8.0,0,24.4,0.1,12.3,54.0,17.2,24.01428571428571,9.0
2018-05-18 00:00:00,46.00740000107417,-74.35229999945697,5.0,1,14.5,0.0,11.6,28.0,18.4,15.792857142857146,8.0
2024-06-05 00:00:00,49.862100000000055,-71.58149999999995,6.0,1,27.5,0.6,10.5,39.0,57.6,19.407142857142865,8.0
2023-06-14 00:00:00,53.38389999988516,-76.11249999977514,6.0,1,23.7,0.3,21.9,47.0,3.7,20.24285714285715,4.0
2023-05-11 00:00:00,48.77090000043472,-71.47239999976011,5.0,1,19.7,0.0,13.0,37.0,12.0,12.921428571428573,10.0
2022-05-07 00:00:00,45.90050000000002,-74.03129999999999,5.0,1,12.5,0.0,16.1,27.0,21.5,13.342857142857143,3.0
2024-06-17 00:00:00,52.018776253022025,-63.6866237307578,6.0,0,19.2,1.4,14.5,55.0,7.2,20.91428571428571,3.0
2018-08-25 00:00:00,55.336220053365096,-76.17725592649998,8.0,0,8.6,0.7,35.1,73.0,42.3,13.935714285714289,2.0
2022-05-21 00:00:00,52.4288143325549,-63.18879576372876,5.0,0,10.5,5.3,29.9,67.0,27.4,7.092857142857143,2.0
2021-05-21 00:00:00,45.80575103803275,-73.22737027753678,5.0,0,30.6,0.7,16.0,38.0,6.8,20.0,5.0
2023-06-28 00:00:00,57.45421223151891,-68.28827874322913,6.0,0,22.2,0.0,24.8,29.0,16.6,17.9,4.0
2020-07-02 00:00:00,48.68450000131215,-77.90259999968382,7.0,1,25.3,6.6,12.1,64.0,120.9,25.91428571428571,5.0
2024-07-08 00:00:00,52.98560000000004,-69.25809999999996,7.0,1,23.8,9.0,34.4,51.0,59.2,16.885714285714286,1.0
2022-07-21 00:00:00,46.49000000000007,-72.83209999999997,7.0,1,27.5,13.3,21.3,66.0,29.6,25.664285714285715,3.0
2024-07-08 00:00:00,50.94920000000008,-63.50189999999997,7.0,1,28.5,0.1,17.8,32.0,49.5,20.37857142857143,3.0
2023-07-01 00:00:00,48.9026251811338,-64.76429075090101,7.0,0,24.0,1.0,18.1,60.0,55.5,20.735714285714288,1.0
2019-08-15 00:00:00,57.82386271448035,-75.54803947132218,8.0,0,13.3,3.6,14.7,73.0,58.0,15.192857142857148,1.0
2019-05-27 00:00:00,46.52660000129531,-72.76470000008374,5.0,1,14.7,0.0,19.0,32.0,73.9,15.864285714285716,1.0
2020-07-07 00:00:00,51.545613384289496,-76.33974098129156,7.0,0,24.9,7.7,20.8,45.0,43.4,23.90714285714285,5.0
2019-09-06 00:00:00,48.92880000088452,-78.8635000001429,9.0,1,11.2,8.0,9.8,81.0,42.1,18.464285714285715,2.0
2019-07-16 00:00:00,51.4186024058045,-70.5274324004239,7.0,0,21.0,5.4,30.1,57.0,74.4,18.02142857142857,1.0
2022-08-25 00:00:00,47.75610955796937,-72.31340609118608,8.0,0,17.2,0.0,11.3,50.0,32.4,22.45,1.0
2023-06-23 00:00:00,52.34265679707558,-70.78635203714875,6.0,0,26.5,0.3,24.9,41.0,42.7,18.9,7.0
2023-06-06 00:00:00,48.59639999956039,-78.98699999975014,6.0,1,19.1,0.0,24.8,22.0,17.9,23.86428571428572,14.0
2022-06-03 00:00:00,47.64888061138395,-73.56754654250828,6.0,0,17.8,8.7,12.0,52.0,92.1,17.81428571428572,2.0
2020-07-03 00:00:00,58.17309379992797,-61.27351028161196,7.0,0,2.6,0.0,25.3,93.0,14.6,2.321428571428572,3.0
2021-05-28 00:00:00,45.21300000132792,-73.93059999952698,5.0,1,12.6,0.0,15.3,28.0,4.4,24.414285714285715,2.0
2019-05-23 00:00:00,48.19250000052976,-78.81920000039018,5.0,1,14.6,5.4,13.8,69.0,69.2,11.992857142857144,3.0
2023-06-01 00:00:00,48.60829999974527,-76.63580000036967,6.0,1,30.2,1.6,17.5,30.0,33.4,17.94285714285714,9.0
2019-07-13 00:00:00,53.097877133552295,-62.58363357927216,7.0,0,16.0,9.6,19.1,73.0,27.9,18.128571428571423,4.0
2018-08-26 00:00:00,48.1169572317735,-68.27152507321188,8.0,0,24.9,0.7,14.5,52.0,19.0,23.7,4.0
2024-07-28 00:00:00,58.24567387649834,-57.99473565427604,7.0,0,8.5,1.9,28.2,82.0,35.800000000000004,8.021428571428572,3.0
2023-06-01 00:00:00,48.29309999996508,-69.81189999998497,6.0,1,33.2,0.4,16.0,26.0,29.2,19.2,7.0
2018-05-10 00:00:00,47.68280000077314,-68.69339999992364,5.0,1,20.5,0.2,25.3,32.0,84.6,12.985714285714284,5.0
2020-06-17 00:00:00,45.466600000747405,-74.06749999969442,6.0,1,29.4,0.0,10.2,29.0,34.2,21.957142857142856,6.0
2023-06-14 00:00:00,54.0568999998352,-74.63780000036968,6.0,1,23.1,1.1,19.6,40.0,0.6,20.02857142857143,14.0
2020-07-06 00:00:00,46.08860000087084,-75.96949999956107,7.0,1,28.6,0.0,12.2,33.0,23.2,26.13571428571429,4.0
2019-07-25 00:00:00,52.90744729480341,-75.46792725359589,7.0,0,19.9,0.0,16.7,46.0,60.6,18.135714285714283,1.0
2020-08-01 00:00:00,47.42003978493437,-63.08299908173433,8.0,0,19.4,1.5,29.0,79.0,11.7,20.6,2.0
2019-08-01 00:00:00,45.86810000069129,-76.51789999938586,8.0,1,24.6,0.0,11.3,39.0,21.0,26.31428571428572,2.0
2020-09-23 00:00:00,45.13940000113716,-72.60420000000283,9.0,1,18.3,1.6,18.0,68.0,12.2,16.285714285714285,6.0
2023-05-21 00:00:00,48.64499999965034,-79.11209999961522,5.0,1,9.0,0.0,21.3,39.0,15.3,14.828571428571433,2.0
2019-07-27 00:00:00,50.82100000125967,-66.37809999935735,7.0,1,27.7,0.0,16.3,43.0,49.6,21.06428571428572,4.0
2022-05-14 00:00:00,46.95819999999998,-72.90480000000002,5.0,1,31.2,0.5,13.6,30.0,6.2,19.37142857142857,10.0
2022-05-06 00:00:00,49.40899757824783,-78.11175116762024,5.0,0,8.8,0.0,11.0,30.0,16.9,8.27142857142857,3.0
2023-06-01 00:00:00,48.04949999972524,-72.01660000008991,6.0,1,28.5,1.4,13.0,37.0,52.8,18.457142857142856,8.0
2021-05-16 00:00:00,45.73010000071439,-75.77250000039434,5.0,1,20.8,0.4,11.9,37.0,32.6,13.292857142857144,5.0
2020-09-10 00:00:00,49.85785949180766,-61.81754721300035,9.0,0,10.6,8.3,24.6,81.0,51.6,14.457142857142856,2.0
2023-06-01 00:00:00,48.70079999992009,-74.14010000041463,6.0,1,29.4,4.6,13.2,32.0,38.7,16.485714285714284,8.0
2018-05-30 00:00:00,46.49960000102035,-71.65980000034065,5.0,1,27.2,0.0,11.1,25.0,24.7,20.15714285714285,2.0
2021-09-09 00:00:00,56.84295069989841,-71.7564470674579,9.0,0,15.0,6.5,18.1,80.0,26.5,14.14285714285714,1.0
2018-07-19 00:00:00,47.49290000090485,-72.17049999961958,7.0,1,24.5,0.0,18.2,39.0,55.8,23.79285714285714,2.0
2023-05-10 00:00:00,55.49316440354245,-76.32110417192595,5.0,0,2.6,0.0,17.2,82.0,7.399999999999999,6.385714285714286,9.0
2018-07-05 00:00:00,48.910100000953335,-76.3141999998415,7.0,1,30.4,12.5,29.3,46.0,22.7,24.485714285714284,4.0
2024-06-03 00:00:00,50.28130000000005,-70.30249999999995,6.0,1,24.8,0.0,14.2,29.0,37.8,16.65,4.0
2020-06-22 00:00:00,48.09460000070644,-72.775500000325,6.0,1,29.7,2.1,16.2,44.0,7.6,23.94285714285714,11.0
2023-06-01 00:00:00,49.00349999972525,-79.43319999988006,6.0,1,31.2,4.9,14.1,27.0,16.3,18.985714285714288,9.0
2021-08-04 00:00:00,47.58768344561168,-76.47002700126542,8.0,0,23.9,0.0,12.6,49.0,47.4,20.35,1.0
2018-07-21 00:00:00,49.331663968238296,-75.48844761835848,7.0,0,28.3,0.0,11.8,39.0,25.9,23.528571428571432,4.0
2023-09-03 00:00:00,50.57680000002006,-79.3955999998401,9.0,1,30.7,0.3,20.7,54.0,35.0,20.37142857142857,1.0
2021-07-25 00:00:00,51.72328657154884,-67.33054168269214,7.0,0,20.2,2.1,37.8,48.0,59.4,16.935714285714287,5.0
2020-06-02 00:00:00,49.38262317078645,-67.9965361000522,6.0,0,14.9,0.0,18.8,27.0,24.5,17.8,2.0
2021-08-23 00:00:00,46.212602625142814,-66.0006469517909,8.0,0,25.8,3.0,12.1,71.0,4.8,27.05,9.0
2018-08-07 00:00:00,55.2651216467319,-67.22315359993604,8.0,0,13.9,0.0,13.6,58.0,90.4,19.014285714285712,1.0
2024-09-27 00:00:00,51.088851485547565,-68.90149109538166,9.0,0,12.8,6.0,12.9,71.0,32.1,18.15714285714285,1.0
2020-08-09 00:00:00,54.37521572054332,-78.75941817212008,8.0,0,26.0,0.1,22.0,57.0,100.8,21.328571428571426,1.0
2021-09-19 00:00:00,53.59796787196183,-65.8009949984822,9.0,0,7.1,0.0,30.9,54.0,38.2,13.307142857142855,1.0
2024-08-06 00:00:00,51.76480000000004,-73.85239999999999,8.0,1,13.5,1.5,26.7,60.0,13.4,24.092857142857145,1.0
2019-09-19 00:00:00,46.85848995755008,-60.82007408394182,9.0,0,13.3,0.0,9.8,57.0,112.5,15.55714285714286,1.0
2018-05-24 00:00:00,53.955204417723806,-73.95760520171896,5.0,0,5.5,2.0,17.2,64.0,52.8,-0.8214285714285714,3.0
2024-08-14 00:00:00,50.46439888949515,-61.0713673072822,8.0,0,21.1,0.0,14.0,49.0,58.2,23.39285714285714,1.0
2018-06-28 00:00:00,49.678900000983205,-74.32270000000648,6.0,1,26.8,0.0,16.8,35.0,26.4,20.128571428571423,4.0
2022-06-21 00:00:00,54.32947786293797,-57.60611150643346,6.0,0,3.6,0.0,20.9,88.0,30.8,7.578571428571429,1.0
2018-06-11 00:00:00,46.07080000131314,-74.23339999999362,6.0,1,19.8,0.0,12.4,31.0,40.4,19.292857142857144,4.0
2023-06-01 00:00:00,48.65490000023488,-72.86719999997996,6.0,1,28.9,4.9,14.6,36.0,40.6,17.264285714285716,8.0
2020-05-10 00:00:00,45.60220000122057,-75.64349999957243,5.0,1,8.5,0.0,22.3,40.0,51.4,12.335714285714287,2.0
2019-06-26 00:00:00,48.64884352362338,-61.62061548534083,6.0,0,10.3,0.0,27.4,79.0,74.2,10.285714285714286,3.0
2018-06-05 00:00:00,54.31951798882295,-79.0886508397259,6.0,0,17.2,0.0,21.5,34.0,38.0,6.542857142857143,5.0
2023-07-01 00:00:00,53.892499999775225,-74.003499999925,7.0,1,25.1,0.9,19.8,45.0,29.1,23.185714285714283,4.0
2019-09-22 00:00:00,48.39346465906377,-58.199027263538085,9.0,0,15.9,0.0,22.1,47.0,49.0,12.999999999999998,5.0
2021-08-20 00:00:00,46.707500001027086,-75.2155000001523,8.0,1,29.6,0.0,7.0,56.0,41.1,25.06428571428571,7.0
2022-08-11 00:00:00,48.13883190392716,-69.45818837919151,8.0,0,13.0,1.5,35.7,78.0,39.3,14.292857142857146,2.0
2020-06-17 00:00:00,47.104800001260166,-76.21399999982062,6.0,1,27.6,0.0,12.5,42.0,24.3,18.007142857142853,5.0
2023-07-04 00:00:00,52.07041430363628,-79.30913318433299,7.0,0,31.1,0.0,16.4,42.0,3.3000000000000003,21.085714285714285,11.0
2020-05-20 00:00:00,46.64470000088048,-71.45510000027802,5.0,1,22.1,0.0,11.6,23.0,20.7,12.29285714285714,4.0
2022-05-02 00:00:00,45.88620000000003,-73.79669999999999,5.0,1,17.1,1.3,16.9,47.0,50.3,11.528571428571428,5.0
2020-08-25 00:00:00,58.04788695054208,-71.30991166113087,8.0,0,8.7,3.4,20.8,81.0,42.8,16.72142857142857,2.0
2019-06-06 00:00:00,56.06797534283581,-74.8327126936789,6.0,0,2.9,5.4,22.1,77.0,54.2,6.142857142857143,1.0
2021-05-20 00:00:00,45.64610000127144,-76.04119999992305,5.0,1,24.7,0.2,8.4,46.0,26.1,17.064285714285713,9.0
2021-07-19 00:00:00,52.94249195957274,-63.25701746673074,7.0,0,17.7,20.4,12.8,66.0,53.0,18.957142857142856,2.0
2018-05-19 00:00:00,46.7910000011033,-70.74690000024393,5.0,1,20.6,5.8,19.4,32.0,18.0,16.064285714285713,2.0
2019-08-12 00:00:00,58.02279401787735,-66.27147577480343,8.0,0,12.3,9.9,19.3,82.0,22.2,15.499999999999998,2.0
2020-05-09 00:00:00,56.95813611500648,-75.66890180825308,5.0,0,1.0,5.6,38.3,94.0,14.0,-1.9928571428571429,1.0
2019-05-27 00:00:00,54.50126803186348,-79.09016943779575,5.0,0,8.0,0.4,33.5,55.0,33.8,5.564285714285715,1.0
2022-07-06 00:00:00,45.19290980393087,-78.8899063475349,7.0,0,20.7,0.4,15.3,56.0,28.1,23.685714285714287,1.0
2024-06-25 00:00:00,50.487974342978845,-61.73336062611092,6.0,0,26.2,0.0,17.0,35.0,8.6,22.978571428571428,11.0
2019-09-04 00:00:00,53.77770228738532,-59.44488763080166,9.0,0,13.8,3.3,18.9,59.0,53.8,17.900000000000002,1.0
2020-08-01 00:00:00,52.70946721359617,-57.26398833648349,8.0,0,18.4,0.0,9.9,64.0,27.700000000000003,20.142857142857142,2.0
2024-07-14 00:00:00,50.29980000000006,-66.38729999999998,7.0,1,24.2,0.0,11.9,56.0,36.4,23.692857142857143,5.0
2022-07-24 00:00:00,50.391794519258674,-73.18184216023269,7.0,0,23.5,17.3,19.1,58.0,79.2,21.54285714285714,1.0
2023-06-28 00:00:00,52.02884250053651,-60.68320774037507,6.0,0,18.8,2.8,24.1,82.0,20.3,19.807142857142853,4.0
2019-06-23 00:00:00,52.00003040575655,-59.27434374102866,6.0,0,5.7,19.8,28.5,86.0,88.2,13.535714285714285,1.0
2021-09-18 00:00:00,55.7975372061992,-65.8984942003396,9.0,0,10.4,6.9,24.0,66.0,52.3,11.971428571428572,1.0
2018-06-04 00:00:00,51.015916164730335,-67.0525019787567,6.0,0,8.1,0.0,10.1,45.0,18.4,6.657142857142858,3.0
2024-06-19 00:00:00,51.83250000000004,-64.21499999999997,6.0,1,31.3,7.3,25.0,44.0,5.9,20.57142857142857,5.0
2020-07-07 00:00:00,48.90760000080454,-71.51789999946546,7.0,1,23.4,9.7,17.1,47.0,45.1,24.42142857142857,8.0
2018-05-10 00:00:00,47.24680000076061,-70.22350000046454,5.0,1,23.1,2.4,30.1,35.0,104.8,11.814285714285717,5.0
2018-07-01 00:00:00,48.37140000117659,-70.26469999936239,7.0,1,23.6,0.0,15.6,54.0,30.2,21.15,6.0
2023-07-02 00:00:00,54.82759999964031,-70.5065999996902,7.0,1,21.4,7.0,15.1,62.0,38.6,20.37857142857143,1.0
2020-05-04 00:00:00,55.63286280978368,-76.96235011562963,5.0,0,-8.0,0.0,22.0,75.0,1.8,-4.5285714285714285,14.0
2019-05-09 00:00:00,47.52330000051418,-72.81460000009787,5.0,1,12.9,3.3,22.7,31.0,25.8,10.271428571428572,2.0
2022-06-11 00:00:00,53.725219130229554,-69.49392736166232,6.0,0,9.4,4.2,22.5,81.0,42.5,11.742857142857142,1.0
2019-05-12 00:00:00,49.7957252488568,-65.49171367890008,5.0,0,4.4,0.5,35.9,76.0,19.8,4.142857142857143,1.0
2018-06-21 00:00:00,45.90651577709336,-57.45086506924574,6.0,0,8.9,0.0,38.3,79.0,52.6,7.9642857142857135,2.0
2023-07-05 00:00:00,52.76200000019992,-78.44299999965023,7.0,1,26.3,2.2,14.1,55.0,16.2,25.62142857142857,4.0
2022-05-01 00:00:00,46.388000000000034,-72.68700000000001,5.0,1,17.7,0.0,20.2,37.0,37.9,10.8,4.0
2020-06-28 00:00:00,46.70099684515355,-61.38339502565313,6.0,0,19.7,1.3,26.9,72.0,2.5,15.635714285714286,7.0
2019-05-01 00:00:00,49.514567005669925,-74.95236502689687,5.0,0,2.1,0.0,12.3,37.0,73.4,4.714285714285714,4.0
2023-06-01 00:00:00,49.73890000033481,-68.63529999959525,6.0,1,29.1,0.8,17.0,34.0,36.7,17.064285714285717,8.0
2022-07-01 00:00:00,55.38910791496728,-67.7278774230508,7.0,0,14.4,6.0,28.9,68.0,75.1,13.264285714285716,2.0
2023-05-20 00:00:00,50.09184046935051,-72.34463409142842,5.0,0,15.9,0.8,16.4,51.0,17.400000000000002,9.457142857142856,1.0
2024-08-17 00:00:00,55.97858663265554,-64.74801840216001,8.0,0,16.6,3.7,24.2,80.0,18.3,17.857142857142858,1.0
2022-09-24 00:00:00,47.657899999999984,-70.14819999999997,9.0,1,16.3,0.0,32.4,50.0,20.8,16.935714285714287,2.0
2019-05-19 00:00:00,54.87849493019075,-73.05307631769128,5.0,0,5.0,0.0,20.3,78.0,20.0,2.9,8.0
2023-06-02 00:00:00,50.14120000037974,-67.09350000042463,6.0,1,15.4,2.9,15.3,57.0,33.6,17.97142857142857,1.0
2019-05-17 00:00:00,57.69587618890164,-64.23203417979575,5.0,0,4.7,0.0,17.6,74.0,3.3,0.6642857142857144,3.0
2022-05-08 00:00:00,48.01279999999997,-66.74389999999994,5.0,1,15.9,0.0,14.3,26.0,26.2,9.55,4.0
2018-07-14 00:00:00,49.270000000855525,-75.4610000004001,7.0,1,25.1,9.7,16.7,67.0,29.3,24.800000000000004,1.0
2024-07-08 00:00:00,50.87850000000003,-60.92669999999999,7.0,1,29.8,0.1,15.5,35.0,48.2,22.28571428571429,3.0
2024-07-09 00:00:00,52.33690000000007,-62.13139999999998,7.0,1,27.7,16.9,17.3,39.0,46.9,20.38571428571429,5.0
2020-07-19 00:00:00,55.65450008910539,-77.7920531018196,7.0,0,11.2,0.0,36.7,84.0,34.1,14.44285714285714,2.0
2024-08-07 00:00:00,55.19228470538378,-68.0720520863055,8.0,0,9.7,2.9,21.4,72.0,40.2,18.907142857142865,1.0
2018-05-08 00:00:00,46.33090000112743,-73.28480000058903,5.0,1,20.7,0.0,15.7,30.0,77.8,13.314285714285717,4.0
2020-07-10 00:00:00,47.63680000066434,-74.34760000036849,7.0,1,31.1,0.4,14.3,43.0,26.2,24.357142857142858,2.0
2024-07-08 00:00:00,50.67500000000007,-74.21419999999996,7.0,1,26.2,4.0,21.4,48.0,48.9,20.321428571428573,4.0
2020-05-12 00:00:00,45.81580000111978,-73.98469999942901,5.0,1,8.2,0.0,18.3,24.0,35.8,12.385714285714284,5.0
2020-08-10 00:00:00,51.87890000107184,-59.28790000006991,8.0,1,24.0,1.0,11.9,52.0,50.3,22.478571428571428,1.0
2024-06-16 00:00:00,46.19720000000006,-73.61049999999993,6.0,1,20.8,0.0,11.0,40.0,58.4,22.11428571428572,2.0
2020-06-20 00:00:00,50.76920000062282,-76.27149999934443,6.0,1,25.8,6.5,10.0,68.0,8.1,19.14285714285714,8.0
2018-07-01 00:00:00,45.78831916088104,-73.87678835763676,7.0,0,31.5,0.1,10.1,59.0,33.0,24.35714285714286,1.0
2018-05-24 00:00:00,45.562544638226974,-64.68003743395381,5.0,0,11.9,0.0,22.7,40.0,26.6,13.835714285714287,1.0
2023-06-01 00:00:00,47.91450000017494,-75.7324000000599,6.0,1,31.0,0.4,12.9,29.0,42.0,18.235714285714288,8.0
2021-07-12 00:00:00,45.87790000125148,-70.52140000021899,7.0,1,23.8,0.1,14.5,52.0,56.4,21.1,3.0
2022-07-21 00:00:00,50.97860117900336,-58.56038047485154,7.0,0,19.1,0.0,25.1,59.0,71.3,13.935714285714283,1.0
2024-08-10 00:00:00,50.920077924239,-62.128365481728736,8.0,0,19.0,26.4,21.9,65.0,17.1,24.914285714285715,3.0
2019-05-28 00:00:00,48.77850000082963,-78.93170000041101,5.0,1,17.8,0.0,15.6,30.0,41.1,13.47857142857143,3.0
2023-06-26 00:00:00,53.39118312160292,-59.743059441910745,6.0,0,23.6,0.0,21.3,33.0,16.3,17.014285714285712,1.0
2022-05-12 00:00:00,45.5313000000001,-72.11829999999992,5.0,1,29.6,0.0,14.7,18.0,11.2,15.814285714285717,8.0
2023-06-01 00:00:00,46.5993999998102,-74.84079999982009,6.0,1,32.1,0.3,14.5,29.0,40.7,19.985714285714288,8.0
2020-07-06 00:00:00,46.06110000055507,-73.72610000033818,7.0,1,27.9,0.0,8.2,30.0,20.2,26.65,7.0
2022-05-08 00:00:00,46.29180000000008,-74.76189999999997,5.0,1,17.4,0.0,12.8,23.0,40.6,12.292857142857144,4.0
2023-06-14 00:00:00,48.70405182458577,-75.37535909893103,6.0,0,23.4,0.0,10.1,32.0,10.8,22.07142857142857,1.0
2019-08-05 00:00:00,45.7528448761576,-63.7297803408098,8.0,0,23.1,0.2,16.2,46.0,25.1,25.885714285714283,4.0
2022-07-25 00:00:00,50.61091203625893,-58.02959202582763,7.0,0,18.0,6.7,37.2,89.0,79.1,15.45,3.0
2020-06-20 00:00:00,49.32060000070347,-72.28629999939241,6.0,1,31.6,6.2,12.1,36.0,13.4,22.40000000000001,9.0
2023-06-24 00:00:00,52.736300000344784,-67.41870000000495,6.0,1,20.3,0.7,22.9,40.0,15.6,19.12142857142857,8.0
2023-07-02 00:00:00,56.2760000002998,-68.86220000042965,7.0,1,24.6,4.6,10.0,54.0,17.9,21.74285714285714,5.0
2024-06-25 00:00:00,51.932932936254666,-67.49738931754513,6.0,0,25.1,0.0,28.6,27.0,17.7,19.90714285714285,5.0
2018-07-05 00:00:00,52.62470000085233,-75.55670000057493,7.0,1,28.5,26.8,28.6,54.0,22.1,18.507142857142856,2.0
2018-08-13 00:00:00,56.22877044491092,-74.17532660944448,8.0,0,9.8,0.2,31.8,66.0,32.7,15.107142857142858,1.0
2022-09-16 00:00:00,47.0962190572414,-77.19726172500839,9.0,0,14.5,0.6,11.4,48.0,37.8,21.62857142857143,3.0
2018-05-14 00:00:00,47.37240000092085,-72.7964000003934,5.0,1,22.8,0.0,20.3,28.0,40.5,16.34285714285714,4.0
2020-09-21 00:00:00,55.29999411017296,-60.63627042611503,9.0,0,14.4,0.1,34.1,58.0,40.7,11.407142857142858,3.0
2020-07-20 00:00:00,55.97009835471213,-66.29054914441792,7.0,0,21.2,18.3,23.6,65.0,52.5,20.82857142857143,1.0
2024-07-28 00:00:00,51.83760000000007,-65.02529999999996,7.0,1,26.6,3.1,21.4,50.0,99.6,19.178571428571427,2.0
2021-05-13 00:00:00,46.07120000112669,-73.9099999999945,5.0,1,18.9,1.6,15.1,31.0,44.9,12.478571428571428,2.0
2023-06-01 00:00:00,49.33040000035976,-67.88959999974014,6.0,1,31.2,0.5,16.8,29.0,30.4,15.714285714285714,7.0
2021-06-07 00:00:00,57.9760128971172,-57.33006523274717,6.0,0,4.0,0.8,44.8,71.0,24.8,4.707142857142857,3.0
2024-06-07 00:00:00,58.35838820559616,-77.41815269077142,6.0,0,17.8,0.0,37.1,66.0,15.2,11.6,3.0
2023-07-06 00:00:00,45.04945957644933,-63.02466257468032,7.0,0,26.8,0.8,11.5,57.0,101.0,22.457142857142856,1.0
2021-05-19 00:00:00,49.23610000075981,-74.81940000029192,5.0,1,26.4,0.1,14.8,30.0,22.0,13.01428571428571,2.0
2021-06-18 00:00:00,50.62730000065016,-74.75769999964126,6.0,1,25.2,9.7,20.6,43.0,23.3,18.02142857142857,2.0
2019-06-01 00:00:00,58.19739109602352,-66.92044340441227,6.0,0,8.3,0.2,34.3,52.0,11.4,10.378571428571428,4.0
2022-06-02 00:00:00,49.54300000000012,-71.3646,6.0,1,19.5,0.0,14.9,25.0,57.8,14.75,5.0
2018-05-22 00:00:00,48.48970000105708,-71.10549999985143,5.0,1,22.6,2.1,23.9,42.0,35.2,13.914285714285713,2.0
2021-09-26 00:00:00,53.99037045558698,-69.70600465045659,9.0,0,13.6,8.5,25.0,71.0,77.5,11.935714285714283,2.0
2020-05-13 00:00:00,48.91070000051297,-72.15709999966204,5.0,1,7.7,0.0,23.2,28.0,42.2,7.328571428571428,5.0
2023-07-02 00:00:00,53.44309999956539,-72.71679999982007,7.0,1,22.1,4.2,7.9,63.0,58.8,22.40714285714285,1.0
2019-09-02 00:00:00,53.21242271038312,-66.79916081640172,9.0,0,11.7,13.0,39.9,61.0,72.2,17.121428571428574,2.0
2022-09-03 00:00:00,57.26271753358238,-59.323280519117056,9.0,0,10.3,0.0,41.0,76.0,21.9,9.221428571428572,3.0
2022-05-12 00:00:00,46.1520000000001,-74.73699999999997,5.0,1,28.2,0.0,12.4,23.0,5.0,15.678571428571429,8.0
2018-05-24 00:00:00,58.33343372263147,-69.88849886044599,5.0,0,-2.3,0.0,17.0,53.0,19.8,-4.75,2.0
2022-08-15 00:00:00,49.94540000000006,-69.7151,8.0,1,22.9,3.2,17.1,45.0,37.3,21.36428571428571,4.0
2020-07-26 00:00:00,48.384365473069984,-61.11334431124037,7.0,0,18.7,4.7,34.6,88.0,21.7,17.064285714285713,8.0
2020-07-07 00:00:00,45.85530000058608,-74.77250000019565,7.0,1,31.3,0.3,12.7,39.0,29.4,25.52857142857143,5.0
2021-05-26 00:00:00,45.14170000138298,-73.48929999957181,5.0,1,30.1,1.7,34.7,39.0,5.4,23.52857142857143,1.0
2020-05-05 00:00:00,46.139460602772,-65.34942580192697,5.0,0,3.7,7.1,28.2,86.0,32.4,11.164285714285716,1.0
2021-05-27 00:00:00,50.46725489725672,-64.2677300546441,5.0,0,10.8,0.0,21.5,34.0,60.1,12.47142857142857,1.0
2023-06-01 00:00:00,47.08350000032482,-72.65189999988507,6.0,1,30.6,1.8,13.5,34.0,33.1,19.77142857142857,8.0
2018-05-13 00:00:00,45.65940000096563,-75.03359999984879,5.0,1,19.7,0.0,12.5,27.0,31.0,17.214285714285715,3.0
2024-08-02 00:00:00,51.95440000000008,-78.29429999999996,8.0,1,28.3,0.5,17.5,51.0,50.8,21.807142857142857,1.0
2023-09-21 00:00:00,53.308750622730976,-70.94106162508298,9.0,0,12.5,0.0,10.3,62.0,39.6,14.078571428571427,1.0
2021-06-10 00:00:00,46.00340000075013,-75.79660000046997,6.0,1,21.2,0.0,10.7,30.0,9.7,22.55,5.0
2023-08-07 00:00:00,54.425433245008186,-72.94980354525882,8.0,0,21.1,4.1,17.6,61.0,64.6,16.29285714285714,1.0
2022-09-10 00:00:00,49.019854324285845,-59.855624692012725,9.0,0,17.7,0.0,35.6,76.0,56.7,18.735714285714288,4.0
2020-06-24 00:00:00,52.9837969468708,-73.1505483742779,6.0,0,21.2,13.8,18.4,80.0,68.7,17.692857142857147,1.0
2023-06-01 00:00:00,47.60019999963032,-74.64999999999998,6.0,1,30.1,5.2,12.3,31.0,41.7,17.97857142857143,8.0
2023-05-18 00:00:00,48.090899999635326,-77.87850000027476,5.0,1,13.5,0.0,14.2,29.0,17.7,14.878571428571432,2.0
2023-07-04 00:00:00,48.30570000005503,-77.95970000005491,7.0,1,31.3,0.0,9.7,24.0,49.2,25.635714285714283,3.0
2020-07-10 00:00:00,46.23070000113,-77.74040000001553,7.0,1,30.0,3.2,17.6,54.0,18.8,27.492857142857144,2.0
2020-05-20 00:00:00,46.08780000133768,-73.51200000022573,5.0,1,22.8,0.0,12.1,28.0,18.3,13.285714285714286,5.0
2024-05-10 00:00:00,56.63100294294004,-75.04174250150898,5.0,0,2.8,0.0,15.7,81.0,18.7,1.3214285714285714,4.0
2021-05-03 00:00:00,48.405500000580645,-69.33959999992054,5.0,1,13.9,0.0,18.8,24.0,37.8,10.164285714285713,7.0
2021-05-02 00:00:00,47.73870000112511,-73.0039000003046,5.0,1,7.3,0.3,21.6,25.0,11.2,11.1,7.0
2019-05-22 00:00:00,56.981969265893575,-61.68280022116505,5.0,0,-0.3,0.0,10.0,89.0,8.9,2.378571428571429,1.0
2023-06-01 00:00:00,47.4625999997902,-77.25029999964522,6.0,1,30.5,0.0,16.6,31.0,30.1,19.007142857142856,8.0
2021-07-02 00:00:00,46.76163013423491,-63.60815633866754,7.0,0,13.8,0.9,40.4,78.0,54.7,19.3,1.0
2024-05-17 00:00:00,46.38240000000008,-71.92889999999994,5.0,1,23.2,2.4,13.1,58.0,31.8,17.964285714285715,1.0
2020-05-13 00:00:00,46.1311716313023,-73.04308227645271,5.0,0,13.5,0.0,20.4,26.0,35.6,12.628571428571425,6.0
2021-05-29 00:00:00,46.28350000076348,-73.76260000012307,5.0,1,16.0,0.0,12.6,27.0,18.9,22.17142857142857,3.0
2020-06-20 00:00:00,49.84990000111062,-75.16090000068795,6.0,1,29.4,2.3,9.9,43.0,18.9,19.85,9.0
2022-09-11 00:00:00,47.40520000000009,-72.75399999999996,9.0,1,26.1,0.0,10.2,46.0,27.3,22.942857142857143,8.0
2023-06-10 00:00:00,50.5270000003498,-74.66580000016984,6.0,1,19.9,6.8,16.9,50.0,10.8,20.74285714285714,9.0
2021-06-03 00:00:00,48.218764625983006,-74.52828580340352,6.0,0,21.1,0.3,16.3,41.0,36.0,18.142857142857142,2.0
2019-07-12 00:00:00,56.341883452475976,-62.62589522302527,7.0,0,20.3,6.1,17.6,68.0,36.3,12.60714285714286,3.0
2024-07-04 00:00:00,51.4638492961507,-67.83281721499142,7.0,0,17.8,24.7,30.1,75.0,89.7,16.4,1.0
2021-07-11 00:00:00,54.17210000054563,-72.60519999975124,7.0,1,13.6,0.0,26.3,46.0,46.3,18.06428571428572,2.0
2024-05-18 00:00:00,47.25533937512369,-59.14800982300677,5.0,0,6.9,0.1,23.6,90.0,29.4,5.585714285714286,6.0
2018-07-23 00:00:00,53.10596696699642,-67.15700484699202,7.0,0,20.4,1.9,16.4,55.0,72.3,17.328571428571433,1.0
2019-06-08 00:00:00,47.3171000008572,-74.8765000001454,6.0,1,20.8,0.0,9.8,26.0,43.6,14.828571428571427,1.0
2019-07-27 00:00:00,49.59190000052689,-72.75809999941849,7.0,1,28.6,0.0,18.8,32.0,31.0,21.36428571428572,7.0
2021-08-12 00:00:00,55.11934728499462,-77.79612720333414,8.0,0,20.2,3.2,45.4,55.0,49.8,14.7,1.0
2019-05-06 00:00:00,45.94900000118243,-73.35919999948251,5.0,1,21.8,0.0,15.5,40.0,59.7,11.721428571428572,3.0
2018-05-21 00:00:00,47.36440000056374,-79.43600000036244,5.0,1,23.8,0.0,14.1,32.0,28.8,16.835714285714285,2.0
2018-05-19 00:00:00,54.63229510299119,-72.04875200990365,5.0,0,0.4,10.1,18.3,80.0,55.2,-1.8857142857142857,2.0
2021-05-05 00:00:00,49.18085829227409,-75.8763092446769,5.0,0,5.8,3.7,20.7,79.0,15.8,9.07857142857143,3.0
2018-06-22 00:00:00,46.69140854957878,-66.46813724684552,6.0,0,20.6,0.0,14.6,34.0,32.2,18.778571428571432,1.0
2021-09-23 00:00:00,53.22248089228767,-58.67757546621422,9.0,0,12.5,3.3,14.0,50.0,91.7,14.671428571428567,1.0
2023-06-01 00:00:00,48.85869999970527,-74.36070000030475,6.0,1,30.4,0.4,14.7,29.0,33.6,16.535714285714285,8.0
2024-08-06 00:00:00,47.47030000000007,-78.56859999999993,8.0,1,20.7,0.0,13.8,39.0,67.4,25.38571428571429,2.0
2022-07-08 00:00:00,48.09050000000008,-68.4219,7.0,1,19.1,2.6,20.9,61.0,45.7,21.12142857142857,2.0
2024-07-08 00:00:00,53.63970000000006,-72.82309999999995,7.0,1,24.5,10.0,24.5,52.0,45.0,17.95,1.0
2019-08-25 00:00:00,45.655700000625714,-75.99020000027623,8.0,1,23.4,0.0,11.4,40.0,21.4,23.56428571428572,4.0
2022-08-01 00:00:00,46.38230000000004,-76.12880000000001,8.0,1,28.9,0.9,21.1,36.0,51.1,25.15714285714285,4.0
2018-05-09 00:00:00,48.57030000124868,-72.23390000001922,5.0,1,11.0,0.0,11.1,37.0,45.4,10.871428571428572,1.0
2021-09-25 00:00:00,52.82474401639619,-61.18887092850731,9.0,0,12.5,4.5,25.0,63.0,45.2,13.342857142857143,2.0
2019-06-27 00:00:00,50.8713000013497,-74.9040999996674,6.0,1,21.3,9.1,17.3,69.0,40.9,16.135714285714286,1.0
2020-06-22 00:00:00,49.60790000106295,-68.698700000474,6.0,1,27.1,2.3,11.9,54.0,21.2,20.535714285714285,2.0
2018-05-19 00:00:00,48.2509000010107,-72.1477999998446,5.0,1,19.6,2.8,22.3,21.0,27.5,12.678571428571432,2.0
2022-08-13 00:00:00,57.16825007339376,-76.09087732484903,8.0,0,13.7,3.4,26.3,70.0,68.4,13.014285714285714,3.0
2018-07-20 00:00:00,48.34860000077138,-78.34220000031839,7.0,1,28.5,0.0,13.8,38.0,19.7,24.7,3.0
2019-09-17 00:00:00,57.96920874016716,-77.56725321502127,9.0,0,9.0,0.0,20.6,88.0,12.2,7.614285714285715,5.0
2023-07-05 00:00:00,49.87219999973024,-74.52650000017485,7.0,1,31.4,0.1,15.1,33.0,48.8,25.685714285714287,3.0
2023-08-04 00:00:00,56.8067231696126,-67.15141420858258,8.0,0,19.9,0.0,12.4,42.0,52.7,16.37857142857143,2.0
2024-05-26 00:00:00,54.81621304009908,-57.68918006482565,5.0,0,2.2,0.0,25.1,81.0,32.5,1.4714285714285715,1.0
2021-05-21 00:00:00,51.29493014746002,-65.02519925695583,5.0,0,21.0,10.3,12.5,58.0,28.9,6.757142857142857,1.0
2022-07-12 00:00:00,50.354907810977416,-58.34269822750211,7.0,0,17.0,11.6,45.4,63.0,48.4,13.257142857142856,1.0
2024-06-20 00:00:00,54.7584306368185,-69.18609202506491,6.0,0,13.9,2.0,42.3,65.0,83.9,15.599999999999998,1.0
2019-07-09 00:00:00,45.24414582968496,-59.06823715729266,7.0,0,15.2,0.0,31.8,77.0,52.3,12.542857142857146,2.0
2022-06-05 00:00:00,48.80577167493102,-69.32011273177301,6.0,0,10.5,10.0,17.7,85.0,71.0,15.664285714285716,1.0
2019-07-15 00:00:00,50.626047638541,-70.69335972629861,7.0,0,22.7,0.0,18.9,44.0,58.7,20.178571428571423,1.0
2020-09-02 00:00:00,58.67008942488695,-59.141273263410255,9.0,0,10.4,0.0,36.0,83.0,53.7,9.37142857142857,4.0
2023-05-28 00:00:00,48.119299999895134,-70.83519999958025,5.0,1,22.6,0.0,33.2,33.0,47.9,14.335714285714287,4.0
2024-05-07 00:00:00,46.87140000000005,-71.70289999999994,5.0,1,18.7,0.0,23.9,24.0,35.3,13.721428571428572,1.0
2019-07-10 00:00:00,57.160464655635685,-70.2921331316777,7.0,0,20.0,0.0,17.7,43.0,48.0,17.857142857142858,2.0
2023-06-01 00:00:00,46.22689999983516,-76.45909999966523,6.0,1,31.4,0.8,14.0,29.0,29.4,20.34285714285713,8.0
2024-08-15 00:00:00,55.4461365807211,-64.60336323876943,8.0,0,25.0,0.0,22.2,42.0,12.4,17.72142857142857,8.0
2020-09-17 00:00:00,54.93121796201696,-61.81215534928712,9.0,0,5.7,5.5,47.9,40.0,58.8,10.292857142857144,1.0
2018-05-08 00:00:00,46.08240000092849,-70.79709999977855,5.0,1,19.2,0.0,18.7,30.0,116.1,14.985714285714286,3.0
2023-05-27 00:00:00,46.00010000001504,-71.43019999983011,5.0,1,23.7,0.0,16.6,32.0,47.2,14.907142857142857,3.0
2019-06-13 00:00:00,52.63084145543933,-67.88927587624141,6.0,0,17.9,0.0,24.7,53.0,75.3,7.435714285714286,1.0
2021-06-01 00:00:00,52.0088049027624,-63.49256509273019,6.0,0,17.3,0.5,18.7,45.0,40.0,9.721428571428572,1.0
2019-08-12 00:00:00,50.285600000844326,-66.33180000062302,8.0,1,22.3,0.2,16.5,39.0,86.5,21.62857142857143,3.0
2023-08-19 00:00:00,53.5222148347722,-75.4090051625731,8.0,0,20.6,0.2,14.0,74.0,49.1,20.707142857142856,1.0
2018-08-24 00:00:00,46.833828605428806,-76.00690420731779,8.0,0,26.0,0.0,16.8,44.0,112.1,23.607142857142858,2.0
2024-05-08 00:00:00,55.75790794682347,-68.03591328306192,5.0,0,4.1,0.0,10.1,54.0,29.6,0.3285714285714284,2.0
2024-08-24 00:00:00,47.29098234382954,-66.98917992907707,8.0,0,24.0,0.2,12.8,56.0,42.9,22.014285714285712,1.0
2024-06-16 00:00:00,55.94515997657992,-74.27564901966936,6.0,0,19.5,1.7,29.1,51.0,22.1,17.757142857142856,3.0
2021-08-16 00:00:00,55.62010942878584,-62.51691727582784,8.0,0,18.2,0.3,34.8,50.0,42.5,17.71428571428571,2.0
2018-05-12 00:00:00,48.41160000080069,-71.97030000056546,5.0,1,12.6,0.0,18.7,26.0,41.3,12.349999999999998,2.0
2023-07-20 00:00:00,50.29401992077799,-63.83149944979724,7.0,0,20.6,0.0,17.7,76.0,100.2,20.61428571428571,1.0
2020-05-09 00:00:00,51.529377250050025,-71.22947355928707,5.0,0,0.0,0.4,22.8,62.0,32.4,2.035714285714285,5.0
2024-06-05 00:00:00,52.03780000000006,-68.96189999999996,6.0,1,27.3,0.4,7.9,34.0,70.8,14.849999999999998,6.0
2019-07-22 00:00:00,45.84543975119296,-78.25604698338658,7.0,0,21.4,0.0,9.8,37.0,12.4,27.235714285714284,3.0
2024-06-07 00:00:00,49.81775547344919,-69.87731659280726,6.0,0,23.8,0.0,19.9,41.0,16.2,19.25,10.0
2024-05-19 00:00:00,56.00124612672599,-59.56027260445762,5.0,0,0.6,8.2,35.2,87.0,15.5,1.457142857142857,2.0
2020-05-18 00:00:00,46.02910000126141,-76.06320000007535,5.0,1,17.9,0.0,15.7,23.0,11.4,10.664285714285713,3.0
2021-06-18 00:00:00,48.74630000055322,-78.56500000036388,6.0,1,27.5,3.3,21.8,30.0,6.9,22.12857142857143,5.0
2023-09-08 00:00:00,46.74915545530649,-60.0488798293836,9.0,0,18.0,0.3,25.7,94.0,83.5,18.95714285714286,1.0
2020-07-25 00:00:00,50.76640000120383,-59.19040000064533,7.0,1,23.7,2.9,16.6,59.0,37.9,21.585714285714285,5.0
2021-07-04 00:00:00,50.260589784105335,-58.47083534527366,7.0,0,13.9,0.0,34.0,71.0,54.4,12.87142857142857,3.0
2023-07-08 00:00:00,51.52800000039974,-75.64500000034968,7.0,1,24.6,1.4,12.1,41.0,59.0,24.85714285714285,2.0
2023-09-26 00:00:00,57.10735762208172,-69.72961191667173,9.0,0,13.6,0.0,23.0,58.0,24.0,7.892857142857141,2.0
2018-08-01 00:00:00,57.98253638388694,-73.81291691051628,8.0,0,10.6,0.0,24.3,56.0,6.7,16.621428571428574,1.0
2021-05-22 00:00:00,45.12490000110728,-72.19440000010347,5.0,1,25.6,0.4,15.7,52.0,4.9,19.2,11.0
2021-07-06 00:00:00,54.3859000004486,-76.86179999987452,7.0,1,19.9,19.1,35.2,72.0,40.0,17.242857142857144,1.0
2018-07-30 00:00:00,51.97080000123293,-76.23999999944132,7.0,1,26.1,3.3,16.8,48.0,82.9,23.40714285714285,2.0
2020-05-20 00:00:00,46.68000000064772,-78.98400000039656,5.0,1,23.0,0.0,14.1,28.0,11.7,10.292857142857144,5.0
2023-05-13 00:00:00,46.083300000294855,-74.6751000000649,5.0,1,15.2,0.0,26.3,33.0,59.0,15.228571428571428,9.0
2024-06-02 00:00:00,53.609800000000064,-70.50959999999998,6.0,1,23.2,0.6,26.6,40.0,64.9,11.392857142857142,5.0
2024-06-21 00:00:00,50.14850000000007,-67.07789999999994,6.0,1,22.2,0.0,25.2,25.0,5.6,21.62857142857143,7.0
2019-07-30 00:00:00,46.96640000085527,-71.2617999998751,7.0,1,24.6,15.3,14.8,79.0,50.7,22.928571428571423,2.0
2022-06-19 00:00:00,45.90686862931492,-73.76717577813336,6.0,0,20.5,0.0,20.1,35.0,73.5,22.27142857142857,1.0
2020-07-20 00:00:00,57.04435125124169,-75.7386195865016,7.0,0,19.2,0.1,26.2,56.0,30.4,19.478571428571428,3.0
2023-08-09 00:00:00,48.90635212876799,-61.753846167896285,8.0,0,16.8,28.3,52.6,86.0,34.1,18.185714285714287,3.0
2024-06-18 00:00:00,54.11401034200902,-79.30474258183283,6.0,0,26.3,4.2,27.6,38.0,14.9,16.792857142857144,1.0
2021-08-23 00:00:00,58.01570106861893,-79.18002548792535,8.0,0,8.1,0.0,57.3,81.0,29.4,8.607142857142856,1.0
2019-09-19 00:00:00,48.85107047996186,-62.76023730593223,9.0,0,12.4,0.0,31.5,76.0,58.6,12.457142857142856,3.0
2024-07-17 00:00:00,45.256274566408806,-73.97445694064199,7.0,0,25.8,0.6,24.7,68.0,73.7,27.550000000000004,1.0
2021-08-27 00:00:00,46.84298946236849,-71.63510407301483,8.0,0,21.2,0.0,15.8,42.0,11.6,27.02857142857143,4.0
2021-06-07 00:00:00,46.13180000085995,-75.1297000001434,6.0,1,30.2,0.6,21.3,42.0,20.4,20.77857142857143,2.0
2023-05-17 00:00:00,46.963199999680285,-71.21259999979014,5.0,1,7.9,0.3,22.1,26.0,13.5,15.7,1.0
2023-08-07 00:00:00,55.33088581722672,-69.40575369128065,8.0,0,18.9,0.3,17.5,55.0,78.1,16.06428571428571,1.0
2023-08-05 00:00:00,57.383290483528775,-60.94119117202449,8.0,0,7.6,2.7,22.3,95.0,38.2,7.285714285714286,3.0
2023-06-01 00:00:00,46.82569999995508,-76.28880000001993,6.0,1,30.9,0.9,15.3,34.0,28.0,19.642857142857142,8.0
2023-07-21 00:00:00,56.33972546353653,-69.008645374919,7.0,0,17.2,2.6,18.9,49.0,67.7,23.121428571428567,1.0
2024-07-14 00:00:00,58.44797209610758,-76.25807631721968,7.0,0,15.3,0.0,17.9,60.0,48.4,13.114285714285714,3.0
2023-05-28 00:00:00,45.89787776055574,-57.3216083727317,5.0,0,9.1,0.0,50.8,72.0,42.3,6.385714285714285,2.0
2024-07-02 00:00:00,53.27470000000005,-74.56529999999998,7.0,1,26.0,0.3,22.8,27.0,40.0,18.842857142857145,3.0
2022-09-02 00:00:00,48.52319429484348,-62.88112465413775,9.0,0,17.0,0.3,38.3,53.0,34.2,19.77142857142857,1.0
2023-07-01 00:00:00,47.343900000085,-79.31339999981009,7.0,1,25.7,7.0,14.2,56.0,31.3,25.87857142857143,1.0
2023-07-02 00:00:00,54.38619999963032,-70.43929999969521,7.0,1,20.6,5.6,16.4,71.0,56.5,19.135714285714283,1.0
2019-07-30 00:00:00,46.2581000009829,-74.05839999959936,7.0,1,25.3,3.4,16.4,63.0,12.1,24.95,9.0
2021-06-01 00:00:00,57.313127495970846,-69.52384491545054,6.0,0,10.7,0.5,28.1,59.0,33.5,6.885714285714285,4.0
2020-08-13 00:00:00,50.41120000102931,-60.98780000017504,8.0,1,28.2,2.6,16.6,50.0,32.4,23.785714285714285,1.0
2019-06-22 00:00:00,48.33620000108972,-78.58700000035094,6.0,1,22.3,0.0,15.4,38.0,61.2,19.192857142857143,7.0
2022-05-01 00:00:00,46.35310000000004,-72.6434999999999,5.0,1,18.0,0.0,16.1,40.0,37.7,11.007142857142858,4.0
2024-08-15 00:00:00,52.740347527913535,-72.98875144785757,8.0,0,26.3,0.0,9.0,42.0,29.6,19.83571428571429,4.0
2024-06-05 00:00:00,51.698600000000056,-70.36309999999997,6.0,1,25.3,1.0,11.3,41.0,65.5,15.235714285714286,6.0
2020-05-19 00:00:00,46.55980000052201,-73.33199999943068,5.0,1,15.8,0.0,14.0,29.0,13.1,9.507142857142856,4.0
2024-06-05 00:00:00,47.582100000000025,-72.26689999999996,6.0,1,27.0,0.1,10.8,39.0,18.1,21.007142857142863,8.0
2021-08-20 00:00:00,46.85140000052801,-72.53590000056576,8.0,1,29.7,0.1,12.4,56.0,41.7,25.35714285714285,3.0
2021-09-21 00:00:00,57.435608199879695,-74.21491640839878,9.0,0,11.1,9.5,31.4,79.0,50.2,10.085714285714284,1.0
2018-06-28 00:00:00,50.83120000047279,-67.13139999954194,6.0,1,25.8,0.0,17.8,41.0,29.5,15.892857142857148,4.0
2024-06-13 00:00:00,50.487588984993394,-57.96890676676549,6.0,0,13.5,10.3,41.5,84.0,27.9,9.178571428571429,3.0
2018-08-06 00:00:00,54.000005989709535,-75.73984261750319,8.0,0,12.6,0.3,32.5,67.0,51.5,20.442857142857143,1.0
2022-05-20 00:00:00,49.1905507896622,-77.35976332180306,5.0,0,23.7,10.5,33.8,55.0,30.5,19.32857142857143,1.0
2019-07-01 00:00:00,54.046900000451686,-74.76139999984547,7.0,1,20.2,7.0,19.9,63.0,44.8,16.135714285714286,1.0
2023-06-03 00:00:00,48.24800000029984,-78.3053999998101,6.0,1,24.5,0.0,14.5,24.0,23.3,21.178571428571427,11.0
2018-05-20 00:00:00,47.13874945693655,-59.72518698471487,5.0,0,8.2,8.8,56.4,70.0,19.2,5.4,4.0
2021-07-16 00:00:00,55.961313856972495,-72.08808821936843,7.0,0,12.0,3.4,13.6,76.0,53.4,17.628571428571426,1.0
2018-07-14 00:00:00,45.93560000122393,-75.74349999969064,7.0,1,27.9,1.7,14.4,49.0,44.8,28.19285714285714,1.0
2020-08-01 00:00:00,45.59890000138611,-76.3039999999558,8.0,1,28.0,0.1,10.1,46.0,54.1,27.357142857142858,2.0
2020-07-20 00:00:00,54.75565104004728,-72.91133574748027,7.0,0,16.4,26.5,39.1,79.0,70.4,20.56428571428572,1.0
2020-07-09 00:00:00,58.107548233934615,-70.62855332711908,7.0,0,18.2,0.0,16.9,62.0,29.8,18.07857142857143,1.0
2024-06-18 00:00:00,53.55970000000009,-75.68469999999998,6.0,1,26.6,0.1,23.8,39.0,34.6,19.457142857142856,1.0
2019-09-15 00:00:00,46.31560000126445,-73.73949999986264,9.0,1,14.7,0.0,17.8,61.0,47.7,17.77142857142857,1.0
2020-07-04 00:00:00,46.06310000128289,-73.73830000033112,7.0,1,28.6,0.0,16.4,26.0,20.3,27.27857142857143,5.0
2024-07-24 00:00:00,51.36062300714094,-63.92778624500628,7.0,0,19.7,0.1,13.9,41.0,38.8,21.542857142857144,2.0
2020-07-26 00:00:00,50.55199423824138,-64.74978238646385,7.0,0,23.7,0.2,11.9,37.0,38.8,22.657142857142865,1.0
2021-05-15 00:00:00,50.3598000008051,-63.842900000011376,5.0,1,11.2,0.0,15.3,50.0,45.0,9.4,6.0
2023-07-02 00:00:00,55.05580000016994,-69.44830000034472,7.0,1,22.9,4.4,13.4,56.0,44.7,20.32857142857143,5.0
2018-08-17 00:00:00,52.83736002967363,-73.39328486896244,8.0,0,15.3,0.5,15.5,49.0,37.4,19.8,3.0
2022-09-08 00:00:00,46.857600000000105,-78.88240000000002,9.0,1,25.3,0.0,11.8,43.0,45.8,21.350000000000005,5.0
2018-07-02 00:00:00,48.74590000068351,-71.95969999961956,7.0,1,31.1,1.9,24.9,56.0,23.8,23.31428571428572,2.0
2020-08-16 00:00:00,56.77378497123773,-69.79021018521364,8.0,0,25.1,0.0,22.7,37.0,42.4,20.464285714285715,4.0
2023-05-15 00:00:00,46.06040000005999,-74.71099999994999,5.0,1,19.1,0.0,25.6,28.0,46.4,15.357142857142856,11.0
2019-06-09 00:00:00,46.30100000078182,-73.59159999958057,6.0,1,26.4,0.0,12.3,29.0,24.7,17.17142857142857,7.0
2018-07-01 00:00:00,50.54227109635974,-70.79263017113365,7.0,0,23.4,0.7,18.1,46.0,33.4,17.557142857142857,1.0
2020-05-22 00:00:00,46.77390000122823,-72.54139999975544,5.0,1,24.5,0.0,15.9,22.0,7.3,13.421428571428573,7.0
2022-07-22 00:00:00,45.06103823089042,-70.49081985283817,7.0,0,26.5,0.2,17.7,39.0,48.4,23.978571428571428,1.0
2021-05-16 00:00:00,45.65570000080895,-75.0564000004736,5.0,1,21.7,1.9,10.3,35.0,21.5,14.94285714285714,5.0
2020-08-08 00:00:00,50.25560000109852,-60.20360000041983,8.0,1,21.9,0.0,17.6,65.0,42.1,19.97142857142857,2.0
2020-08-18 00:00:00,45.25116862229791,-71.11948842854164,8.0,0,17.3,6.8,17.7,63.0,36.2,21.27142857142857,3.0
2018-07-27 00:00:00,58.421712133699685,-69.93851622441989,7.0,0,15.8,0.0,17.3,49.0,10.4,17.164285714285715,9.0
2022-05-08 00:00:00,48.58100000000013,-72.4292999999999,5.0,1,13.9,0.0,11.3,23.0,28.4,10.55,4.0
2018-07-02 00:00:00,49.36870000124412,-68.23550000003326,7.0,1,24.4,11.4,14.1,44.0,18.2,20.121428571428577,2.0
2019-07-28 00:00:00,51.41080000069776,-65.21689999945328,7.0,1,25.9,0.5,23.8,37.0,25.4,20.27857142857143,4.0
2023-08-28 00:00:00,53.72363355849743,-67.89511436937522,8.0,0,18.3,0.0,31.1,52.0,64.6,16.507142857142856,2.0
2022-06-12 00:00:00,46.62076656406418,-68.34908787611771,6.0,0,24.0,0.1,13.8,38.0,62.1,19.75,3.0
2019-06-13 00:00:00,50.696400000653895,-62.3599999996614,6.0,1,22.5,0.3,23.2,26.0,55.4,13.778571428571428,1.0
2024-05-12 00:00:00,46.89990000000007,-72.38839999999993,5.0,1,15.6,0.0,11.2,36.0,42.0,14.214285714285714,3.0
2024-06-05 00:00:00,49.33930000000005,-71.12279999999998,6.0,1,27.9,0.6,10.0,37.0,33.2,20.142857142857142,8.0
2021-09-18 00:00:00,57.25874093151886,-78.83230164140653,9.0,0,6.5,0.0,42.6,75.0,16.9,8.385714285714284,2.0
2022-05-09 00:00:00,45.36470000000008,-72.60360000000003,5.0,1,20.2,0.0,14.7,24.0,39.8,12.55,5.0
2020-09-27 00:00:00,54.56959501283923,-67.76432136284157,9.0,0,7.4,4.0,27.9,78.0,56.1,7.485714285714287,1.0
2023-08-23 00:00:00,48.81680618977478,-76.16363698189524,8.0,0,21.0,0.5,11.2,53.0,95.9,20.607142857142858,3.0
2022-08-28 00:00:00,48.98399999999998,-72.12409999999994,8.0,1,24.9,0.0,15.0,52.0,33.1,23.014285714285712,2.0
2023-07-10 00:00:00,51.97803595774908,-72.24500882654277,7.0,0,20.0,2.3,24.8,72.0,83.6,21.192857142857143,1.0
2020-05-01 00:00:00,45.16136018941015,-68.72687162596213,5.0,0,10.9,13.5,21.3,80.0,25.8,10.271428571428572,3.0
2022-06-05 00:00:00,56.05370000000005,-71.61950000000002,6.0,1,17.5,0.0,21.6,33.0,19.4,6.85,7.0
2018-05-19 00:00:00,46.197200001272805,-71.25620000066462,5.0,1,18.8,3.2,19.1,29.0,9.7,15.435714285714283,4.0
2023-07-20 00:00:00,57.92677907570491,-72.38400013709713,7.0,0,15.2,1.3,20.9,55.0,91.3,20.492857142857144,1.0
2022-05-01 00:00:00,45.788700000000006,-74.22120000000001,5.0,1,16.5,0.0,15.6,35.0,57.3,9.557142857142855,4.0
2022-05-11 00:00:00,48.72529894579164,-74.06681667304817,5.0,0,19.1,0.0,15.7,39.0,5.4,8.77142857142857,7.0
2021-06-03 00:00:00,53.36840000128889,-72.40909999995601,6.0,1,21.1,12.0,37.3,40.0,37.3,10.042857142857144,6.0
2023-07-17 00:00:00,52.47080000011994,-77.73690000033469,7.0,1,23.1,12.5,16.3,59.0,27.0,24.092857142857145,1.0
2023-05-13 00:00:00,46.29349999992513,-74.76980000006989,5.0,1,14.0,0.0,25.8,37.0,47.0,14.914285714285713,10.0
2020-08-20 00:00:00,46.53336713349178,-68.5502491305997,8.0,0,22.2,0.0,18.2,31.0,14.3,25.721428571428568,2.0
2021-05-16 00:00:00,45.8747000007254,-74.65759999967734,5.0,1,20.3,1.4,8.6,38.0,16.2,13.914285714285713,5.0
2019-07-08 00:00:00,46.24420000106325,-76.1993999995057,7.0,1,25.8,0.0,11.7,31.0,31.9,25.49285714285714,3.0
2018-07-21 00:00:00,50.874300001197255,-65.94190000038786,7.0,1,27.9,1.5,16.7,42.0,26.4,20.22142857142857,1.0
2021-07-02 00:00:00,45.26687826954513,-65.69110037492015,7.0,0,15.4,6.4,20.2,84.0,57.7,19.65,2.0
2020-08-09 00:00:00,51.92982912760687,-61.89143431605376,8.0,0,25.5,0.8,13.0,47.0,60.2,21.935714285714283,3.0
2020-07-05 00:00:00,51.44830000050113,-69.47169999987652,7.0,1,17.3,4.7,9.2,52.0,53.1,22.12857142857143,3.0
2022-07-23 00:00:00,48.79070000000007,-69.2054,7.0,1,27.3,0.7,18.8,48.0,51.5,24.17142857142857,2.0
2018-09-13 00:00:00,51.17991363722768,-74.10460106063277,9.0,0,20.9,0.0,12.3,69.0,43.3,16.75714285714286,5.0
2022-08-17 00:00:00,50.38395421463124,-64.16466825876013,8.0,0,26.5,0.0,13.8,31.0,37.1,23.157142857142865,2.0
2023-05-14 00:00:00,46.12209999991512,-74.47110000036469,5.0,1,14.1,0.0,18.1,30.0,64.4,14.714285714285714,10.0
2024-08-03 00:00:00,53.115856239436354,-75.81807579399317,8.0,0,19.1,2.1,29.3,61.0,92.7,21.578571428571426,1.0
2023-07-15 00:00:00,51.454399919789786,-66.39024969850519,7.0,0,22.9,0.3,13.3,47.0,44.4,23.728571428571428,1.0
2018-06-12 00:00:00,57.79284850329093,-69.91390023481719,6.0,0,5.7,3.9,33.9,74.0,19.0,1.8857142857142857,1.0
2020-08-16 00:00:00,49.91780000085417,-74.35340000052543,8.0,1,25.8,0.5,19.8,37.0,86.5,23.12142857142857,5.0
2022-05-09 00:00:00,57.18202962693477,-74.76789587607767,5.0,0,6.4,0.0,33.8,68.0,21.5,-2.7785714285714285,5.0
2023-06-01 00:00:00,49.78250000007501,-69.54140000030975,6.0,1,28.2,3.0,14.5,35.0,27.7,15.942857142857145,8.0
2020-05-18 00:00:00,45.90760000132539,-73.97999999958272,5.0,1,17.2,0.0,16.1,24.0,11.4,10.671428571428573,3.0
2018-05-09 00:00:00,45.24720000122068,-72.6718000003766,5.0,1,23.8,0.0,19.8,30.0,86.8,15.607142857142856,5.0
2022-05-06 00:00:00,54.05506236249946,-75.68358267916479,5.0,0,-2.1,0.0,12.0,71.0,29.9,2.2571428571428567,1.0
2022-05-16 00:00:00,58.27241099218459,-78.65181277248558,5.0,0,1.2,0.6,21.8,93.0,26.2,0.4571428571428572,1.0
2020-05-19 00:00:00,46.55180000086994,-71.52049999987737,5.0,1,16.0,0.0,18.0,28.0,25.0,11.75,3.0
2023-07-25 00:00:00,48.57719999998005,-66.14330000029474,7.0,1,25.0,18.8,16.3,58.0,95.8,23.67142857142857,2.0
2021-05-14 00:00:00,50.99050000127546,-78.73569999942293,5.0,1,21.8,0.4,13.4,32.0,19.6,9.678571428571429,7.0
2021-06-03 00:00:00,52.86060000088188,-67.3989000000847,6.0,1,19.0,1.5,36.8,48.0,52.2,9.7,2.0
2022-08-24 00:00:00,55.69777877150641,-58.94582673253522,8.0,0,11.0,0.0,30.1,81.0,6.6,12.90714285714286,2.0
2021-05-10 00:00:00,48.57260000095383,-72.23160000060014,5.0,1,13.5,0.4,16.3,49.0,20.3,10.75,4.0
2023-06-01 00:00:00,47.64780000036978,-72.64089999983509,6.0,1,29.5,0.7,12.6,33.0,45.0,19.607142857142858,8.0
2020-05-26 00:00:00,45.973800000891615,-75.98470000061567,5.0,1,30.5,0.6,20.6,44.0,22.3,19.557142857142853,1.0
2018-08-06 00:00:00,50.83900000075073,-70.13649999932784,8.0,1,22.2,7.8,14.0,74.0,84.5,22.257142857142856,1.0
2019-09-17 00:00:00,50.79192574218828,-65.47075579915258,9.0,0,9.2,0.0,18.4,39.0,64.7,10.157142857142857,2.0
2022-07-07 00:00:00,55.109724928198894,-58.25162866564747,7.0,0,7.3,0.0,14.0,89.0,17.4,11.828571428571427,2.0
2020-07-21 00:00:00,54.61913969384885,-61.14780257534465,7.0,0,20.2,7.0,32.0,54.0,84.5,22.142857142857142,1.0
2024-07-11 00:00:00,52.915129450524006,-79.02372267080513,7.0,0,18.1,0.0,21.7,60.0,22.9,15.971428571428572,4.0
2020-05-22 00:00:00,46.07470000112691,-71.92749999971922,5.0,1,25.7,0.0,13.0,26.0,16.0,13.857142857142858,7.0
2018-06-28 00:00:00,49.52470000112993,-74.99070000067984,6.0,1,27.3,0.0,17.1,35.0,28.6,21.33571428571429,4.0
2018-07-03 00:00:00,51.77193497443966,-75.91767067989356,7.0,0,21.2,2.6,24.4,54.0,27.5,19.621428571428577,1.0
2019-09-21 00:00:00,45.952200000790654,-75.09099999965262,9.0,1,24.1,0.0,11.9,57.0,23.7,17.857142857142858,7.0
2019-09-19 00:00:00,45.56058671794592,-70.09307909963366,9.0,0,18.1,0.0,12.4,33.0,10.9,15.335714285714284,5.0
2018-06-25 00:00:00,57.7483757481128,-62.87919839089666,6.0,0,4.9,0.0,21.4,74.0,3.7,3.535714285714286,5.0
2023-05-14 00:00:00,46.40119999958034,-75.57169999975514,5.0,1,14.8,0.0,18.0,30.0,49.0,15.314285714285717,11.0
2018-07-04 00:00:00,49.034000001070886,-76.4835999996318,7.0,1,29.9,0.4,12.2,43.0,21.6,23.23571428571428,3.0
2023-06-17 00:00:00,53.874499036214495,-64.10761340613081,6.0,0,6.9,0.7,26.2,78.0,55.3,13.578571428571433,1.0
2018-05-13 00:00:00,45.04050000114896,-72.42349999974148,5.0,1,18.7,0.0,13.0,26.0,44.8,16.95714285714286,3.0
2022-08-15 00:00:00,49.18579999999997,-68.23779999999994,8.0,1,24.9,0.7,14.3,48.0,15.3,21.77142857142857,7.0
2021-06-23 00:00:00,47.2697974000535,-76.44556163617435,6.0,0,17.5,0.1,20.9,38.0,19.8,20.642857142857142,2.0
2022-08-06 00:00:00,50.879402575200885,-64.01686670554379,8.0,0,21.0,0.0,19.4,38.0,63.9,20.714285714285715,2.0
2024-08-02 00:00:00,48.49382411137668,-59.55133956817652,8.0,0,19.9,12.3,32.0,81.0,18.6,19.7,2.0
2021-05-27 00:00:00,46.79810602556797,-68.85021968768352,5.0,0,17.4,0.6,22.5,37.0,36.1,20.3,1.0
2019-09-07 00:00:00,57.07880546365552,-74.52602202324542,9.0,0,8.8,1.5,18.7,58.0,33.4,13.214285714285712,1.0
2022-07-12 00:00:00,46.62940000000003,-77.83839999999987,7.0,1,19.8,3.7,18.0,57.0,25.3,21.72857142857143,7.0
2024-07-08 00:00:00,53.57010000000009,-73.34539999999998,7.0,1,24.0,12.0,26.2,53.0,45.5,17.942857142857143,1.0
2018-08-10 00:00:00,49.96040000064951,-75.42679999957068,8.0,1,21.2,0.0,14.8,38.0,53.1,22.92142857142857,1.0
2021-09-03 00:00:00,46.52522823698349,-73.6135828843588,9.0,0,18.6,1.4,17.3,56.0,27.2,22.27142857142857,4.0
2023-06-01 00:00:00,48.7403999995604,-69.98290000043465,6.0,1,27.2,1.6,16.6,31.0,28.1,16.007142857142856,8.0
2020-07-09 00:00:00,48.002350815367066,-62.221794349541184,7.0,0,17.0,1.2,40.7,89.0,45.2,16.17857142857143,1.0
2023-06-01 00:00:00,48.880200000129946,-74.35420000002995,6.0,1,30.4,0.4,14.7,29.0,33.6,16.535714285714285,8.0
2018-08-02 00:00:00,56.61967931316587,-57.4617280215512,8.0,0,6.8,1.5,16.7,89.0,8.9,8.07857142857143,2.0
2020-06-16 00:00:00,45.94117726925202,-75.3112570516353,6.0,0,23.7,0.0,10.1,33.0,29.1,18.2,3.0
2022-05-15 00:00:00,47.43320000000011,-74.63760000000002,5.0,1,20.6,16.6,15.6,62.0,6.4,15.207142857142856,11.0
2022-08-19 00:00:00,49.08330000000012,-66.61579999999998,8.0,1,20.0,3.8,21.4,72.0,36.7,19.65,1.0
2022-08-19 00:00:00,47.57124132911888,-69.80287911859618,8.0,0,21.3,1.3,23.9,81.0,53.3,19.77142857142857,1.0
2020-07-16 00:00:00,54.10499026235775,-77.26774178641568,7.0,0,23.3,1.0,32.1,56.0,24.7,23.214285714285715,1.0
2018-06-10 00:00:00,56.99042536560912,-66.43506763258486,6.0,0,1.2,0.1,19.2,66.0,49.2,3.414285714285714,2.0
2020-08-11 00:00:00,48.13830000052404,-68.03469999994489,8.0,1,27.4,11.7,15.4,66.0,66.8,23.45714285714286,6.0
2024-05-13 00:00:00,46.18440000000004,-71.06709999999998,5.0,1,17.2,0.5,14.7,37.0,29.6,13.614285714285712,4.0
2023-06-17 00:00:00,52.68600327940668,-59.611062904065406,6.0,0,9.6,1.1,13.5,66.0,22.6,14.457142857142856,2.0
2020-05-11 00:00:00,45.67200000140125,-75.52229999958246,5.0,1,8.2,0.0,17.9,41.0,44.3,11.871428571428572,3.0
2018-06-22 00:00:00,53.8968664358634,-67.77398535193602,6.0,0,8.4,2.7,37.0,65.0,42.3,6.057142857142858,2.0
2023-08-13 00:00:00,52.052300000344815,-78.23460000028973,8.0,1,22.5,2.1,16.0,57.0,29.3,20.37857142857143,1.0
2021-08-31 00:00:00,47.699200000648624,-69.69570000013567,8.0,1,23.2,0.6,29.0,48.0,3.8,23.1,1.0
2021-06-04 00:00:00,53.69784841920934,-58.22188667827977,6.0,0,20.3,11.2,25.5,54.0,44.2,7.35,6.0
2019-05-10 00:00:00,46.79754082309053,-73.68710781728356,5.0,0,11.2,12.1,25.9,87.0,31.6,7.692857142857143,1.0
2018-06-24 00:00:00,49.87560848289925,-78.0931299487615,6.0,0,15.6,0.0,19.2,35.0,68.0,20.97142857142857,1.0
2020-07-05 00:00:00,49.19000000103524,-69.83850000018404,7.0,1,19.0,6.5,11.0,61.0,28.5,23.11428571428572,3.0
2024-05-08 00:00:00,48.04660000000007,-78.1656,5.0,1,12.8,0.0,17.9,43.0,37.5,13.028571428571428,3.0
2022-06-04 00:00:00,45.62300847729804,-66.4528803250512,6.0,0,17.4,0.2,12.4,60.0,30.7,20.557142857142857,4.0
2021-06-07 00:00:00,53.45702695438808,-79.47179380361152,6.0,0,9.3,2.1,49.2,77.0,27.6,3.8642857142857134,1.0
2019-06-08 00:00:00,45.70670000076598,-76.07220000056094,6.0,1,21.6,0.0,11.9,36.0,43.0,16.6,3.0
2024-09-02 00:00:00,46.56240000000003,-78.98799999999994,9.0,1,17.7,0.0,20.1,34.0,16.900000000000002,22.55714285714286,1.0
2019-07-23 00:00:00,57.55033651727433,-61.38047126771702,7.0,0,4.9,0.0,18.3,98.0,45.4,5.25,1.0
2021-06-18 00:00:00,53.33220000059277,-78.43450000066503,6.0,1,20.8,8.5,16.0,64.0,21.9,15.385714285714286,11.0
2019-06-23 00:00:00,46.44470000106298,-72.76259999979757,6.0,1,26.4,0.0,23.7,30.0,51.8,22.014285714285712,3.0
2023-09-09 00:00:00,51.910075738097966,-61.11381680033314,9.0,0,8.2,8.3,15.5,95.0,127.6,17.099999999999998,1.0
2020-05-28 00:00:00,48.29640000075227,-70.72009999992459,5.0,1,30.0,0.0,19.3,41.0,23.6,17.37857142857143,1.0
2020-09-27 00:00:00,54.94339304416509,-71.39728909309358,9.0,0,11.0,1.3,24.3,75.0,59.2,7.8357142857142845,1.0
2021-05-08 00:00:00,52.33912070556913,-62.51598264688049,5.0,0,4.6,2.1,14.3,73.0,46.0,4.371428571428572,1.0
2021-08-01 00:00:00,48.99698969288278,-58.99974876886687,8.0,0,16.2,2.9,40.6,84.0,108.5,15.971428571428572,1.0
2022-08-25 00:00:00,48.46619334241913,-71.78881912640666,8.0,0,17.5,0.1,17.5,53.0,32.5,23.442857142857147,1.0
2019-08-19 00:00:00,55.27845207197755,-63.48629784022332,8.0,0,21.1,6.9,29.8,67.0,74.3,15.607142857142856,1.0
2021-06-14 00:00:00,48.85280000046941,-72.32440000054962,6.0,1,23.3,3.1,15.3,44.0,10.4,23.457142857142863,9.0
2018-07-12 00:00:00,48.46614277539802,-62.56004252846796,7.0,0,13.5,0.0,34.8,74.0,42.2,14.892857142857144,2.0
2023-07-14 00:00:00,48.47039999956036,-67.09759999974017,7.0,1,24.0,2.5,24.5,69.0,60.9,25.36428571428571,1.0
2023-06-01 00:00:00,48.751300000394735,-76.46500000014987,6.0,1,31.0,1.7,17.1,28.0,33.2,17.757142857142856,9.0
2022-05-08 00:00:00,45.811400000000106,-73.98579999999993,5.0,1,16.5,0.0,16.1,22.0,19.3,14.207142857142856,4.0
2023-09-11 00:00:00,58.71125356878038,-73.92778820757717,9.0,0,6.8,0.0,22.0,69.0,21.5,9.592857142857143,5.0
2024-06-21 00:00:00,50.02740730561472,-67.17494790995121,6.0,0,22.7,0.0,25.7,25.0,7.6,22.407142857142865,11.0
2021-06-11 00:00:00,53.41975442495533,-66.88490971243786,6.0,0,9.5,0.0,36.2,51.0,30.6,10.714285714285714,2.0
2018-08-11 00:00:00,49.13590000095017,-71.99830000045694,8.0,1,25.2,1.1,9.9,44.0,126.3,24.235714285714284,2.0
2023-06-01 00:00:00,49.063899999885166,-75.04639999956026,6.0,1,30.3,1.1,14.1,30.0,28.7,17.42142857142857,8.0
2021-06-17 00:00:00,47.5078000012338,-79.30049999998195,6.0,1,24.9,0.0,23.4,31.0,21.7,23.25,3.0
2020-06-23 00:00:00,58.581413944338166,-68.92342030935679,6.0,0,17.0,0.0,15.3,44.0,18.6,10.2,9.0
2018-06-24 00:00:00,48.5231067099281,-62.17959241123953,6.0,0,11.3,0.0,42.2,72.0,30.5,9.321428571428571,5.0
2018-09-09 00:00:00,52.22586953362654,-76.94531565494303,9.0,0,12.7,0.0,18.4,39.0,30.5,16.935714285714287,2.0
2021-08-28 00:00:00,50.299000000937,-66.4421999993789,8.0,1,23.1,0.0,14.3,36.0,67.3,22.692857142857143,2.0
2020-08-24 00:00:00,47.07310000050368,-70.11140000042153,8.0,1,22.8,1.7,11.4,53.0,21.1,22.06428571428572,3.0
2022-05-11 00:00:00,46.4781000000001,-71.77260000000001,5.0,1,26.5,0.0,12.9,22.0,15.7,14.849999999999998,7.0
2021-09-24 00:00:00,45.63984954005991,-70.46320031439933,9.0,0,20.0,13.5,28.3,81.0,36.2,20.02857142857143,6.0
2018-07-02 00:00:00,56.89803874335245,-76.04383589283752,7.0,0,17.3,21.3,36.5,66.0,17.4,6.435714285714285,3.0
2020-08-04 00:00:00,46.5387253644414,-58.24620791790733,8.0,0,19.7,0.1,43.4,86.0,55.2,17.57857142857143,4.0
2024-08-04 00:00:00,46.61500000000007,-77.10559999999998,8.0,1,23.1,1.0,14.1,57.0,28.200000000000003,25.485714285714288,4.0
2019-08-24 00:00:00,52.22082163194989,-63.07942113010228,8.0,0,15.7,0.0,21.9,40.0,48.6,18.8,1.0
2024-05-20 00:00:00,46.29280000000006,-73.75479999999999,5.0,1,27.8,0.0,14.3,33.0,15.4,17.849999999999998,2.0
2021-08-05 00:00:00,45.83610555966822,-59.394977193065394,8.0,0,18.7,0.3,34.0,88.0,28.9,17.57857142857143,3.0
2023-06-19 00:00:00,55.074792127731264,-63.87465914213729,6.0,0,16.5,0.0,11.3,50.0,42.1,12.73571428571429,3.0
2018-05-23 00:00:00,45.93870000062668,-74.13950000044767,5.0,1,20.2,0.0,18.6,32.0,15.6,17.335714285714285,3.0
2023-07-27 00:00:00,46.66794101224193,-59.63808460551691,7.0,0,24.0,0.0,37.7,72.0,40.3,19.242857142857144,4.0
2018-09-11 00:00:00,53.28746921057711,-67.85538869609931,9.0,0,15.2,0.0,35.4,55.0,48.0,12.95714285714286,3.0
2020-05-18 00:00:00,49.010000000519135,-72.0355999997223,5.0,1,12.8,0.0,18.4,22.0,9.7,6.9785714285714295,10.0
2019-07-12 00:00:00,50.27690000132232,-65.86760000051041,7.0,1,16.6,5.1,22.9,73.0,2.2,19.807142857142857,6.0
2021-07-25 00:00:00,48.96700000051909,-66.953900000162,7.0,1,25.1,4.3,28.2,43.0,39.8,22.057142857142853,4.0
2023-05-30 00:00:00,48.2953999999101,-72.01159999974016,5.0,1,25.8,0.0,17.7,24.0,57.7,15.657142857142857,6.0
2023-05-03 00:00:00,54.26511475440688,-59.6344338757542,5.0,0,3.7,0.0,17.7,85.0,8.5,5.471428571428572,14.0
2020-06-08 00:00:00,50.25531275741477,-78.15499255118576,6.0,0,11.3,3.8,10.5,49.0,31.2,15.721428571428572,5.0
2021-08-10 00:00:00,46.183800000821854,-74.34350000001591,8.0,1,27.0,3.5,14.7,58.0,32.3,20.36428571428572,1.0
2018-05-13 00:00:00,45.74810000099211,-72.10380000034951,5.0,1,19.2,0.0,14.5,26.0,48.5,16.67857142857143,3.0
2024-07-18 00:00:00,45.512541129936366,-76.50966703220801,7.0,0,20.8,0.7,19.2,58.0,44.9,26.992857142857137,1.0
2023-07-17 00:00:00,56.56667672523063,-73.7861419679117,7.0,0,23.1,1.5,11.9,59.0,93.7,22.0,1.0
2020-09-22 00:00:00,46.56702748409149,-71.65474859794756,9.0,0,17.4,0.0,10.9,54.0,42.7,16.06428571428571,6.0
2024-05-08 00:00:00,48.59803492479013,-75.5250139433096,5.0,0,11.5,0.0,14.8,44.0,22.3,11.535714285714288,3.0
2018-05-14 00:00:00,45.05700000089324,-72.09229999999278,5.0,1,22.3,0.0,19.8,31.0,37.9,17.914285714285715,4.0
2020-07-22 00:00:00,50.07820000113653,-66.99790000037405,7.0,1,22.9,0.0,17.9,42.0,72.1,22.65000000000001,2.0
2019-06-23 00:00:00,47.95380000135229,-69.8189000005164,6.0,1,21.8,0.0,24.4,32.0,45.1,18.46428571428572,3.0
2023-08-17 00:00:00,48.30859999979021,-79.02670000040467,8.0,1,24.3,0.9,32.5,48.0,37.6,21.214285714285715,4.0
2020-06-25 00:00:00,54.90297867492396,-58.14103466127763,6.0,0,6.0,6.0,21.0,97.0,33.6,10.814285714285717,1.0
2018-06-09 00:00:00,56.50800391807984,-69.89358056581592,6.0,0,1.5,0.0,18.3,69.0,24.4,2.5428571428571423,8.0
2024-06-22 00:00:00,53.38171035948733,-71.95528480262072,6.0,0,19.1,0.8,29.0,44.0,46.3,18.56428571428572,1.0
2024-07-08 00:00:00,51.21490000000006,-75.22629999999998,7.0,1,26.8,0.7,20.6,41.0,35.7,20.65714285714285,4.0
2023-05-02 00:00:00,55.21898536213873,-62.474613473058,5.0,0,2.9,0.0,26.5,73.0,7.4,2.171428571428572,13.0
2019-09-01 00:00:00,56.60242204147854,-64.36348643803049,9.0,0,6.9,1.4,45.4,50.0,51.1,14.378571428571432,1.0
2018-07-27 00:00:00,48.74842120591204,-69.22021925861989,7.0,0,28.2,1.4,15.5,55.0,63.2,26.164285714285715,1.0
2020-05-13 00:00:00,49.07650000118765,-68.45740000016033,5.0,1,7.6,0.0,29.6,33.0,52.8,6.207142857142856,1.0
2020-05-21 00:00:00,46.05260000054344,-74.57169999936991,5.0,1,22.8,0.0,14.8,25.0,14.3,11.907142857142858,6.0
2020-06-23 00:00:00,48.48800000082681,-68.4753999996002,6.0,1,26.3,0.0,8.8,74.0,11.9,22.03571428571429,11.0
2021-05-15 00:00:00,48.23970000094727,-72.59479999969994,5.0,1,18.6,2.0,18.6,33.0,29.8,11.271428571428572,2.0
2020-05-05 00:00:00,52.457481122568026,-71.44104353699093,5.0,0,1.5,0.3,14.7,57.0,31.1,0.5285714285714287,4.0
2020-08-21 00:00:00,50.79976283444847,-77.24135046507493,8.0,0,17.6,0.0,8.8,49.0,46.7,22.7,3.0
2020-08-26 00:00:00,54.83634689921298,-64.50942803865104,8.0,0,11.0,24.3,38.9,90.0,58.6,17.285714285714285,1.0
2024-08-03 00:00:00,51.60450000000003,-64.65489999999994,8.0,1,25.2,11.8,23.0,60.0,70.8,21.528571428571432,2.0
2023-09-14 00:00:00,50.60946083293472,-60.83901736678422,9.0,0,18.0,47.4,18.9,94.0,57.4,19.76428571428572,5.0
2022-09-15 00:00:00,50.85649999999998,-74.49299999999994,9.0,1,9.7,4.4,26.6,60.0,23.4,19.42142857142857,1.0
2022-05-27 00:00:00,49.15700326978542,-59.38460356132346,5.0,0,6.5,2.8,22.3,73.0,32.8,6.935714285714284,4.0
2021-06-14 00:00:00,46.00670000083618,-76.8911999999782,6.0,1,24.1,6.1,11.8,50.0,9.1,25.25,9.0
2020-05-18 00:00:00,46.059400001287294,-74.09139999983297,5.0,1,16.1,0.0,16.4,25.0,12.1,9.30714285714286,3.0
2022-08-12 00:00:00,52.550422061134384,-67.49143873046421,8.0,0,15.5,3.9,16.6,70.0,93.2,16.814285714285717,1.0
2024-07-09 00:00:00,56.91602022304786,-77.0848915940333,7.0,0,7.6,0.3,27.0,86.0,31.5,7.721428571428573,1.0
2019-07-07 00:00:00,46.19552245344103,-67.22246754146539,7.0,0,22.3,0.0,16.9,42.0,53.3,22.70714285714286,1.0
2019-09-26 00:00:00,57.64595428950163,-62.60505002031689,9.0,0,10.3,1.8,20.5,55.0,28.9,9.47857142857143,3.0
2021-08-03 00:00:00,48.71439244312269,-70.55446108494249,8.0,0,15.1,4.7,24.9,60.0,54.0,16.65,3.0
2018-06-16 00:00:00,51.53864783503736,-67.95800848761,6.0,0,11.9,0.0,14.7,46.0,39.3,5.035714285714286,4.0
2023-05-07 00:00:00,45.66940000040972,-75.56880000001996,5.0,1,19.7,0.0,14.3,34.0,101.8,11.6,3.0
2021-09-20 00:00:00,47.36390000076285,-74.03810000060015,9.0,1,21.5,0.0,14.8,37.0,36.4,17.54285714285714,2.0
2019-07-22 00:00:00,56.06501029373071,-76.7146947292358,7.0,0,7.0,1.0,18.1,91.0,82.2,15.507142857142856,1.0
2023-05-13 00:00:00,45.64870000000502,-75.59340000040964,5.0,1,16.6,0.0,22.1,31.0,82.0,15.378571428571432,1.0
2022-07-30 00:00:00,45.62779999999998,-76.66869999999994,7.0,1,24.4,0.0,16.9,50.0,40.9,27.31428571428572,2.0
2019-08-09 00:00:00,46.19330000078494,-73.8719000001255,8.0,1,20.9,9.7,16.7,64.0,15.5,26.2,2.0
2021-08-26 00:00:00,46.86110000051096,-78.96640000009538,8.0,1,25.1,0.0,15.5,49.0,8.2,26.42142857142857,1.0
2022-09-19 00:00:00,45.73569853288648,-64.5127708517066,9.0,0,16.0,0.0,15.7,50.0,10.0,19.978571428571424,1.0
2022-08-30 00:00:00,49.02420000000012,-69.92740000000003,8.0,1,26.7,3.4,15.6,57.0,36.0,21.36428571428572,4.0
2024-06-19 00:00:00,48.37570000000005,-72.93269999999995,6.0,1,31.3,2.0,25.6,43.0,52.6,20.8,1.0
2022-06-08 00:00:00,58.71300000000008,-66.01319999999993,6.0,1,18.7,0.0,32.4,41.0,10.9,8.457142857142857,10.0
2020-05-22 00:00:00,46.98180000089507,-70.44620000011223,5.0,1,19.6,0.6,22.4,23.0,22.8,12.492857142857144,6.0
2023-05-08 00:00:00,48.25379999977025,-77.96530000019482,5.0,1,12.1,0.0,16.7,32.0,61.6,11.45,5.0
2020-05-16 00:00:00,51.26490000082479,-69.17980000058405,5.0,1,11.8,0.0,15.7,32.0,6.699999999999999,3.957142857142857,12.0
2018-06-09 00:00:00,46.29790000079252,-73.41609999951737,6.0,1,19.5,0.0,15.5,27.0,43.0,20.61428571428572,2.0
2022-08-12 00:00:00,53.01756214244884,-73.11045761674237,8.0,0,17.9,0.3,14.4,41.0,81.9,17.414285714285715,1.0
2018-06-13 00:00:00,46.60780000068044,-77.02190000014042,6.0,1,24.0,8.0,15.9,59.0,56.2,19.935714285714287,6.0
2023-05-13 00:00:00,48.53360000023986,-69.2571000000649,5.0,1,11.6,0.0,27.7,43.0,33.5,11.035714285714285,5.0
2020-07-13 00:00:00,49.09990923110372,-66.3305821508721,7.0,0,19.6,6.4,17.0,90.0,54.1,21.392857142857142,1.0
2021-08-10 00:00:00,49.35820000083035,-72.78029999932869,8.0,1,25.9,11.9,10.1,75.0,24.0,19.72142857142857,1.0
2022-06-19 00:00:00,55.411227978037,-71.97556369587657,6.0,0,9.1,0.4,17.1,54.0,55.4,16.92142857142857,2.0
2023-07-03 00:00:00,54.87590000028485,-69.49549999972515,7.0,1,26.6,0.0,14.6,34.0,54.8,19.328571428571426,1.0
2022-05-25 00:00:00,55.55688929646965,-76.30737640242948,5.0,0,-0.9,0.8,26.0,69.0,33.2,5.7,1.0
2022-07-27 00:00:00,47.0453,-69.95999999999998,7.0,1,24.4,0.0,17.3,47.0,96.3,24.02142857142857,2.0
2021-09-20 00:00:00,46.49380000123267,-72.82419999953946,9.0,1,20.4,0.0,11.9,48.0,45.9,20.342857142857145,5.0
2020-09-12 00:00:00,47.33902864092003,-66.80071359212995,9.0,0,15.3,0.0,15.6,52.0,50.1,17.442857142857143,2.0
2022-09-01 00:00:00,54.76078697189673,-59.35702808555833,9.0,0,23.3,3.0,29.5,71.0,37.0,17.72857142857143,3.0
2023-07-27 00:00:00,49.89969999985516,-74.14390000028476,7.0,1,22.2,0.0,12.3,40.0,89.2,21.92142857142857,1.0
2018-07-28 00:00:00,48.42620000054609,-68.19890000029247,7.0,1,27.2,0.6,13.0,49.0,46.7,26.14285714285714,2.0
2022-08-19 00:00:00,45.70489576858349,-74.92776767595757,8.0,0,27.5,0.6,12.1,46.0,46.6,24.450000000000006,2.0
2023-06-22 00:00:00,54.682199999830175,-74.85649999987504,6.0,1,29.2,6.3,42.2,38.0,1.9,22.292857142857137,1.0
2023-07-08 00:00:00,49.81599999990016,-74.53750000022478,7.0,1,25.7,6.5,10.0,36.0,63.2,25.42142857142857,1.0
2024-06-28 00:00:00,54.3527582926048,-73.90771509877365,6.0,0,13.4,3.1,28.6,46.0,54.4,16.07142857142857,1.0
2021-05-10 00:00:00,49.16002377905292,-76.07280496935822,5.0,0,10.9,4.1,17.0,55.0,26.8,10.042857142857144,1.0
2022-07-05 00:00:00,58.18038556374047,-64.50303402355873,7.0,0,9.7,0.9,22.0,65.0,64.0,11.37857142857143,1.0
2020-07-30 00:00:00,48.08240000127659,-67.15089999947214,7.0,1,19.5,41.9,11.5,86.0,49.2,23.47857142857143,1.0
2023-05-11 00:00:00,45.62700000024984,-71.91740000030973,5.0,1,22.0,0.0,17.7,32.0,37.3,14.857142857142858,7.0
2019-08-31 00:00:00,48.77970000084725,-72.5957999996011,8.0,1,16.2,0.1,21.9,45.0,43.6,22.8,1.0
2023-06-01 00:00:00,49.75319999968031,-69.55109999976514,6.0,1,28.5,2.2,16.3,35.0,28.9,15.95,8.0
2024-06-27 00:00:00,48.38473384467885,-75.54738625973175,6.0,0,11.5,0.2,20.6,49.0,40.0,22.95,1.0
2018-08-12 00:00:00,48.27380000108994,-68.50569999964256,8.0,1,27.4,0.0,12.1,47.0,62.9,24.635714285714283,3.0
2021-06-24 00:00:00,58.1673650429592,-69.58607521096934,6.0,0,13.1,4.5,32.4,60.0,18.7,10.914285714285716,2.0
2024-06-24 00:00:00,54.84336965515928,-75.03446332973708,6.0,0,15.7,1.1,25.5,40.0,29.8,17.692857142857143,1.0
2024-09-19 00:00:00,54.37468845602584,-63.28719617879713,9.0,0,13.3,0.6,22.3,66.0,42.2,14.528571428571428,7.0
2020-07-22 00:00:00,50.03721474091606,-59.15349988453687,7.0,0,16.1,0.0,35.9,76.0,35.4,14.46428571428571,2.0
2020-09-16 00:00:00,53.649245361420014,-64.28207639609373,9.0,0,9.6,5.9,31.2,56.0,76.5,12.157142857142858,1.0
2020-05-03 00:00:00,45.48430000099835,-76.30769999991837,5.0,1,20.5,1.6,26.2,29.0,38.4,11.192857142857145,1.0
2023-09-16 00:00:00,46.854177332846426,-59.10949602476994,9.0,0,20.2,22.3,48.6,82.0,34.6,18.56428571428572,1.0
2020-05-17 00:00:00,48.012200000906354,-66.74499999934284,5.0,1,14.2,0.0,21.0,29.0,44.9,9.45,5.0
2018-07-02 00:00:00,48.98690000084931,-72.90829999947923,7.0,1,33.7,0.1,27.8,41.0,16.400000000000002,23.821428571428573,2.0
2019-06-11 00:00:00,53.40839325640564,-77.30202002593819,6.0,0,14.1,28.0,28.2,89.0,18.6,11.25,1.0
2018-07-05 00:00:00,51.90450000121313,-76.65340000017875,7.0,1,29.4,9.1,29.6,53.0,25.1,20.42142857142857,3.0
2024-09-06 00:00:00,46.67775090050935,-78.3061726800609,9.0,0,17.2,7.7,17.0,67.0,38.1,22.714285714285715,5.0
2024-06-05 00:00:00,50.45030000000003,-68.22849999999994,6.0,1,26.4,3.9,9.2,41.0,41.5,16.314285714285713,7.0
2019-07-23 00:00:00,51.784112041269466,-78.52005798138336,7.0,0,11.2,0.0,14.6,77.0,68.2,21.807142857142857,1.0
2018-06-03 00:00:00,48.159216810818094,-79.3289668246556,6.0,0,22.9,5.0,18.6,28.0,32.5,21.857142857142858,3.0
2024-07-08 00:00:00,50.64750000000004,-79.16969999999998,7.0,1,28.0,9.0,13.4,46.0,38.1,22.44285714285714,4.0
2021-08-20 00:00:00,53.43301613086227,-67.1168821080951,8.0,0,13.0,0.0,18.0,60.0,52.7,19.178571428571427,4.0
2019-08-21 00:00:00,49.409400000646976,-78.72819999945416,8.0,1,21.3,3.5,10.6,46.0,50.6,20.92142857142857,1.0
2018-05-11 00:00:00,48.09951504873353,-70.64835511741649,5.0,0,3.1,0.9,29.7,38.0,49.5,10.678571428571429,1.0
2019-08-17 00:00:00,54.76366739744416,-63.421139726238295,8.0,0,19.9,3.3,27.0,61.0,60.5,15.142857142857144,2.0
2024-09-22 00:00:00,54.020712649954746,-75.17492832290498,9.0,0,22.7,0.1,22.8,59.0,25.1,17.8,5.0
2023-05-25 00:00:00,51.2313820993836,-70.81898245185347,5.0,0,11.5,0.0,17.1,36.0,43.9,8.607142857142858,2.0
2023-05-17 00:00:00,52.32481792590504,-71.9873435861254,5.0,0,1.3,4.0,25.5,50.0,25.3,8.492857142857142,1.0
2021-09-02 00:00:00,50.2350277252792,-63.77059043226589,9.0,0,15.3,2.9,24.4,64.0,50.1,19.75714285714286,1.0
2023-05-30 00:00:00,50.13109999956538,-61.80920000027976,5.0,1,13.8,0.0,19.4,60.0,47.8,10.964285714285714,2.0
2019-08-17 00:00:00,50.86138460843585,-75.91714181361502,8.0,0,24.7,0.0,15.9,40.0,76.7,18.321428571428573,5.0
2018-08-24 00:00:00,46.45000055642527,-68.99564764234681,8.0,0,26.2,0.0,16.2,46.0,44.4,23.457142857142856,2.0
2018-07-08 00:00:00,51.577800001152376,-76.10420000043396,7.0,1,29.0,7.0,29.6,50.0,34.4,22.378571428571423,1.0
2018-07-28 00:00:00,56.589121682406365,-71.79077953349446,7.0,0,20.4,2.4,20.8,68.0,42.4,16.45714285714286,3.0
2022-09-12 00:00:00,47.14043033277327,-63.927317144796696,9.0,0,19.1,0.0,15.0,79.0,26.5,20.17142857142857,12.0
2023-05-28 00:00:00,50.22880000031984,-66.53719999968018,5.0,1,22.3,0.1,38.2,42.0,28.4,12.835714285714284,4.0
2023-09-04 00:00:00,50.94322661939675,-67.68552165631507,9.0,0,25.0,0.9,12.6,38.0,34.7,17.807142857142857,2.0
2022-05-05 00:00:00,45.74580000000015,-74.27600000000001,5.0,1,15.0,0.0,17.1,34.0,30.2,13.078571428571427,1.0
2019-07-13 00:00:00,52.88851760006735,-60.22918106272273,7.0,0,16.3,5.8,17.0,75.0,42.2,16.757142857142856,3.0
2019-05-04 00:00:00,45.39200000091007,-73.68260000049699,5.0,1,15.2,0.3,7.7,47.0,81.6,11.357142857142858,1.0
2018-09-21 00:00:00,51.058402272169175,-73.32363972401541,9.0,0,17.4,33.7,51.2,73.0,57.9,14.742857142857144,2.0
2020-05-18 00:00:00,46.40270000086401,-72.71350000039726,5.0,1,17.2,0.0,20.9,23.0,14.1,11.564285714285711,3.0
2022-08-12 00:00:00,49.67436882644446,-57.298480908131104,8.0,0,21.4,0.0,11.9,55.0,19.8,21.328571428571426,3.0
2021-08-12 00:00:00,47.3077000010383,-73.40080000039032,8.0,1,28.6,1.8,18.9,60.0,31.5,21.87142857142857,1.0
2022-06-17 00:00:00,58.28899790482939,-64.155785661221,6.0,0,12.3,19.9,19.8,85.0,5.1000000000000005,9.5,6.0
2020-05-07 00:00:00,45.550400000598906,-73.23839999939355,5.0,1,14.9,3.4,20.3,32.0,14.9,13.021428571428572,4.0
2018-06-05 00:00:00,47.414031480496405,-77.79633899409635,6.0,0,9.5,6.5,19.9,82.0,47.3,21.57857142857143,1.0
2024-05-09 00:00:00,47.47831598278773,-78.19252018742853,5.0,0,12.5,0.0,14.8,40.0,28.6,13.85714285714286,4.0
2022-05-13 00:00:00,55.42534814863952,-74.93985102516604,5.0,0,5.2,0.0,20.8,71.0,3.4,1.864285714285714,10.0
2023-05-06 00:00:00,45.70230000044472,-74.13920000027974,5.0,1,20.9,0.0,16.3,30.0,110.0,12.97857142857143,3.0
2019-06-01 00:00:00,53.3141187301481,-61.27148023366313,6.0,0,7.2,1.1,17.5,48.0,33.2,5.414285714285714,1.0
2021-08-26 00:00:00,46.325600000875816,-78.70399999981299,8.0,1,28.3,0.0,13.6,45.0,8.2,27.428571428571427,1.0
2018-07-13 00:00:00,45.13530000115537,-74.20120000042793,7.0,1,31.8,0.0,13.8,23.0,14.3,31.392857142857142,7.0
2021-08-14 00:00:00,56.25707295280519,-61.11126424785078,8.0,0,15.4,15.9,26.6,78.0,34.4,13.385714285714286,1.0
2024-08-19 00:00:00,47.84608901276756,-71.14644440157988,8.0,0,15.7,15.6,18.9,96.0,80.8,19.285714285714285,1.0
2020-06-16 00:00:00,52.26430145252493,-59.9354474787692,6.0,0,15.4,0.5,20.6,44.0,62.7,12.642857142857144,3.0
2021-05-27 00:00:00,47.30175512709007,-76.86800099290029,5.0,0,6.8,0.0,19.8,37.0,25.4,21.985714285714288,1.0
2024-07-08 00:00:00,51.92510000000004,-63.310199999999966,7.0,1,27.7,0.8,16.8,35.0,51.8,19.228571428571428,4.0
2020-09-28 00:00:00,51.31542834298022,-75.68959085903923,9.0,0,14.8,7.7,20.4,78.0,35.6,11.5,1.0
2020-07-04 00:00:00,45.47470000124328,-76.28290000035575,7.0,1,28.7,0.0,12.9,24.0,24.9,28.36428571428572,1.0
2021-06-14 00:00:00,48.90380000099318,-72.38840000014027,6.0,1,24.1,2.4,15.0,40.0,10.6,23.75714285714286,9.0
2019-09-23 00:00:00,54.13666927304772,-78.89066253628037,9.0,0,9.1,0.0,25.5,67.0,38.5,14.942857142857145,1.0
2022-09-28 00:00:00,50.094505374993055,-74.87715648264422,9.0,0,8.8,0.2,18.6,71.0,39.3,14.085714285714284,1.0
2021-08-07 00:00:00,54.6091867096981,-78.29781338630902,8.0,0,12.2,0.0,19.1,67.0,67.0,14.771428571428572,1.0
2022-05-06 00:00:00,46.40432195373317,-64.39493071814354,5.0,0,4.7,0.4,24.7,69.0,46.0,5.85,1.0
2019-05-01 00:00:00,45.48097725811208,-74.12858978260229,5.0,0,5.7,12.4,22.1,42.0,78.0,12.25,4.0
2021-08-01 00:00:00,45.756600000694185,-70.91940000016415,8.0,1,17.5,1.4,13.1,49.0,55.6,18.978571428571428,2.0
2021-07-13 00:00:00,56.17050685381363,-64.294781718783,7.0,0,24.5,0.0,29.5,36.0,60.9,16.75,2.0
2021-05-03 00:00:00,48.70540000086346,-71.3729999995223,5.0,1,10.4,0.0,14.7,33.0,24.9,9.992857142857142,1.0
2018-05-21 00:00:00,46.57320000135948,-75.58030000001303,5.0,1,20.5,0.0,17.6,34.0,25.4,16.635714285714283,1.0
2020-06-17 00:00:00,46.335600001105,-73.21919999996894,6.0,1,31.0,0.0,13.9,26.0,27.2,22.07857142857143,6.0
2020-05-14 00:00:00,46.48720000059377,-72.28499999995945,5.0,1,16.8,0.0,15.3,31.0,36.4,11.650000000000002,6.0
2020-06-22 00:00:00,45.87880000077918,-75.90130000048251,6.0,1,29.4,0.8,11.6,52.0,22.2,23.46428571428572,9.0
2021-06-07 00:00:00,49.59850000073125,-71.31350000061974,6.0,1,30.1,0.3,30.0,39.0,23.3,17.22142857142857,2.0
2021-09-18 00:00:00,48.094100000777935,-77.77820000020427,9.0,1,15.8,3.5,14.8,50.0,58.9,18.17142857142857,1.0
2022-09-05 00:00:00,49.20419339745783,-73.13682851476813,9.0,0,18.5,0.0,8.8,54.0,45.4,20.04285714285714,2.0
2023-06-10 00:00:00,54.00279999972025,-72.17160000013985,6.0,1,21.6,10.4,21.6,38.0,4.0,16.77142857142857,14.0
2023-07-06 00:00:00,50.52553788823442,-61.05571301700813,7.0,0,25.0,0.2,18.7,52.0,93.9,21.300000000000004,1.0
2023-07-04 00:00:00,50.54999999980021,-68.37949999972517,7.0,1,27.8,1.1,11.0,46.0,57.1,23.321428571428573,1.0
2020-07-05 00:00:00,52.48050000115333,-67.6296999999938,7.0,1,16.1,7.5,16.6,59.0,68.5,20.05714285714286,1.0
2018-09-23 00:00:00,58.008188299369706,-65.68404661193058,9.0,0,-1.3,8.4,27.4,75.0,76.3,4.821428571428571,1.0
2024-07-28 00:00:00,51.45870000000008,-64.11889999999994,7.0,1,26.9,2.2,18.2,50.0,62.6,19.928571428571427,2.0
2021-05-17 00:00:00,46.16560000080136,-73.58579999950771,5.0,1,22.6,0.8,14.1,31.0,21.4,14.914285714285713,1.0
2023-07-05 00:00:00,55.68120000027983,-74.90269999990505,7.0,1,27.3,5.3,23.1,44.0,20.6,23.342857142857145,11.0
2024-08-06 00:00:00,45.8470673325115,-77.64229715633876,8.0,0,22.2,0.3,10.9,48.0,69.8,26.821428571428573,1.0
2019-07-21 00:00:00,56.463129102558135,-61.21104913257633,7.0,0,9.3,0.4,21.8,92.0,56.1,11.078571428571427,3.0
2020-05-14 00:00:00,45.64730000081847,-75.836600000367,5.0,1,15.1,0.0,12.7,30.0,47.9,10.564285714285711,6.0
2020-09-18 00:00:00,53.1253725735487,-67.91939595912349,9.0,0,4.2,3.0,43.8,47.0,84.1,9.45,1.0
2023-08-27 00:00:00,49.067234861594926,-63.12289947174621,8.0,0,14.7,0.0,35.1,88.0,50.9,17.242857142857144,1.0
2022-08-14 00:00:00,50.30200000000002,-66.3911,8.0,1,21.4,1.9,16.7,65.0,20.8,21.65,3.0
2023-08-20 00:00:00,51.293161193596426,-77.544332135227,8.0,0,19.8,2.6,29.7,65.0,45.1,21.964285714285715,2.0
2023-08-17 00:00:00,53.98230092752775,-58.784637741349,8.0,0,22.3,0.0,22.4,66.0,27.9,17.471428571428568,3.0
2018-05-18 00:00:00,47.54150000106805,-73.00289999935582,5.0,1,11.8,0.0,12.6,31.0,29.1,14.5,1.0
2024-06-15 00:00:00,53.107579987361405,-75.17761273342826,6.0,0,14.3,0.2,18.7,39.0,18.8,21.70714285714286,1.0
2023-08-24 00:00:00,51.33862939567035,-74.23366526850182,8.0,0,22.3,2.3,16.5,40.0,60.2,20.62857142857143,4.0
2023-06-18 00:00:00,48.729295438552064,-60.01656228292927,6.0,0,9.2,1.0,36.9,85.0,39.0,8.264285714285716,2.0
2021-09-26 00:00:00,50.83647544251192,-61.84265965439764,9.0,0,14.9,9.6,20.7,93.0,62.7,16.007142857142856,1.0
2023-06-01 00:00:00,49.03079999962034,-76.50670000040463,6.0,1,31.8,0.5,16.5,26.0,23.8,17.964285714285715,9.0
2023-06-16 00:00:00,48.09419999983021,-77.76580000026973,6.0,1,21.6,0.1,17.8,34.0,16.0,21.928571428571427,3.0
2018-05-12 00:00:00,45.050605859443934,-64.61773721084356,5.0,0,11.8,0.0,17.3,28.0,58.1,16.514285714285712,2.0
2024-05-16 00:00:00,46.73050000000006,-75.64969999999994,5.0,1,21.7,0.0,14.2,37.0,24.8,15.80714285714286,3.0
2018-08-18 00:00:00,48.75320000071842,-73.12679999948823,8.0,1,21.6,0.0,13.1,26.0,36.2,23.728571428571428,9.0
2019-08-21 00:00:00,46.27070000110381,-75.62070000010331,8.0,1,25.4,9.7,15.5,59.0,34.3,22.15,2.0
2023-09-20 00:00:00,46.66150000012493,-73.42320000037967,9.0,1,18.5,0.0,13.0,53.0,44.4,20.77142857142857,1.0
2024-07-26 00:00:00,52.09389496093152,-66.78588512508267,7.0,0,17.4,0.2,17.3,48.0,77.7,21.485714285714288,1.0
2022-05-09 00:00:00,46.20409999999998,-74.57059999999996,5.0,1,19.8,0.0,12.9,20.0,33.9,12.842857142857142,5.0
2023-08-26 00:00:00,50.88816028142729,-61.9281218118228,8.0,0,14.2,32.4,20.3,91.0,43.1,18.99285714285714,3.0
2024-08-03 00:00:00,49.72959152839663,-62.71015470779723,8.0,0,29.1,0.6,20.2,56.0,16.5,25.050000000000004,2.0
2019-09-07 00:00:00,46.03845710047142,-63.302380998566456,9.0,0,17.0,62.1,90.9,67.0,54.5,20.535714285714285,2.0
2021-09-19 00:00:00,46.3059000013133,-74.6771999998058,9.0,1,16.8,0.0,10.1,46.0,106.9,17.357142857142858,1.0
2018-07-23 00:00:00,58.27690429624902,-74.3572832706615,7.0,0,22.4,0.0,18.1,44.0,12.3,13.1,8.0
2019-05-12 00:00:00,50.42057986805823,-77.3788133668876,5.0,0,13.0,0.0,11.9,31.0,17.3,5.021428571428571,2.0
2018-05-13 00:00:00,46.16890000078001,-76.10529999979588,5.0,1,19.3,0.0,16.1,25.0,31.6,16.478571428571428,3.0
2019-07-16 00:00:00,56.26808957067188,-62.4766219463596,7.0,0,22.0,1.9,15.5,55.0,59.5,15.699999999999998,2.0
2023-06-05 00:00:00,53.78609999981518,-78.90169999975512,6.0,1,17.6,0.0,27.7,43.0,24.3,14.549999999999995,1.0
2023-06-11 00:00:00,45.58289999993508,-75.68860000008988,6.0,1,24.3,3.8,9.5,47.0,15.5,23.592857142857145,2.0
2023-06-01 00:00:00,49.65890000013496,-69.92240000015983,6.0,1,27.9,1.2,15.0,37.0,28.9,15.407142857142858,8.0
2018-09-04 00:00:00,45.41305280464161,-64.12212689143279,9.0,0,24.0,0.5,19.1,41.0,22.1,22.62857142857143,8.0
2019-07-15 00:00:00,53.73188414698308,-76.26394630438153,7.0,0,18.9,0.2,13.4,51.0,29.9,18.985714285714284,2.0
2019-07-20 00:00:00,51.78459414411119,-68.55728235331452,7.0,0,22.3,4.6,18.8,39.0,68.0,18.464285714285715,1.0
2021-08-17 00:00:00,47.83770000058313,-73.60100000044412,8.0,1,27.4,0.0,12.7,44.0,26.3,23.978571428571428,4.0
2021-05-28 00:00:00,45.88060000082039,-75.99320000012513,5.0,1,11.2,0.0,11.5,35.0,7.5,22.81428571428572,2.0
2018-06-26 00:00:00,47.02310000054331,-71.84369999999161,6.0,1,23.0,0.0,16.0,33.0,62.6,21.92142857142857,2.0
2018-07-08 00:00:00,48.960200001261605,-69.18600000029001,7.0,1,28.5,0.9,21.5,32.0,19.8,23.97142857142857,2.0
2022-07-04 00:00:00,45.60057759023057,-76.67029159845292,7.0,0,25.5,0.0,11.0,35.0,37.5,25.25714285714286,3.0
2020-05-21 00:00:00,46.40870000074733,-73.32059999949193,5.0,1,24.8,0.0,16.9,20.0,13.4,12.592857142857143,6.0
2022-07-15 00:00:00,50.69272259707263,-63.14041211253853,7.0,0,22.4,5.2,17.1,50.0,37.6,20.800000000000004,2.0
2024-07-08 00:00:00,50.832700000000045,-74.90779999999995,7.0,1,26.6,2.0,19.7,47.0,35.1,20.285714285714285,4.0
2018-05-25 00:00:00,47.07280000078253,-71.88260000036229,5.0,1,25.1,3.1,17.8,44.0,19.0,14.45,2.0
2021-09-05 00:00:00,52.68073923148263,-66.23856456030406,9.0,0,16.3,0.0,19.8,44.0,74.7,17.21428571428571,3.0
2021-09-25 00:00:00,46.91572652218324,-78.28386973780269,9.0,0,19.4,9.7,25.1,58.0,122.6,19.035714285714285,1.0
2021-08-15 00:00:00,45.85840000106638,-73.87549999973048,8.0,1,21.7,0.0,12.2,44.0,22.3,26.12142857142857,3.0
2021-06-04 00:00:00,46.0836594782884,-57.58992478615173,6.0,0,10.1,9.9,44.1,84.0,47.0,7.6,3.0
2019-06-07 00:00:00,54.72443772162474,-67.33659122043427,6.0,0,4.7,2.1,20.1,68.0,88.39999999999999,3.1357142857142857,1.0
2019-05-17 00:00:00,48.86549724899005,-62.90737261158425,5.0,0,3.8,0.5,17.1,90.0,29.5,3.585714285714286,1.0
2020-07-05 00:00:00,51.01080000096267,-70.5881000002211,7.0,1,17.7,1.7,12.9,47.0,60.6,21.778571428571432,3.0
2023-09-05 00:00:00,51.99017458346647,-59.18891186483228,9.0,0,24.0,0.0,10.2,40.0,146.70000000000002,17.3,5.0
2022-05-10 00:00:00,45.855800000000045,-73.52329999999995,5.0,1,22.8,0.0,11.2,25.0,20.9,15.2,6.0
2018-07-05 00:00:00,46.5028000007574,-78.30719999973034,7.0,1,31.3,3.6,17.3,44.0,24.4,25.53571428571429,3.0
2022-09-04 00:00:00,47.79767230306188,-68.49790994806843,9.0,0,16.3,0.5,16.4,57.0,44.2,21.45714285714286,3.0
2020-06-22 00:00:00,48.14700000123929,-72.69400000060482,6.0,1,30.2,2.4,19.9,41.0,6.7,23.77142857142857,11.0
2020-08-16 00:00:00,46.13211316416496,-66.22227445590416,8.0,0,23.6,2.2,10.1,54.0,20.0,27.742857142857144,4.0
2020-05-09 00:00:00,45.640000000836245,-75.10149999962853,5.0,1,5.4,1.2,25.0,33.0,32.2,13.142857142857142,6.0
2021-07-03 00:00:00,46.64390454899357,-60.91052105692302,7.0,0,13.9,0.0,33.6,66.0,78.3,20.885714285714283,1.0
2019-08-13 00:00:00,46.304691334867925,-61.043727877021695,8.0,0,20.9,10.1,21.3,75.0,39.0,23.29285714285714,1.0
2024-05-23 00:00:00,50.60896107190673,-69.24678948973302,5.0,0,18.2,8.8,21.2,68.0,46.2,16.414285714285715,2.0
2019-05-06 00:00:00,45.54130000056836,-75.7747999996698,5.0,1,21.7,1.9,15.1,31.0,59.9,12.150000000000002,3.0
2023-06-02 00:00:00,49.28170000015496,-68.73670000010486,6.0,1,17.4,3.1,19.6,52.0,46.3,18.3,1.0
2022-05-08 00:00:00,46.00240000000014,-74.21039999999999,5.0,1,15.2,0.0,13.3,22.0,16.3,12.142857142857144,4.0
2020-05-14 00:00:00,46.803566334463966,-62.578636001379735,5.0,0,3.6,0.0,38.7,65.0,71.4,4.671428571428572,2.0
2020-09-28 00:00:00,46.44007947783333,-61.64468882675834,9.0,0,19.4,0.0,36.2,83.0,40.8,16.45,5.0
2019-06-19 00:00:00,45.592409863118085,-70.68760051119499,6.0,0,22.0,0.9,10.2,43.0,42.7,18.692857142857143,3.0
2020-07-28 00:00:00,56.3640934548248,-60.67244408229787,7.0,0,7.2,0.8,34.2,93.0,35.2,10.757142857142854,1.0
2021-07-24 00:00:00,56.56378765430128,-70.15081900169356,7.0,0,25.7,0.0,32.9,29.0,29.2,17.04285714285714,7.0
2021-07-18 00:00:00,47.76983406921942,-69.1312392893156,7.0,0,25.2,0.0,9.9,45.0,37.4,21.62857142857143,2.0
2021-08-19 00:00:00,49.30140000047869,-72.3127000004175,8.0,1,29.8,0.0,10.5,49.0,36.3,25.77142857142857,6.0
2020-05-01 00:00:00,53.41516586588967,-79.2855648212205,5.0,0,-1.3,0.0,24.7,91.0,7.6,-5.1571428571428575,10.0
2023-07-22 00:00:00,50.242180492687375,-70.53422725165476,7.0,0,19.3,49.7,14.2,69.0,139.0,21.135714285714283,1.0
2023-05-07 00:00:00,46.09849999977524,-73.48630000004493,5.0,1,22.1,0.0,21.7,24.0,132.0,13.17857142857143,3.0
2020-06-22 00:00:00,45.40470000075084,-73.89550000026875,6.0,1,31.9,0.0,12.3,42.0,10.8,25.02142857142857,11.0
2024-07-07 00:00:00,48.327088121918,-79.2853167641067,7.0,0,26.9,0.2,12.9,47.0,70.4,21.500000000000004,4.0
2022-09-14 00:00:00,48.74001446363196,-65.49246206490615,9.0,0,17.3,17.3,24.7,84.0,20.8,20.06428571428572,1.0
2024-08-24 00:00:00,46.11238070262127,-61.70014045013615,8.0,0,23.5,1.1,37.4,67.0,27.8,22.42142857142857,4.0
2024-05-25 00:00:00,46.23600000000005,-74.40899999999992,5.0,1,17.3,0.6,9.3,44.0,32.1,19.985714285714288,2.0
2024-07-12 00:00:00,48.44870000000003,-77.67279999999994,7.0,1,28.1,0.0,16.4,34.0,42.6,23.05,3.0
2021-05-28 00:00:00,54.59423795539177,-74.30152356839159,5.0,0,-1.4,0.6,38.9,76.0,34.2,9.807142857142855,1.0
2024-07-26 00:00:00,51.26306130080382,-63.19984616888132,7.0,0,16.4,0.5,25.0,43.0,53.5,21.31428571428572,1.0
2020-06-06 00:00:00,51.95546911612348,-64.11869305226499,6.0,0,9.1,0.0,14.7,45.0,72.8,9.471428571428572,2.0
2020-09-13 00:00:00,47.29479325054409,-74.72083654817368,9.0,0,16.1,20.6,24.5,70.0,77.8,16.321428571428573,3.0
2021-05-12 00:00:00,56.43404053358142,-59.750464902696656,5.0,0,1.4,0.0,33.8,87.0,33.1,1.0357142857142858,2.0
2024-05-17 00:00:00,46.40240000000006,-71.78939999999994,5.0,1,22.6,0.9,13.9,57.0,39.3,17.92857142857143,1.0
2020-06-15 00:00:00,54.978906705693696,-70.2425773597403,6.0,0,12.0,1.3,33.5,54.0,43.2,4.135714285714285,3.0
2020-06-22 00:00:00,49.45540000071378,-70.34749999961059,6.0,1,27.3,2.0,17.6,49.0,16.2,20.778571428571432,1.0
2018-06-28 00:00:00,52.55630000134012,-72.28919999967144,6.0,1,25.0,0.3,19.9,31.0,34.0,15.62857142857143,2.0
2021-07-11 00:00:00,49.19820000056534,-65.40109999954306,7.0,1,21.5,8.1,13.1,60.0,73.0,20.164285714285715,1.0
2023-05-15 00:00:00,47.02700000014994,-79.26809999991502,5.0,1,23.2,0.0,22.1,27.0,37.6,15.52857142857143,3.0
2020-09-01 00:00:00,46.25630858228427,-68.41362599140388,9.0,0,21.1,0.0,20.5,52.0,45.6,19.75,2.0
2019-09-03 00:00:00,45.92490000057851,-76.89419999970661,9.0,1,17.3,2.4,20.1,60.0,30.0,22.87142857142857,1.0
2022-05-04 00:00:00,53.10517038667194,-79.01674124098727,5.0,0,-3.4,2.2,35.3,81.0,28.4,1.907142857142857,1.0
2020-08-07 00:00:00,52.65440000123336,-78.54640000060742,8.0,1,24.6,2.0,16.9,57.0,38.7,21.5,2.0
2022-09-09 00:00:00,58.10115400052885,-65.87003609699983,9.0,0,19.6,0.0,23.9,47.0,59.6,14.207142857142856,5.0
2018-06-13 00:00:00,51.392800000855125,-78.5503000000437,6.0,1,18.8,0.1,18.0,42.0,44.4,17.514285714285716,6.0
2022-08-16 00:00:00,49.0800000000001,-77.11439999999999,8.0,1,25.1,0.6,12.2,48.0,17.6,21.74285714285714,1.0
2020-05-08 00:00:00,46.17690000115135,-74.7898000000832,5.0,1,3.7,0.6,13.6,32.0,23.8,11.685714285714283,1.0
2018-05-19 00:00:00,48.15670000070427,-70.05309999995012,5.0,1,19.2,3.0,15.7,25.0,16.5,11.292857142857144,2.0
2020-09-15 00:00:00,56.69190126625522,-68.60594607880493,9.0,0,7.9,0.6,26.5,68.0,90.6,12.3,1.0
2020-09-25 00:00:00,57.93223782488346,-66.33525511922934,9.0,0,2.7,10.5,32.4,88.0,93.4,8.542857142857143,1.0
2024-08-29 00:00:00,51.43940000000004,-74.57899999999995,8.0,1,19.1,0.0,10.2,42.0,9.2,21.85,2.0
2022-06-10 00:00:00,53.05241556252425,-72.47727034627336,6.0,0,12.5,4.5,17.6,72.0,30.9,14.3,2.0
2023-08-01 00:00:00,54.558491904692175,-70.36970639705973,8.0,0,15.8,2.2,26.5,53.0,56.7,16.65,1.0
2018-07-25 00:00:00,45.98987603845532,-77.00102294069244,7.0,0,23.3,13.0,15.3,91.0,24.1,26.77142857142857,1.0
2019-09-02 00:00:00,57.0864827289452,-61.20475335491694,9.0,0,15.9,5.4,20.9,66.0,29.7,13.278571428571428,2.0
2020-05-15 00:00:00,48.012100000546745,-66.74529999969046,5.0,1,16.8,0.0,17.6,29.0,56.1,8.47857142857143,3.0
2019-07-29 00:00:00,47.47540000072825,-78.49109999944137,7.0,1,25.5,5.8,19.4,58.0,22.0,25.057142857142857,2.0
2024-07-14 00:00:00,53.38800705935,-67.33668371690487,7.0,0,20.7,0.5,18.2,43.0,42.0,19.078571428571426,2.0
2024-08-25 00:00:00,54.14220514713226,-79.08480355740132,8.0,0,14.1,0.0,28.0,84.0,5.3,17.59285714285714,1.0
2024-09-17 00:00:00,56.18483339318056,-78.38146430115319,9.0,0,11.7,0.0,21.7,80.0,6.6000000000000005,10.04285714285714,2.0
2022-05-10 00:00:00,46.03170000000006,-73.41359999999997,5.0,1,23.2,0.0,10.0,22.0,16.7,15.321428571428571,6.0
2024-05-27 00:00:00,48.030800000000056,-71.46059999999994,5.0,1,17.9,3.9,36.2,50.0,30.2,19.06428571428572,2.0
2018-05-03 00:00:00,56.92456662629924,-78.71269408113403,5.0,0,-2.0,0.0,18.0,81.0,8.5,-3.971428571428572,7.0
2019-08-04 00:00:00,46.45110000088326,-73.71999999990749,8.0,1,20.7,0.0,14.2,34.0,21.8,24.09285714285715,1.0
2023-08-05 00:00:00,47.6806590538103,-73.0837661006632,8.0,0,21.0,0.3,17.4,55.0,58.6,21.61428571428572,1.0
2021-05-05 00:00:00,53.481650262181006,-73.55725703260505,5.0,0,5.8,4.4,17.1,72.0,42.3,0.4214285714285716,3.0
2019-05-22 00:00:00,54.329448936862896,-69.8744553987184,5.0,0,3.8,0.0,13.8,86.0,24.6,2.8999999999999995,11.0
2018-06-12 00:00:00,48.74590000085463,-72.51000000027348,6.0,1,28.8,0.4,37.1,22.0,27.4,19.0,5.0
2024-06-25 00:00:00,50.21700000000004,-66.35639999999997,6.0,1,21.5,0.0,17.4,42.0,7.4,20.52142857142857,11.0
2021-06-14 00:00:00,47.61240000119953,-74.45420000023168,6.0,1,23.1,9.9,9.8,46.0,11.2,22.12857142857143,8.0
2019-05-18 00:00:00,45.812876542195205,-78.91355114967557,5.0,0,11.4,1.2,14.5,48.0,43.2,12.95,1.0
2019-09-23 00:00:00,56.03009991757204,-57.90117063215817,9.0,0,7.2,4.0,49.3,87.0,25.3,6.771428571428572,1.0
2021-07-15 00:00:00,47.451126605165456,-63.85554137564784,7.0,0,18.9,0.2,35.5,78.0,85.1,16.514285714285716,5.0
2022-05-08 00:00:00,56.18369462885819,-57.94073538147094,5.0,0,-0.4,0.0,41.1,67.0,24.5,0.0642857142857142,3.0
2023-05-12 00:00:00,45.83159999974026,-75.11970000015486,5.0,1,23.1,0.8,19.2,37.0,74.6,14.87857142857143,8.0
2020-05-07 00:00:00,45.44960000086751,-72.07479999949996,5.0,1,12.9,1.2,17.6,27.0,15.4,11.30714285714286,2.0
2018-06-28 00:00:00,51.82830000134004,-65.25619999979145,6.0,1,24.0,3.1,15.5,51.0,34.1,13.37857142857143,2.0
2024-06-06 00:00:00,56.49042505157138,-60.16672486723435,6.0,0,6.3,0.0,35.2,90.0,11.9,3.321428571428572,3.0
2022-06-18 00:00:00,54.37369272711285,-73.84194360923969,6.0,0,10.2,0.0,34.7,45.0,34.8,18.42142857142857,1.0
2022-08-14 00:00:00,57.48548055337509,-71.33305255613247,8.0,0,17.6,0.2,35.5,56.0,74.2,14.664285714285713,1.0
2019-06-07 00:00:00,46.41650000049507,-75.36310000051705,6.0,1,19.6,0.4,16.9,41.0,39.6,16.47142857142857,4.0
2019-08-06 00:00:00,47.53620000058008,-69.80759999975722,8.0,1,24.1,0.0,21.9,63.0,12.0,23.442857142857143,3.0
2018-06-03 00:00:00,48.05600000100783,-71.93199999972121,6.0,1,18.1,0.0,13.8,31.0,32.9,18.3,2.0
2022-08-12 00:00:00,47.970845757896285,-77.96015309628852,8.0,0,21.1,0.0,13.5,40.0,50.7,22.278571428571432,2.0
2023-06-01 00:00:00,47.43630000014497,-75.10439999966025,6.0,1,30.7,0.5,13.9,31.0,41.4,18.592857142857145,8.0
2019-07-20 00:00:00,47.172000000633794,-72.80610000028437,7.0,1,30.6,0.0,17.5,40.0,58.4,24.578571428571426,1.0
2019-05-05 00:00:00,45.89620000071187,-75.16989999991118,5.0,1,17.9,0.0,11.8,32.0,54.0,10.464285714285712,2.0
2024-09-22 00:00:00,54.05336989679035,-74.96254715062435,9.0,0,22.4,0.1,23.3,56.0,29.5,17.564285714285713,5.0
2023-05-27 00:00:00,53.16689999963535,-75.26659999989005,5.0,1,21.8,4.0,27.4,49.0,16.4,7.035714285714285,4.0
2022-06-09 00:00:00,55.89741562415162,-78.49629497793687,6.0,0,4.0,1.0,40.1,84.0,2.2,5.485714285714285,1.0
2021-09-21 00:00:00,52.83637157054336,-74.42914920260387,9.0,0,20.1,25.1,32.4,54.0,75.5,14.042857142857144,1.0
2024-08-05 00:00:00,50.59187827836183,-78.92024435319794,8.0,0,19.8,0.1,19.7,40.0,29.6,25.59285714285713,2.0
2020-09-14 00:00:00,58.13726729908032,-62.168142465866296,9.0,0,9.0,4.8,51.7,85.0,33.6,8.457142857142857,1.0
2021-07-25 00:00:00,49.50344460081761,-78.68083084173465,7.0,0,24.3,8.1,18.1,49.0,57.3,23.14285714285714,1.0
2024-05-20 00:00:00,46.11800000000005,-70.69459999999998,5.0,1,26.4,0.5,13.2,50.0,46.2,18.37142857142857,2.0
2021-06-15 00:00:00,49.15490000092106,-72.00799999936132,6.0,1,19.6,2.5,24.7,26.0,24.3,22.121428571428577,8.0
2019-06-29 00:00:00,47.30380000073161,-75.60529999930606,6.0,1,23.1,7.8,13.3,62.0,37.7,20.95,2.0
2023-05-10 00:00:00,46.30300000005002,-73.81270000010488,5.0,1,19.6,0.0,20.3,30.0,91.9,12.39285714285714,6.0
2022-07-25 00:00:00,58.520111734496325,-73.21244102069561,7.0,0,15.3,6.2,34.6,79.0,13.6,16.685714285714287,2.0
2023-06-03 00:00:00,48.93299999965029,-79.0530000000499,6.0,1,26.0,0.0,14.6,22.0,9.1,21.24285714285714,11.0
2018-06-26 00:00:00,46.51520000046296,-77.42530000047307,6.0,1,23.2,0.0,9.9,33.0,25.4,21.907142857142865,6.0
2022-09-26 00:00:00,57.26611076563799,-78.8919736054509,9.0,0,6.1,0.0,24.6,95.0,8.4,6.714285714285714,6.0
2021-06-17 00:00:00,45.873165984180304,-78.52338453967741,6.0,0,23.2,0.0,18.9,30.0,18.4,23.964285714285715,3.0
2020-08-12 00:00:00,50.23530000070827,-60.04970000065268,8.0,1,21.8,4.5,20.0,84.0,21.5,20.642857142857142,6.0
2018-07-27 00:00:00,47.031911481207096,-69.1531260204291,7.0,0,27.9,0.3,13.6,48.0,54.2,25.87857142857143,1.0
2020-07-13 00:00:00,48.018811108446485,-62.99264582787366,7.0,0,19.2,0.0,34.4,81.0,67.0,16.864285714285714,1.0
2023-05-18 00:00:00,49.24242239133336,-65.45776818064547,5.0,0,7.9,1.1,30.3,40.0,31.0,8.7,3.0
2020-07-27 00:00:00,54.41711354119944,-61.962221811833984,7.0,0,13.4,0.8,18.8,69.0,33.6,19.67857142857144,2.0
2024-06-06 00:00:00,45.86316483824741,-68.07516038018413,6.0,0,24.9,0.1,16.7,55.0,30.9,21.56428571428572,9.0
2021-05-24 00:00:00,47.7879942990315,-57.53257539254895,5.0,0,5.6,0.1,31.1,40.0,49.8,9.757142857142856,1.0
2024-06-19 00:00:00,55.77147888641724,-69.31692678348857,6.0,0,24.5,7.4,39.8,62.0,51.9,17.92142857142857,2.0
2022-05-01 00:00:00,46.19439999999997,-77.68849999999998,5.0,1,17.8,0.0,17.6,34.0,48.2,9.9,4.0
2019-09-14 00:00:00,47.0117000011406,-71.34249999992977,9.0,1,14.8,17.0,16.4,70.0,66.8,16.242857142857144,3.0
2018-05-12 00:00:00,47.60950000061617,-79.47200000043404,5.0,1,16.6,0.0,9.8,27.0,52.3,14.05714285714286,2.0
2023-06-01 00:00:00,48.38369999975527,-76.63160000003995,6.0,1,30.5,1.0,11.4,31.0,34.300000000000004,18.442857142857147,9.0
2019-09-02 00:00:00,53.70374334617322,-64.01830671677409,9.0,0,12.7,13.2,38.7,66.0,60.3,17.235714285714288,1.0
2019-06-22 00:00:00,55.17285789573309,-63.14929599721002,6.0,0,11.9,0.1,18.4,64.0,37.4,12.157142857142857,2.0
2019-09-06 00:00:00,45.61384031429953,-69.23614138584804,9.0,0,18.1,0.3,10.6,46.0,60.9,19.96428571428571,2.0
2020-06-17 00:00:00,46.438300000562144,-73.17099999994856,6.0,1,30.7,0.0,14.2,26.0,21.6,21.27857142857142,6.0
2023-06-06 00:00:00,45.68640000015995,-75.6836999998551,6.0,1,19.1,1.8,20.7,48.0,9.9,23.514285714285712,4.0
2023-06-05 00:00:00,52.86511092162875,-68.0042388742358,6.0,0,12.2,1.7,32.4,59.0,29.6,13.0,8.0
2023-08-27 00:00:00,45.28798535536416,-57.28036482947516,8.0,0,19.8,6.4,39.7,75.0,67.0,19.057142857142853,5.0
2020-07-06 00:00:00,50.23650000087325,-73.2743000006275,7.0,1,25.2,0.0,12.4,25.0,50.0,23.56428571428572,8.0
2019-06-12 00:00:00,57.973175244041855,-58.01583230526617,6.0,0,5.3,0.0,32.8,89.0,39.5,5.235714285714286,5.0
2021-09-24 00:00:00,54.94514642552325,-72.90028060020927,9.0,0,11.8,19.0,38.0,73.0,54.900000000000006,10.814285714285711,3.0
2022-08-09 00:00:00,55.85948432552853,-61.78228440471456,8.0,0,20.1,0.0,18.0,37.0,69.5,18.000000000000004,1.0
2023-08-10 00:00:00,51.053899999685314,-79.13249999967519,8.0,1,21.2,3.7,15.0,64.0,24.1,21.87857142857143,1.0
2024-06-10 00:00:00,52.55992416425647,-60.780814477730615,6.0,0,16.9,0.6,14.3,62.0,26.2,15.87142857142857,8.0
2022-05-08 00:00:00,48.11300000000011,-65.02879999999993,5.0,1,11.2,0.0,23.2,39.0,28.6,7.292857142857144,8.0
2021-05-15 00:00:00,46.12970000090451,-74.39689999989896,5.0,1,19.2,0.5,15.3,30.0,19.5,11.521428571428572,4.0
2023-05-30 00:00:00,47.3327999999201,-73.77779999957028,5.0,1,26.1,0.0,11.7,26.0,32.6,16.400000000000002,6.0
2023-08-17 00:00:00,45.808211436003816,-76.93164611843862,8.0,0,26.4,1.3,20.0,52.0,119.0,23.435714285714283,4.0
2020-05-25 00:00:00,48.0594000013084,-65.25250000033614,5.0,1,20.9,0.0,26.6,39.0,6.3,13.100000000000003,7.0
2021-08-22 00:00:00,49.92540837842492,-71.16264489902679,8.0,0,26.3,1.2,12.2,67.0,36.2,24.128571428571423,9.0
2022-08-04 00:00:00,58.29325372204752,-65.30758820527996,8.0,0,13.4,9.0,31.6,67.0,40.0,15.842857142857143,1.0
2023-08-17 00:00:00,46.60399999970031,-74.84420000012989,8.0,1,24.8,1.3,18.4,56.0,93.6,21.735714285714288,4.0
2022-05-02 00:00:00,45.85840000000008,-73.42399999999992,5.0,1,19.0,1.1,22.0,45.0,53.9,11.864285714285714,5.0
2019-07-01 00:00:00,46.66621248624119,-62.92581021008444,7.0,0,12.9,6.9,45.1,89.0,77.0,15.3,1.0
2020-05-07 00:00:00,45.27330000081531,-72.65359999988475,5.0,1,14.0,2.8,17.7,28.0,11.9,12.235714285714286,3.0
2023-08-09 00:00:00,57.14822736468994,-59.1788421741534,8.0,0,8.4,0.0,37.1,89.0,30.0,7.814285714285712,3.0
2019-07-27 00:00:00,46.48730000132709,-78.24490000043879,7.0,1,26.1,4.7,22.7,48.0,16.8,25.12142857142857,8.0
2021-06-07 00:00:00,46.30660000051502,-75.47840000058063,6.0,1,29.3,0.3,21.4,45.0,13.6,20.342857142857145,2.0
2023-09-19 00:00:00,54.57627647776648,-74.22316111360158,9.0,0,10.8,0.2,15.5,70.0,17.1,14.35,2.0
2024-07-07 00:00:00,55.80466417118629,-66.437540437811,7.0,0,18.1,1.5,20.9,52.0,83.1,14.735714285714284,1.0
2018-07-02 00:00:00,49.25840000095794,-69.34990000053364,7.0,1,28.5,8.1,20.5,59.0,22.3,20.278571428571432,2.0
2018-07-18 00:00:00,48.14240000117651,-77.44930000024554,7.0,1,19.8,0.0,14.0,39.0,50.1,25.82857142857143,2.0
2018-07-14 00:00:00,49.2888000011297,-75.87750000047996,7.0,1,24.3,10.6,16.0,70.0,35.3,25.021428571428576,1.0
2020-05-23 00:00:00,46.140200001269456,-75.13140000055449,5.0,1,23.8,0.0,14.0,22.0,11.9,14.571428571428571,8.0
2022-05-26 00:00:00,52.61625584225705,-78.48458964296135,5.0,0,16.2,0.0,16.2,43.0,31.2,13.357142857142858,2.0
2023-05-29 00:00:00,45.65360000023986,-74.67799999980014,5.0,1,22.6,0.0,16.6,25.0,24.4,19.107142857142858,5.0
2019-07-27 00:00:00,50.43503802645283,-77.06384448098044,7.0,0,25.1,14.2,25.6,55.0,42.7,21.414285714285715,5.0
2021-06-14 00:00:00,47.22514381754395,-66.15723333338225,6.0,0,21.3,3.5,21.4,46.0,53.9,20.678571428571423,9.0
2024-05-10 00:00:00,58.04078421245973,-72.12357086725885,5.0,0,4.2,0.0,15.5,47.0,17.6,1.3214285714285714,4.0
2022-08-18 00:00:00,48.63711810765471,-68.13323158046896,8.0,0,17.5,35.2,34.8,70.0,18.8,20.67142857142857,9.0
2019-07-23 00:00:00,46.75070000109235,-78.83200000012899,7.0,1,21.7,0.0,16.3,37.0,22.5,26.292857142857144,4.0
2021-09-15 00:00:00,52.99478841930255,-65.25673887105191,9.0,0,9.0,3.6,36.6,72.0,41.1,12.935714285714283,2.0
2023-07-02 00:00:00,56.86629999964532,-66.16019999993,7.0,1,24.0,2.5,11.9,54.0,9.2,20.185714285714287,5.0
2018-07-16 00:00:00,46.309700000996806,-78.10269999956068,7.0,1,31.1,0.6,15.9,38.0,13.4,28.96428571428572,3.0
2023-09-19 00:00:00,51.96897699435078,-68.23802851505417,9.0,0,13.8,3.3,15.5,72.0,60.4,17.12857142857143,1.0
2022-08-01 00:00:00,47.34489482707438,-70.19434027248727,8.0,0,26.4,0.0,27.8,64.0,63.6,25.52142857142857,3.0
2022-06-01 00:00:00,52.33222395408248,-72.91431006331821,6.0,0,18.2,0.0,17.9,30.0,48.8,10.942857142857145,4.0
2019-08-12 00:00:00,51.41706175194385,-74.85816756155047,8.0,0,15.8,4.7,18.4,59.0,61.8,19.58571428571429,1.0
2021-08-05 00:00:00,53.36199221290639,-62.83139254848484,8.0,0,23.9,0.0,22.3,40.0,48.6,17.32142857142857,1.0
2019-05-02 00:00:00,48.23509840903766,-61.80062926641504,5.0,0,2.0,0.0,42.7,74.0,64.4,2.1142857142857143,4.0
2023-06-01 00:00:00,48.93699999975024,-71.34489999983509,6.0,1,29.1,1.9,15.1,34.0,42.8,16.9,8.0
2024-05-19 00:00:00,50.24620000000005,-63.46369999999995,5.0,1,12.5,0.2,17.4,65.0,17.0,12.892857142857142,11.0
2018-07-08 00:00:00,48.86420000137606,-76.53279999964403,7.0,1,28.8,0.0,27.2,38.0,31.7,24.90714285714285,3.0
2021-05-26 00:00:00,53.84500000068643,-72.05280000007289,5.0,1,16.1,12.2,48.1,71.0,22.1,9.342857142857142,1.0
2019-05-03 00:00:00,53.86804426521944,-60.2738847587344,5.0,0,0.4,0.0,26.9,82.0,25.4,2.278571428571429,2.0
2020-09-23 00:00:00,45.63630000090348,-70.89700000058626,9.0,1,17.1,0.6,24.6,64.0,8.5,16.00714285714286,9.0
2022-08-05 00:00:00,48.361300000000085,-64.69330000000002,8.0,1,26.9,0.2,19.8,48.0,20.9,23.635714285714283,3.0
2023-07-07 00:00:00,56.972099999815214,-67.35999999999996,7.0,1,14.5,21.2,19.4,83.0,17.2,23.25714285714286,1.0
2023-05-15 00:00:00,46.064400000159935,-76.29060000028977,5.0,1,21.0,0.0,27.2,21.0,43.1,15.385714285714286,11.0
2023-05-14 00:00:00,50.42094047798992,-71.9437621363743,5.0,0,9.7,0.0,21.9,37.0,13.9,9.007142857142858,1.0
2018-09-10 00:00:00,46.55190000059538,-76.2147999997472,9.0,1,16.2,5.3,15.2,51.0,38.2,21.87142857142857,5.0
2019-06-06 00:00:00,47.7190350509486,-70.77696926455998,6.0,0,14.0,0.0,19.4,31.0,57.1,12.785714285714286,1.0
2023-05-21 00:00:00,49.78825827672146,-66.82513118213708,5.0,0,10.7,18.0,34.2,54.0,11.2,8.564285714285715,1.0
2020-08-11 00:00:00,47.4898000012466,-75.3122999998259,8.0,1,23.5,17.3,19.2,79.0,103.0,22.52142857142857,6.0
2019-09-12 00:00:00,53.64196695364083,-71.54679139762126,9.0,0,6.7,1.9,25.2,75.0,54.2,9.842857142857142,3.0
2021-05-15 00:00:00,45.17380000058152,-73.8089000000361,5.0,1,22.2,0.0,18.8,27.0,17.7,14.435714285714283,3.0
2021-08-04 00:00:00,57.759105477063216,-59.65421334669013,8.0,0,9.2,0.6,26.5,80.0,43.4,7.721428571428571,2.0
2018-07-05 00:00:00,52.66360000055379,-77.50919999925435,7.0,1,27.9,3.3,34.2,54.0,24.6,19.00714285714286,2.0
2018-05-26 00:00:00,48.27530000134976,-79.1448000001095,5.0,1,19.9,0.9,14.5,29.0,22.0,17.607142857142858,1.0
2018-07-19 00:00:00,51.42340537308421,-65.76364267071258,7.0,0,17.5,0.6,20.8,43.0,30.1,18.03571428571428,2.0
2021-09-20 00:00:00,55.97952961603689,-58.22722040051727,9.0,0,5.7,0.7,35.6,73.0,73.5,8.285714285714286,2.0
2023-07-05 00:00:00,53.540540420636646,-61.29718688138961,7.0,0,25.6,0.0,9.4,36.0,71.4,21.79285714285714,2.0
2023-07-22 00:00:00,56.33181928507026,-65.61282461371377,7.0,0,19.8,0.0,17.2,47.0,50.0,22.542857142857144,1.0
2018-05-23 00:00:00,52.46456559280477,-59.06377805852479,5.0,0,1.1,3.5,19.5,46.0,29.1,2.1142857142857143,2.0
2018-07-29 00:00:00,51.46130000102012,-63.46469999988333,7.0,1,23.0,1.0,15.2,47.0,37.7,24.092857142857145,1.0
2024-06-13 00:00:00,48.07560000000007,-77.89239999999995,6.0,1,22.6,8.1,24.6,61.0,46.3,20.87857142857144,3.0
2018-05-18 00:00:00,46.991500000637366,-72.17390000034376,5.0,1,13.0,0.0,11.3,29.0,31.4,15.421428571428573,8.0
2022-06-16 00:00:00,50.6678,-59.67779999999999,6.0,1,29.5,1.0,18.4,28.0,29.1,17.328571428571426,6.0
2023-08-05 00:00:00,55.86678438663455,-70.129222742939,8.0,0,17.5,4.8,30.8,73.0,32.6,15.764285714285714,3.0
2021-08-07 00:00:00,56.90643886977776,-65.43394827780081,8.0,0,9.7,2.5,24.4,66.0,41.0,14.400000000000002,1.0
2019-06-13 00:00:00,46.70810000096212,-72.16440000027237,6.0,1,21.1,1.1,21.3,45.0,61.0,19.185714285714283,2.0
2022-05-08 00:00:00,53.69086381365214,-62.01035436742771,5.0,0,0.6,0.0,26.8,67.0,27.5,-0.6857142857142858,4.0
2020-09-22 00:00:00,52.0603112082898,-66.94576419221222,9.0,0,19.0,0.0,10.8,52.0,49.2,9.664285714285716,4.0
2019-07-10 00:00:00,57.0742793545541,-76.48587801872516,7.0,0,21.6,5.8,29.6,51.0,38.9,15.421428571428567,3.0
2018-06-15 00:00:00,57.61932576564829,-79.34699028760116,6.0,0,3.1,0.0,18.6,87.0,2.4000000000000004,1.785714285714286,4.0
2021-05-30 00:00:00,45.32110000090873,-72.6053000004598,5.0,1,17.7,2.0,12.7,33.0,10.6,22.292857142857144,4.0
2020-06-09 00:00:00,56.5638956713828,-59.18711881909505,6.0,0,0.9,1.5,44.7,85.0,48.2,2.421428571428572,3.0
2019-08-23 00:00:00,57.84514746125245,-62.288292229748464,8.0,0,5.9,0.0,13.8,88.0,58.3,9.407142857142858,3.0
2021-05-18 00:00:00,46.20900000051109,-72.35810000032804,5.0,1,23.8,0.1,14.4,19.0,31.8,16.650000000000002,4.0
2024-09-06 00:00:00,48.22242669459597,-77.85043112618276,9.0,0,18.3,7.0,18.5,70.0,40.0,21.87857142857143,5.0
2024-07-08 00:00:00,47.2912997060364,-75.83124566921282,7.0,0,24.9,0.0,13.6,52.0,40.5,21.8,2.0
2018-08-09 00:00:00,54.25578428026216,-72.38304557517542,8.0,0,19.9,8.5,30.6,69.0,66.3,18.65,4.0
2021-07-28 00:00:00,52.79425712080601,-68.61210132213218,7.0,0,11.2,3.2,20.9,59.0,37.1,16.45,1.0
2021-06-22 00:00:00,49.15980000131528,-71.50560000030939,6.0,1,18.1,2.7,19.8,45.0,39.1,20.371428571428577,1.0
2023-07-09 00:00:00,56.4847108435744,-75.95921328064256,7.0,0,19.4,8.4,15.7,60.0,30.2,20.657142857142865,1.0
2021-07-04 00:00:00,47.64410000048978,-79.4230000003066,7.0,1,27.2,0.0,14.9,45.0,72.3,21.550000000000004,3.0
2018-09-04 00:00:00,51.23979717444449,-61.58766806747685,9.0,0,17.5,0.5,27.0,39.0,39.4,19.77142857142857,1.0
2018-06-03 00:00:00,46.19270000090211,-71.68610000021934,6.0,1,20.4,0.0,18.7,26.0,37.7,21.21428571428572,2.0
2021-08-22 00:00:00,45.44420000125279,-72.16009999964764,8.0,1,28.5,0.2,16.0,51.0,22.3,26.81428571428572,8.0
2020-05-17 00:00:00,48.933900001248375,-72.72420000002042,5.0,1,10.0,0.0,15.3,25.0,18.7,6.1571428571428575,9.0
2023-08-16 00:00:00,56.22358538123802,-60.19415064979623,8.0,0,9.9,0.0,30.3,86.0,26.5,8.414285714285713,3.0
2018-07-07 00:00:00,48.47790000127495,-67.1585000004881,7.0,1,19.4,0.0,26.5,38.0,44.9,23.414285714285715,1.0
2024-07-29 00:00:00,46.20680000000005,-76.04999999999994,7.0,1,28.6,0.0,10.1,50.0,49.5,24.571428571428573,4.0
2021-07-09 00:00:00,53.525787609470925,-70.68723782700388,7.0,0,17.3,1.6,25.8,42.0,59.9,17.342857142857145,3.0
2024-07-19 00:00:00,47.36684337532347,-62.89156430537032,7.0,0,23.0,0.0,35.3,68.0,39.3,21.028571428571432,1.0
2024-08-13 00:00:00,49.69656852771207,-67.28426095790425,8.0,0,20.5,5.4,13.2,70.0,50.1,23.36428571428571,1.0
2024-06-01 00:00:00,54.06703824372701,-72.78221050119363,6.0,0,21.8,5.3,25.9,54.0,42.4,12.178571428571429,4.0
2023-05-02 00:00:00,56.371703558958345,-57.61700912875758,5.0,0,2.1,0.0,21.4,85.0,6.4,1.307142857142857,13.0
2019-06-19 00:00:00,52.35975586758799,-72.664580337012,6.0,0,11.2,1.9,7.9,64.0,61.9,13.278571428571428,1.0
2021-09-18 00:00:00,49.6495451200196,-71.77014371881278,9.0,0,16.3,2.3,18.0,54.0,95.1,15.95714285714286,3.0
2023-05-14 00:00:00,45.92379999957035,-75.97009999981509,5.0,1,15.4,0.0,17.4,32.0,59.2,15.87857142857143,10.0
2023-06-01 00:00:00,48.8513000001949,-70.47469999990506,6.0,1,27.3,0.5,15.1,33.0,35.5,15.664285714285716,8.0
2022-09-03 00:00:00,56.02619868879125,-74.00328392747925,9.0,0,16.5,7.4,50.4,71.0,100.8,15.064285714285717,1.0
2023-06-21 00:00:00,54.530600000089976,-77.67709999996498,6.0,1,28.4,0.1,26.3,34.0,0.4,23.657142857142865,14.0
2022-08-16 00:00:00,50.0717884802882,-59.21823767111114,8.0,0,19.5,0.0,19.2,85.0,30.9,18.442857142857147,1.0
2018-07-14 00:00:00,57.74837989314784,-75.74859838263764,7.0,0,15.3,5.5,24.5,87.0,92.7,13.47142857142857,1.0
2022-08-15 00:00:00,45.719500000000096,-75.70339999999993,8.0,1,24.4,0.0,13.0,43.0,92.0,24.414285714285715,4.0
2023-05-06 00:00:00,46.027099999565394,-74.67089999973518,5.0,1,19.2,0.0,14.2,32.0,92.1,11.614285714285714,2.0
2022-06-17 00:00:00,50.02036917157069,-57.56683570447135,6.0,0,19.8,0.7,24.1,41.0,6.7,14.764285714285714,7.0
2022-05-07 00:00:00,45.76600000000013,-71.94290000000001,5.0,1,13.3,0.0,15.1,28.0,23.7,12.878571428571428,3.0
2019-05-12 00:00:00,55.91562384195386,-69.91365415144764,5.0,0,0.7,0.0,25.3,76.0,45.4,-1.614285714285714,1.0
2021-08-22 00:00:00,45.99940000124421,-76.11239999987032,8.0,1,27.8,3.9,8.8,69.0,50.5,26.578571428571426,1.0
2021-05-19 00:00:00,45.72900000068029,-74.48850000034655,5.0,1,27.5,0.0,12.2,33.0,14.9,16.314285714285713,3.0
2018-06-15 00:00:00,48.24780000075138,-77.62730000052225,6.0,1,22.6,0.0,14.5,31.0,56.7,19.035714285714285,1.0
2020-06-16 00:00:00,47.319900001333686,-73.06759999981907,6.0,1,26.5,0.0,13.1,26.0,10.4,19.04285714285714,5.0
2023-07-25 00:00:00,45.79158236353773,-72.34407089636183,7.0,0,25.3,2.7,14.8,68.0,122.0,25.61428571428572,3.0
2021-05-15 00:00:00,45.93370000126892,-74.29710000056436,5.0,1,19.3,0.2,14.4,30.0,18.7,11.87142857142857,4.0
2024-07-08 00:00:00,51.88190000000003,-64.86419999999998,7.0,1,26.4,0.1,18.7,35.0,54.5,18.607142857142858,3.0
2023-06-01 00:00:00,49.2593999997103,-74.98649999997497,6.0,1,29.6,1.1,18.5,32.0,24.3,17.72142857142857,8.0
2019-05-21 00:00:00,51.863665232765335,-70.50021989984756,5.0,0,2.7,14.5,17.4,82.0,40.1,5.921428571428571,1.0
2021-08-23 00:00:00,57.86441925066864,-77.5345743947502,8.0,0,9.2,0.0,53.3,81.0,26.3,11.064285714285711,1.0
2020-05-14 00:00:00,46.06820000094925,-74.84000000053359,5.0,1,14.7,0.3,11.2,28.0,26.1,9.55,7.0
2023-06-23 00:00:00,48.67569999985517,-78.24049999987506,6.0,1,28.8,0.0,13.4,37.0,13.2,23.642857142857142,5.0
2020-05-21 00:00:00,47.03250000099553,-71.0546000004424,5.0,1,24.4,0.0,21.9,20.0,20.5,10.528571428571428,5.0
2018-09-26 00:00:00,52.053582441607176,-61.41830108864336,9.0,0,12.0,7.1,27.1,87.0,26.7,10.385714285714284,1.0
2020-07-14 00:00:00,55.15430664734461,-77.81821083751149,7.0,0,26.3,0.0,30.9,26.0,18.8,21.85,3.0
2024-07-05 00:00:00,45.669764166011376,-66.1441463731189,7.0,0,24.5,0.0,17.3,70.0,53.7,23.971428571428568,5.0
2020-05-21 00:00:00,48.15050000090452,-66.48559999979622,5.0,1,25.3,0.0,20.3,28.0,12.4,11.75,9.0
2022-07-02 00:00:00,52.25067745637613,-67.78844151599476,7.0,0,19.3,4.7,28.5,37.0,50.1,16.071428571428573,1.0
2020-06-22 00:00:00,45.76010000135628,-74.13720000018898,6.0,1,31.8,0.1,13.0,40.0,17.5,25.007142857142856,11.0
2018-05-28 00:00:00,46.55715089360964,-60.919745816926216,5.0,0,13.3,0.0,19.5,32.0,52.0,10.807142857142855,2.0
2018-06-14 00:00:00,49.96585741924509,-69.63202267317928,6.0,0,15.6,0.0,18.3,38.0,20.6,14.335714285714284,2.0
2023-05-04 00:00:00,45.4105645098621,-67.41782342982673,5.0,0,7.5,3.1,20.8,80.0,33.0,12.157142857142858,3.0
2020-05-03 00:00:00,45.32410000056707,-72.78589999993409,5.0,1,19.3,1.0,21.8,45.0,17.3,11.314285714285717,2.0
2019-05-07 00:00:00,45.65950000060414,-75.87199999979903,5.0,1,12.8,0.2,18.7,48.0,56.7,11.55,1.0
2020-05-21 00:00:00,45.89210000099018,-74.99439999937312,5.0,1,23.3,0.0,13.9,25.0,13.5,12.178571428571429,6.0
2018-06-27 00:00:00,46.75520000075852,-79.10619999929784,6.0,1,26.5,0.0,15.5,36.0,24.8,23.107142857142858,3.0
2021-08-12 00:00:00,48.09190000107439,-77.77860000062195,8.0,1,27.2,1.1,21.1,39.0,40.0,22.235714285714288,2.0
2019-06-06 00:00:00,54.535715260813454,-64.77989909324457,6.0,0,6.7,1.7,22.5,64.0,65.3,4.4642857142857135,2.0
2019-07-24 00:00:00,47.594100000563344,-78.44659999967256,7.0,1,22.8,1.2,16.9,48.0,31.9,24.407142857142865,5.0
2020-05-14 00:00:00,45.57030000055175,-75.4142000003111,5.0,1,16.3,0.0,10.9,27.0,41.3,11.6,11.0
2024-07-11 00:00:00,51.64598447233004,-57.73185163050024,7.0,0,19.8,11.7,21.2,41.0,68.8,18.035714285714285,1.0
2018-06-11 00:00:00,49.21720000073329,-68.19300000059444,6.0,1,13.4,0.0,13.7,39.0,29.5,14.435714285714283,3.0
2023-06-12 00:00:00,52.52289999973527,-70.40050000007489,6.0,1,20.2,0.0,12.3,42.0,8.4,15.857142857142858,2.0
2022-08-17 00:00:00,53.42131393797648,-67.9256588013188,8.0,0,22.0,0.0,12.2,34.0,52.5,17.02142857142857,2.0
2018-07-27 00:00:00,45.838100000605294,-76.3615000001734,7.0,1,23.9,5.2,10.8,63.0,62.9,26.72142857142857,2.0
2021-05-15 00:00:00,48.50819902373088,-61.754935683305696,5.0,0,5.2,0.0,20.5,85.0,53.1,4.478571428571428,6.0
2019-05-09 00:00:00,45.54830000126579,-75.70600000029751,5.0,1,13.7,9.1,24.5,39.0,45.7,12.535714285714286,3.0
2021-07-24 00:00:00,46.47452914119696,-60.73848068644666,7.0,0,13.5,0.8,21.9,72.0,54.4,20.428571428571427,1.0
2022-06-03 00:00:00,50.34420589945132,-57.67688608279453,6.0,0,10.1,0.0,17.9,70.0,68.4,10.528571428571428,1.0
2020-05-17 00:00:00,45.98880000057524,-74.12619999977605,5.0,1,17.9,0.0,13.4,38.0,15.4,10.478571428571428,2.0
2023-07-02 00:00:00,56.37830000004504,-68.90590000028476,7.0,1,24.6,8.3,10.3,54.0,15.7,20.9,5.0
2024-06-21 00:00:00,50.64550000000003,-77.47149999999992,6.0,1,24.7,0.2,17.2,36.0,77.3,20.592857142857145,2.0
2019-05-14 00:00:00,48.126800000811656,-69.18300000049665,5.0,1,9.3,0.0,24.0,54.0,22.9,9.32142857142857,3.0
2023-06-05 00:00:00,52.48502516547233,-78.51513617281654,6.0,0,19.1,0.0,19.4,38.0,11.8,16.5,9.0
2023-05-28 00:00:00,47.24249999957539,-72.83249999967518,5.0,1,25.7,0.0,24.8,28.0,36.3,16.107142857142858,4.0
2023-07-05 00:00:00,52.619799999570375,-77.0026000000899,7.0,1,29.4,7.1,19.9,51.0,12.9,25.728571428571428,4.0
2021-08-25 00:00:00,47.14472291374104,-61.7635170721765,8.0,0,21.5,0.3,22.2,89.0,4.9,21.292857142857144,1.0
2024-05-15 00:00:00,57.75960120973695,-58.7165448149658,5.0,0,3.2,0.0,29.8,87.0,31.8,2.0142857142857142,8.0
2018-07-12 00:00:00,53.44876874752327,-75.44209789303112,7.0,0,24.3,0.0,16.3,43.0,53.0,19.02857142857143,1.0
2022-08-02 00:00:00,48.587399999999946,-67.63499999999999,8.0,1,24.1,2.8,23.3,64.0,66.7,25.12857142857143,4.0
2021-06-21 00:00:00,45.88383677090459,-63.53666166702669,6.0,0,28.7,0.0,22.0,42.0,23.4,22.07142857142857,1.0
2024-07-09 00:00:00,51.83260000000007,-63.26419999999996,7.0,1,26.5,18.5,16.1,41.0,55.7,19.56428571428572,5.0
2018-05-22 00:00:00,51.18943130916836,-77.94426375175786,5.0,0,12.7,2.5,19.2,41.0,22.8,6.042857142857144,3.0
2021-06-03 00:00:00,56.80096463822586,-74.54144553195026,6.0,0,9.6,7.2,33.2,69.0,50.8,3.3000000000000003,7.0
2020-07-14 00:00:00,55.02586633938333,-59.118364919144,7.0,0,12.8,0.0,14.8,62.0,81.1,17.22142857142857,1.0
2022-05-09 00:00:00,45.93470000000002,-73.87260000000003,5.0,1,19.4,0.0,14.0,23.0,11.5,14.092857142857142,5.0
2018-05-09 00:00:00,45.81600000107337,-73.95880000053576,5.0,1,23.0,0.0,12.1,37.0,66.1,15.357142857142858,5.0
2020-06-12 00:00:00,51.12855664194051,-78.31539806303847,6.0,0,7.3,7.3,30.0,66.0,40.1,13.271428571428572,1.0
2022-09-12 00:00:00,48.39263502492973,-63.28440961040141,9.0,0,16.7,0.0,17.1,91.0,21.3,18.535714285714285,11.0
2022-05-15 00:00:00,48.14670000000012,-77.74259999999998,5.0,1,26.4,1.3,13.4,37.0,4.1000000000000005,18.67142857142857,12.0
2023-09-13 00:00:00,52.48562058260675,-68.70088732260514,9.0,0,13.3,1.9,22.2,74.0,90.9,15.792857142857144,1.0
2020-05-06 00:00:00,45.582200001118814,-75.58550000049812,5.0,1,13.0,0.0,13.2,27.0,44.9,12.392857142857142,3.0
2024-07-27 00:00:00,55.37318412951296,-77.96631699442727,7.0,0,20.6,11.9,36.6,57.0,24.7,15.092857142857142,5.0
2019-08-17 00:00:00,47.72100000117423,-79.06880000063775,8.0,1,23.9,0.1,10.5,56.0,51.2,21.56428571428572,5.0
2021-06-10 00:00:00,45.84640000099946,-74.29459999959587,6.0,1,20.4,0.1,17.5,37.0,19.4,20.86428571428572,2.0
2024-09-20 00:00:00,57.777440324227584,-71.4249474960807,9.0,0,14.1,0.0,23.8,65.0,11.9,9.885714285714286,4.0
2018-07-12 00:00:00,45.9353000013575,-75.09690000047354,7.0,1,26.0,0.0,9.8,35.0,28.9,27.907142857142865,6.0
2018-07-02 00:00:00,48.18560000133176,-72.87459999999086,7.0,1,32.0,2.9,28.0,44.0,45.0,23.242857142857144,1.0
2021-05-30 00:00:00,46.01900000077039,-74.07330000002123,5.0,1,16.3,0.4,13.1,34.0,12.8,20.971428571428568,4.0
2024-07-23 00:00:00,45.15174298242991,-62.95196784900345,7.0,0,23.0,0.3,12.5,52.0,115.9,26.97142857142857,2.0
2023-06-01 00:00:00,47.49600000039976,-76.64779999977014,6.0,1,30.6,0.1,13.6,32.0,25.4,18.67142857142857,8.0
2018-07-06 00:00:00,45.254670800286256,-69.0634626763877,7.0,0,25.9,8.1,24.7,40.0,55.7,26.71428571428571,3.0
2018-07-19 00:00:00,53.37509253876152,-68.1027325789591,7.0,0,14.9,4.7,29.2,60.0,84.5,16.085714285714285,2.0
2021-07-20 00:00:00,50.18558637837455,-78.26515574048089,7.0,0,19.2,0.0,19.5,44.0,30.3,20.992857142857144,1.0
2020-05-22 00:00:00,45.78630000090007,-76.07820000047398,5.0,1,27.3,0.0,14.0,24.0,11.0,13.485714285714286,7.0
2019-08-18 00:00:00,48.404000000805325,-77.24449999971816,8.0,1,24.8,0.3,16.5,53.0,36.1,21.5,1.0
2023-07-03 00:00:00,46.04468553002967,-72.37300775132057,7.0,0,27.2,2.2,7.2,63.0,78.5,25.157142857142865,1.0
2021-06-15 00:00:00,47.84550000135179,-78.86159999996275,6.0,1,16.1,0.0,21.0,34.0,20.9,23.77857142857143,1.0
2019-07-24 00:00:00,47.490600001378674,-73.41209999991013,7.0,1,17.6,0.0,11.2,49.0,43.5,23.86428571428572,3.0
2018-05-12 00:00:00,46.27690000132018,-75.99149999989189,5.0,1,16.4,0.0,9.3,25.0,45.8,15.671428571428573,2.0
2022-05-08 00:00:00,45.96210000000008,-73.27549999999997,5.0,1,16.4,0.0,14.0,23.0,19.9,14.614285714285712,4.0
2022-06-11 00:00:00,50.407451819636336,-78.21391440063854,6.0,0,18.9,4.9,22.2,48.0,82.2,17.364285714285714,2.0
2023-06-01 00:00:00,47.408499999675314,-72.57889999963521,6.0,1,29.1,1.0,16.9,35.0,37.0,19.278571428571432,8.0
2022-08-10 00:00:00,46.54399999999998,-72.89080000000001,8.0,1,23.0,0.2,15.7,57.0,79.0,24.178571428571427,1.0
2019-05-19 00:00:00,47.16535696175365,-69.16575165407525,5.0,0,11.1,1.7,10.9,68.0,28.8,11.535714285714288,1.0
2023-07-04 00:00:00,50.523600000040005,-67.83709999966521,7.0,1,27.7,0.1,8.1,48.0,67.4,23.56428571428572,1.0
2019-08-01 00:00:00,48.10980000124401,-75.36000000054314,8.0,1,23.1,0.0,18.5,35.0,25.6,23.8,2.0
2021-08-08 00:00:00,48.953766748081165,-67.61973138792814,8.0,0,16.3,0.0,20.5,72.0,28.2,17.700000000000003,8.0
2021-05-20 00:00:00,48.70482671936946,-58.51381225279928,5.0,0,10.9,0.0,15.5,73.0,51.3,7.478571428571429,4.0
2023-09-12 00:00:00,46.13340000030979,-74.16100000014984,9.0,1,18.2,1.1,13.0,76.0,8.799999999999999,23.65714285714285,4.0
2018-05-12 00:00:00,48.74860000116741,-64.39360000058164,5.0,1,7.0,0.0,17.1,36.0,29.3,9.835714285714284,7.0
2024-08-28 00:00:00,52.22369978978324,-62.15982122188091,8.0,0,16.3,6.4,23.2,55.0,31.1,23.028571428571432,1.0
2023-05-25 00:00:00,54.52946801886643,-60.30430302800663,5.0,0,7.8,0.0,14.0,50.0,69.5,6.3,1.0
2021-07-08 00:00:00,58.52808850896039,-73.2212171536636,7.0,0,14.2,3.0,43.0,60.0,30.6,12.207142857142856,3.0
2018-05-16 00:00:00,45.99780000113569,-74.64759999954381,5.0,1,19.3,0.0,18.2,36.0,32.9,17.114285714285714,6.0
2019-06-24 00:00:00,49.1940000010963,-68.24240000006297,6.0,1,21.0,0.0,17.1,28.0,42.7,17.728571428571428,8.0
2019-05-12 00:00:00,53.43649908336059,-78.07491146254671,5.0,0,14.2,0.0,23.7,37.0,15.1,-0.7142857142857139,2.0
2023-08-12 00:00:00,46.16115192687869,-59.95357924210897,8.0,0,21.8,0.0,30.0,61.0,71.3,21.735714285714288,1.0
2021-07-13 00:00:00,48.41480000084988,-77.80089999997169,7.0,1,25.8,3.6,16.7,49.0,38.8,22.27857142857143,7.0
2022-05-20 00:00:00,46.09700000000004,-76.0856,5.0,1,25.8,0.5,26.1,50.0,44.2,20.92857142857144,3.0
2019-07-04 00:00:00,47.08282339260742,-77.70691148672304,7.0,0,31.0,0.0,13.8,33.0,48.6,23.15,5.0
2022-07-24 00:00:00,54.57929705433676,-58.932612254100704,7.0,0,18.1,1.7,9.0,74.0,87.1,14.12142857142857,1.0
2019-05-08 00:00:00,46.10310000134415,-74.49820000031018,5.0,1,10.8,0.0,17.3,28.0,50.5,11.12142857142857,1.0
2023-08-21 00:00:00,55.687834109887646,-74.52565711454774,8.0,0,11.6,2.8,38.5,71.0,96.9,18.728571428571428,1.0
2021-08-28 00:00:00,46.11060000122895,-70.69159999991156,8.0,1,18.1,0.0,7.8,47.0,24.3,25.985714285714284,2.0
2019-09-07 00:00:00,49.001157497341104,-77.57824425662665,9.0,0,13.7,27.8,17.3,90.0,42.4,18.557142857142853,1.0
2018-07-16 00:00:00,49.018900000833234,-76.3728000002972,7.0,1,27.4,11.1,19.0,45.0,40.3,24.957142857142856,2.0
2020-06-21 00:00:00,45.56710000113154,-75.77439999989961,6.0,1,31.6,0.0,12.7,37.0,22.1,24.42142857142857,8.0
2024-05-25 00:00:00,47.786504985295046,-62.24753223069965,5.0,0,8.2,0.3,33.1,86.0,19.9,7.65,1.0
2021-07-07 00:00:00,52.10985574527733,-74.82651617609103,7.0,0,11.3,0.1,19.5,59.0,61.1,21.207142857142856,1.0
2018-07-08 00:00:00,55.94577924128977,-63.24516737067734,7.0,0,18.9,5.3,26.1,47.0,46.7,11.464285714285714,1.0
2024-06-05 00:00:00,51.52290000000005,-70.47129999999997,6.0,1,25.3,0.0,14.3,37.0,67.1,15.492857142857142,6.0
2018-05-14 00:00:00,46.83300000089317,-71.60689999973809,5.0,1,21.3,0.0,22.1,39.0,78.3,15.342857142857142,4.0
2020-05-17 00:00:00,48.61930000099572,-64.29350000048393,5.0,1,13.2,0.1,21.7,39.0,44.2,7.242857142857143,5.0
2023-08-24 00:00:00,54.75458930698986,-67.12524856998826,8.0,0,14.0,0.1,25.0,63.0,37.1,16.771428571428572,1.0
2021-08-28 00:00:00,50.07529429508767,-60.604743291748775,8.0,0,19.0,0.0,35.1,55.0,57.5,18.9,1.0
2019-05-18 00:00:00,45.97400000111289,-74.69340000061202,5.0,1,13.2,0.0,15.8,55.0,43.3,13.835714285714287,1.0
2024-05-04 00:00:00,49.50690000000004,-76.19089999999994,5.0,1,21.3,4.2,15.0,38.0,29.0,8.657142857142857,1.0
2018-09-21 00:00:00,47.890900001265386,-72.83200000045085,9.0,1,18.8,22.6,30.4,79.0,7.5,19.464285714285715,4.0
2024-06-06 00:00:00,49.325259208453645,-74.75847911389377,6.0,0,26.7,1.4,22.7,46.0,38.9,19.8,9.0
2022-08-21 00:00:00,49.866458561060895,-61.831200905532334,8.0,0,23.3,0.0,29.3,68.0,61.0,18.435714285714283,2.0
2019-07-01 00:00:00,52.57300000099598,-76.54179999939507,7.0,1,21.3,7.3,21.2,59.0,15.7,16.335714285714285,2.0
2020-06-20 00:00:00,49.22800000114275,-72.61020000045696,6.0,1,31.4,0.6,12.4,37.0,14.1,22.021428571428576,9.0
2024-07-24 00:00:00,48.25730000000004,-69.63759999999996,7.0,1,24.6,0.0,15.5,39.0,34.2,24.764285714285712,4.0
2019-06-19 00:00:00,45.43240000052938,-71.32180000017092,6.0,1,22.5,2.6,13.7,48.0,45.9,19.014285714285712,3.0
2021-06-25 00:00:00,55.30421570126296,-71.24586745216409,6.0,0,17.1,4.0,33.1,53.0,35.0,13.642857142857142,1.0
2019-08-27 00:00:00,49.833079834587416,-64.11725337127085,8.0,0,20.8,0.0,11.8,58.0,21.9,21.242857142857144,5.0
2022-09-14 00:00:00,51.29426718997753,-79.26014071518172,9.0,0,10.9,0.4,21.9,61.0,54.6,20.892857142857142,3.0
2023-07-05 00:00:00,51.23200000019989,-78.17219999963027,7.0,1,31.3,2.8,17.5,44.0,38.5,26.142857142857142,3.0
2023-06-22 00:00:00,48.47080000002006,-78.19850000017482,6.0,1,31.3,0.0,10.6,27.0,13.8,22.685714285714287,9.0
2024-07-24 00:00:00,48.36540000000008,-64.81659999999994,7.0,1,21.0,1.2,12.1,60.0,13.4,25.49285714285714,6.0
2020-06-22 00:00:00,49.55740000065787,-69.55740000060167,6.0,1,26.6,3.3,14.0,58.0,15.7,20.52142857142857,2.0
2018-07-13 00:00:00,46.05372141705624,-62.0088911210599,7.0,0,16.7,0.0,16.7,74.0,25.3,19.035714285714285,7.0
2018-09-18 00:00:00,52.38609702101744,-68.37570331393285,9.0,0,4.3,0.2,20.4,54.0,30.5,12.649999999999997,1.0
2020-09-07 00:00:00,54.645720723737206,-69.05552240288392,9.0,0,12.1,15.1,50.0,75.0,84.3,10.564285714285717,1.0
2024-05-04 00:00:00,48.79000000000008,-78.01779999999997,5.0,1,22.1,0.0,16.5,31.0,37.3,9.385714285714286,1.0
2024-05-27 00:00:00,52.68397181521454,-68.13977171225841,5.0,0,16.9,1.0,29.3,44.0,69.2,10.335714285714287,2.0
2020-05-22 00:00:00,46.38200000075018,-72.80080000002259,5.0,1,28.1,0.0,17.3,22.0,11.1,14.307142857142855,7.0
2021-06-24 00:00:00,53.47672297084794,-78.27043617961004,6.0,0,15.2,16.4,31.8,56.0,42.6,16.42142857142857,1.0
2022-05-10 00:00:00,45.96510000000001,-74.37789999999995,5.0,1,21.0,0.0,15.0,23.0,15.3,12.685714285714283,6.0
2021-09-21 00:00:00,51.27871268869488,-72.67459194104998,9.0,0,22.3,1.1,30.7,54.0,63.7,15.378571428571432,3.0
2023-06-13 00:00:00,47.87537935825883,-61.20664953859966,6.0,0,11.3,0.0,21.6,77.0,60.6,7.800000000000002,2.0
2024-05-13 00:00:00,57.17533821439706,-79.26888599425955,5.0,0,1.1,3.9,48.4,90.0,21.6,0.6785714285714287,7.0
2022-08-02 00:00:00,54.77866497892778,-57.96675880538267,8.0,0,25.4,9.1,28.9,64.0,39.0,12.985714285714284,6.0
2024-05-07 00:00:00,47.565100000000015,-78.67669999999998,5.0,1,17.8,0.0,17.1,36.0,36.1,12.571428571428571,2.0
2018-06-28 00:00:00,51.60690000066247,-77.9610999997331,6.0,1,24.2,6.3,22.8,51.0,23.8,19.15714285714285,1.0
2021-05-20 00:00:00,54.50539668995931,-78.06134288914359,5.0,0,12.8,0.8,31.2,80.0,22.3,6.335714285714286,1.0
2021-06-14 00:00:00,47.36050000134443,-75.93299999942721,6.0,1,24.1,3.2,12.4,46.0,8.1,23.86428571428572,8.0
2022-09-06 00:00:00,51.89053084123451,-68.94530202483314,9.0,0,19.8,0.0,12.3,50.0,50.5,17.235714285714284,3.0
2022-06-07 00:00:00,49.826412494046025,-59.80514023415245,6.0,0,7.7,0.0,29.6,66.0,53.1,6.857142857142857,6.0
2023-06-06 00:00:00,48.41010000041473,-77.92889999973517,6.0,1,19.1,0.0,24.6,20.0,19.9,23.31428571428572,14.0
2023-08-19 00:00:00,56.10003629985101,-64.17175355872044,8.0,0,22.4,0.0,20.5,54.0,16.9,16.342857142857145,3.0
2018-05-21 00:00:00,46.59930000106029,-71.64319999978404,5.0,1,20.7,0.0,27.5,34.0,21.7,17.792857142857144,1.0
2024-06-02 00:00:00,53.58530000000008,-69.32889999999998,6.0,1,23.4,0.2,20.6,37.0,101.6,10.6,1.0
2020-05-28 00:00:00,48.46840908348562,-71.02080275601637,5.0,0,31.5,0.0,19.9,39.0,26.1,19.07857142857143,1.0
2019-05-27 00:00:00,49.79503347695524,-58.49935236660191,5.0,0,9.6,0.2,19.9,64.0,12.8,4.764285714285714,10.0
2022-05-14 00:00:00,45.87830000000008,-71.57949999999994,5.0,1,29.1,0.0,14.6,39.0,4.6,17.3,10.0
2019-06-10 00:00:00,46.74450000080953,-73.91920000037035,6.0,1,25.1,0.1,19.4,34.0,28.5,16.4,7.0
2022-08-09 00:00:00,49.738000000000056,-75.53379999999999,8.0,1,22.5,0.0,15.0,41.0,52.7,21.435714285714287,1.0
2024-07-08 00:00:00,49.08850000000007,-66.68569999999994,7.0,1,22.9,0.0,15.0,64.0,26.0,19.36428571428572,4.0
2023-05-23 00:00:00,46.50031030890616,-67.95867922406214,5.0,0,18.7,0.0,21.5,37.0,51.4,15.014285714285714,2.0
2024-05-10 00:00:00,49.27680000000004,-70.99529999999999,5.0,1,15.4,0.0,15.9,25.0,15.6,12.035714285714286,4.0
2018-07-21 00:00:00,48.26206523564823,-59.82629993708117,7.0,0,16.6,0.1,35.1,76.0,10.7,14.064285714285711,3.0
2018-05-23 00:00:00,46.574600001030056,-75.8238000005507,5.0,1,17.5,0.0,17.4,30.0,26.5,17.50714285714286,3.0
2021-08-16 00:00:00,52.12950326847483,-63.008609246523086,8.0,0,19.7,0.6,17.6,49.0,80.5,20.67142857142857,1.0
2018-08-20 00:00:00,50.23710000123179,-66.34029999973761,8.0,1,20.9,0.0,20.0,61.0,53.5,20.75,5.0
2023-07-06 00:00:00,51.9929000004347,-66.98039999996001,7.0,1,30.2,0.5,14.8,40.0,55.0,23.592857142857145,4.0
2024-08-24 00:00:00,45.41761052647652,-58.44210444454927,8.0,0,22.7,0.9,36.0,70.0,7.6,20.935714285714287,3.0
2024-05-02 00:00:00,50.613231547301794,-75.53488810861417,5.0,0,15.6,0.0,12.9,50.0,35.6,5.242857142857143,4.0
2022-05-14 00:00:00,46.37860000000012,-77.03710000000001,5.0,1,29.0,0.3,14.6,36.0,14.7,18.22142857142857,11.0
2023-05-24 00:00:00,54.16774204746714,-75.62755774028881,5.0,0,4.6,0.0,25.8,57.0,21.1,6.107142857142857,1.0
2024-05-23 00:00:00,53.7887154991305,-72.3979821447623,5.0,0,10.2,10.9,32.9,74.0,40.3,11.364285714285714,2.0
2020-07-01 00:00:00,48.26470000121973,-70.98149999991327,7.0,1,28.6,0.0,13.8,44.0,53.7,26.87857142857143,2.0
2018-05-14 00:00:00,51.19959981416935,-62.50168502414552,5.0,0,10.6,2.7,21.6,44.0,34.2,5.057142857142857,3.0
2018-09-26 00:00:00,56.17994048631896,-75.37916421397753,9.0,0,3.9,1.4,28.7,79.0,73.1,6.492857142857143,1.0
2024-07-08 00:00:00,53.52830000000006,-70.12239999999997,7.0,1,24.7,5.2,32.4,44.0,45.6,17.235714285714284,1.0
2024-07-09 00:00:00,49.29690000000005,-68.60449999999997,7.0,1,26.1,11.9,14.0,60.0,28.0,23.207142857142856,2.0
2020-06-22 00:00:00,45.731600000803766,-74.25480000012772,6.0,1,31.6,0.1,15.6,40.0,21.4,24.507142857142856,11.0
2023-08-20 00:00:00,47.91466178516708,-70.1255213169542,8.0,0,23.2,0.2,13.2,52.0,197.1,19.428571428571427,1.0
2024-07-07 00:00:00,49.3916714183371,-69.50742931693512,7.0,0,26.2,0.0,12.3,38.0,45.7,21.45714285714286,3.0
2020-06-08 00:00:00,48.46357331567814,-62.16011796184043,6.0,0,8.6,10.4,37.4,74.0,25.9,8.77857142857143,5.0
2020-09-07 00:00:00,47.04248020271086,-76.22319210264696,9.0,0,18.0,12.1,24.4,67.0,70.7,18.17142857142857,2.0
2023-05-13 00:00:00,45.763699999955065,-74.1378999996852,5.0,1,17.9,0.0,23.2,30.0,88.3,16.514285714285712,9.0
2023-05-30 00:00:00,48.138699999705295,-75.30820000002996,5.0,1,26.5,0.0,13.5,27.0,45.8,14.935714285714283,6.0
2023-07-22 00:00:00,55.85310912550616,-57.87269712251594,7.0,0,12.3,2.4,26.9,88.0,13.4,10.87857142857143,3.0
2019-05-03 00:00:00,48.21958276828197,-77.96244053098327,5.0,0,11.6,0.0,16.6,46.0,67.3,7.199999999999998,2.0
2024-06-21 00:00:00,47.1500134920463,-61.5272479872131,6.0,0,15.3,0.0,31.5,72.0,72.5,13.814285714285717,2.0
2021-09-03 00:00:00,53.89951936569047,-79.33974741283397,9.0,0,11.5,0.0,23.9,84.0,46.7,13.62142857142857,2.0
2024-09-03 00:00:00,55.81911800390731,-77.38148490114932,9.0,0,11.4,0.3,36.7,75.0,23.9,14.071428571428571,1.0
2020-06-22 00:00:00,46.95940000094991,-73.52260000014475,6.0,1,30.5,0.1,14.9,36.0,14.0,22.75714285714286,1.0
2021-09-10 00:00:00,46.709800000659776,-75.2183000005957,9.0,1,17.0,0.0,18.8,43.0,58.1,19.235714285714288,1.0
2020-05-13 00:00:00,46.92980000115767,-72.2931999998436,5.0,1,10.4,0.0,21.7,22.0,32.8,9.80714285714286,5.0
2020-08-22 00:00:00,49.200665213423925,-70.64718877011964,8.0,0,19.2,0.0,14.9,36.0,42.7,20.835714285714285,1.0
2019-07-09 00:00:00,49.33380000131183,-72.2651000002311,7.0,1,24.1,0.0,17.1,32.0,47.7,24.764285714285712,7.0
2022-09-28 00:00:00,58.31732069015344,-75.79619995052295,9.0,0,3.1,0.2,32.8,61.0,13.2,9.121428571428572,1.0
2021-07-20 00:00:00,49.13870593258815,-69.41246052284183,7.0,0,21.2,0.9,16.6,37.0,65.4,22.40714285714285,1.0
2024-09-01 00:00:00,58.43401625768999,-67.64672943622742,9.0,0,14.4,9.0,25.7,70.0,25.8,16.471428571428575,1.0
2024-05-28 00:00:00,48.3830466838999,-62.28320199203949,5.0,0,10.4,25.6,56.9,84.0,20.5,7.042857142857142,3.0
2024-09-23 00:00:00,49.83910000000003,-67.21389999999997,9.0,1,14.8,0.0,8.7,66.0,8.0,19.59285714285713,1.0
2023-07-09 00:00:00,57.09019999973026,-67.1237000000549,7.0,1,26.4,2.1,18.0,34.0,34.9,24.371428571428577,2.0
2018-08-11 00:00:00,46.07150000114542,-71.55280000043622,8.0,1,24.3,0.0,13.2,45.0,60.8,24.328571428571426,2.0
2020-09-11 00:00:00,53.44556594090432,-69.74467918146262,9.0,0,11.4,4.0,32.8,65.0,79.1,11.0,2.0
2023-07-05 00:00:00,53.00210000001505,-76.73030000014484,7.0,1,29.1,18.7,17.1,46.0,5.7,25.657142857142865,8.0
2020-09-07 00:00:00,48.67210000112068,-67.60670000011659,9.0,1,22.0,0.8,33.6,48.0,71.7,17.807142857142857,4.0
2020-06-09 00:00:00,47.43790000089837,-72.75999999981087,6.0,1,20.3,0.0,12.2,27.0,40.3,19.764285714285712,3.0
2021-07-15 00:00:00,45.0465619932488,-61.03585214824919,7.0,0,16.0,0.0,29.3,90.0,53.5,14.828571428571427,4.0
2018-08-03 00:00:00,49.15970000064708,-74.05960000050192,8.0,1,23.3,6.1,16.1,47.0,117.3,24.892857142857142,1.0
2021-05-01 00:00:00,49.38770000126704,-67.55089999979178,5.0,1,9.4,0.5,35.4,25.0,56.6,7.549999999999999,4.0
2020-05-05 00:00:00,54.59831100651878,-70.62511029993715,5.0,0,-3.3,0.0,22.0,65.0,39.9,-4.2285714285714295,4.0
2023-06-05 00:00:00,50.38460000038975,-72.18129999959524,6.0,1,20.8,4.0,19.1,36.0,16.2,19.81428571428572,13.0
2019-08-16 00:00:00,57.77713776729324,-72.61035602508183,8.0,0,11.8,3.0,23.2,66.0,53.8,14.95,1.0
2021-06-26 00:00:00,57.39104735717514,-64.98063823158458,6.0,0,18.5,4.0,27.7,42.0,29.5,12.092857142857142,1.0
2022-05-08 00:00:00,46.38119999999998,-72.57760000000002,5.0,1,16.7,0.0,13.5,21.0,17.1,14.385714285714284,4.0
2019-06-10 00:00:00,50.739774488197845,-76.35699820615325,6.0,0,24.9,7.1,19.8,39.0,58.8,11.792857142857144,2.0
2020-06-23 00:00:00,46.28380000129184,-74.51779999949667,6.0,1,27.5,5.3,18.1,60.0,31.1,23.24285714285714,1.0
2018-08-17 00:00:00,46.30730000057939,-71.57369999980506,8.0,1,24.2,17.4,10.7,53.0,48.0,25.74285714285714,2.0
2021-09-28 00:00:00,55.80342072097909,-71.8398702874314,9.0,0,7.4,0.0,23.1,75.0,79.3,10.685714285714289,1.0
2021-05-22 00:00:00,45.47680000133098,-72.17559999943342,5.0,1,26.6,0.2,22.8,45.0,12.0,19.35,1.0
2020-07-24 00:00:00,55.76126333874831,-67.8541566418552,7.0,0,14.4,1.7,15.0,65.0,97.1,19.52142857142857,1.0
2023-06-22 00:00:00,55.366073994488126,-79.37556415893899,6.0,0,10.3,0.9,22.5,89.0,1.8,6.471428571428572,1.0
2018-07-14 00:00:00,47.44346086106089,-63.33218227263867,7.0,0,17.7,0.0,26.7,71.0,9.4,17.392857142857142,4.0
2023-06-22 00:00:00,49.85468373875534,-79.1594842132159,6.0,0,31.1,0.0,18.9,25.0,28.8,23.05,8.0
2022-05-24 00:00:00,48.0209000000001,-65.32899999999995,5.0,1,13.4,0.0,15.3,39.0,40.1,14.814285714285711,1.0
2024-07-25 00:00:00,54.24664905899217,-67.32583488451041,7.0,0,19.9,0.0,25.4,41.0,61.4,17.45,2.0
2018-07-13 00:00:00,50.03690000096263,-79.42720000029357,7.0,1,26.1,5.8,24.5,57.0,23.9,26.2,4.0
2020-05-21 00:00:00,47.93200000054127,-66.97720000036385,5.0,1,25.4,0.0,24.6,21.0,26.7,11.1,9.0
2020-05-05 00:00:00,45.66430000072106,-74.41410000017223,5.0,1,9.8,0.0,18.5,41.0,29.0,11.885714285714286,2.0
2024-07-08 00:00:00,51.87390000000005,-76.53689999999996,7.0,1,27.2,6.6,24.8,46.0,76.0,20.592857142857145,4.0
2022-05-10 00:00:00,46.30099999999993,-73.39939999999996,5.0,1,21.9,0.0,13.9,21.0,13.9,13.964285714285715,6.0
2019-05-03 00:00:00,58.22782268917217,-77.0208908905522,5.0,0,-1.8,0.0,27.8,78.0,25.4,-3.935714285714286,5.0
2019-05-22 00:00:00,50.15535949225823,-66.1758258720904,5.0,0,11.0,0.0,15.9,53.0,29.0,7.828571428571428,1.0
2023-05-18 00:00:00,48.74940000001004,-72.49679999972017,5.0,1,14.0,0.0,18.2,22.0,4.5,14.992857142857144,3.0
2020-06-19 00:00:00,50.707037156622846,-75.31606988634377,6.0,0,29.7,0.0,21.9,32.0,12.6,18.11428571428572,8.0
2020-07-04 00:00:00,49.19292121684636,-75.96779634967169,7.0,0,23.0,0.1,12.6,33.0,64.8,24.83571428571429,2.0
2020-08-28 00:00:00,57.68895224120882,-62.73586961979572,8.0,0,8.1,4.0,29.2,85.0,75.9,14.80714285714286,1.0
2021-08-28 00:00:00,48.51780000050385,-75.23760000017714,8.0,1,17.0,0.0,15.4,61.0,21.4,25.13571428571429,2.0
2020-06-05 00:00:00,57.86351109529716,-79.27300069371891,6.0,0,1.9,0.0,13.2,95.0,10.3,0.9000000000000001,1.0
2019-05-23 00:00:00,52.9127157735948,-73.34248016330562,5.0,0,13.7,0.1,17.2,47.0,21.9,8.235714285714286,2.0
2019-07-17 00:00:00,46.80591307104381,-63.85384743354585,7.0,0,26.9,2.1,23.1,59.0,36.8,22.66428571428571,2.0
2021-09-01 00:00:00,47.57872953824831,-72.21113982892439,9.0,0,15.2,0.6,14.8,61.0,25.0,24.121428571428577,1.0
2019-07-15 00:00:00,47.088400000993225,-79.19710000045318,7.0,1,27.9,0.0,17.4,38.0,6.8,26.478571428571428,2.0
2021-06-08 00:00:00,48.59970000086173,-72.7132999993778,6.0,1,26.3,0.0,20.5,29.0,12.5,19.192857142857143,3.0
2023-05-12 00:00:00,47.36590000018492,-70.04659999989002,5.0,1,20.2,1.5,19.1,61.0,34.1,13.607142857142858,8.0
2018-07-24 00:00:00,56.521581275527566,-74.39640909543624,7.0,0,21.0,6.1,24.9,78.0,28.4,15.15,5.0
2021-07-26 00:00:00,54.50317824044655,-57.80632449173997,7.0,0,26.0,0.0,17.1,39.0,22.2,21.22142857142857,6.0
2022-08-21 00:00:00,54.91535666329632,-68.8357261997451,8.0,0,20.8,3.7,22.6,64.0,29.4,18.12857142857143,7.0
2018-07-20 00:00:00,48.24610000066889,-71.38040000005122,7.0,1,29.3,0.0,18.8,39.0,42.7,23.435714285714283,3.0
2018-08-14 00:00:00,52.51973766884622,-76.07259344104057,8.0,0,23.2,6.7,27.9,68.0,54.3,19.63571428571429,1.0
2021-06-07 00:00:00,49.29870000058445,-73.20510000052714,6.0,1,29.6,0.5,29.9,38.0,21.9,17.7,2.0
2024-08-07 00:00:00,52.87572167526276,-73.99441025195765,8.0,0,11.9,4.7,20.5,66.0,31.1,21.6,1.0
2018-05-14 00:00:00,46.29810000104472,-73.41279999954374,5.0,1,22.8,0.0,19.2,26.0,40.3,16.535714285714285,4.0
2022-09-15 00:00:00,50.02793079197135,-76.29357123208047,9.0,0,11.0,0.1,17.8,51.0,13.7,20.571428571428573,12.0
2018-07-01 00:00:00,52.28330000115747,-72.98389999943988,7.0,1,24.8,1.2,15.2,32.0,36.9,17.22142857142857,2.0
2022-06-22 00:00:00,48.84566579067103,-66.50787513869608,6.0,0,18.8,0.3,21.6,52.0,115.6,15.564285714285717,2.0
2019-05-13 00:00:00,54.3101851789861,-59.54875721223674,5.0,0,5.5,0.2,12.3,57.0,40.0,2.171428571428572,11.0
2018-05-14 00:00:00,48.24540000076082,-79.0974999997336,5.0,1,18.0,0.2,16.5,45.0,32.2,14.0,4.0
2024-05-26 00:00:00,54.12714573498468,-69.51011821318298,5.0,0,10.9,0.0,17.4,55.0,38.7,5.15,2.0
2018-08-13 00:00:00,52.03170796949148,-60.733302093615606,8.0,0,23.6,0.0,23.6,29.0,75.8,22.53571428571428,2.0
2019-09-22 00:00:00,45.65942306942444,-71.7157115702354,9.0,0,24.8,0.4,18.4,56.0,18.0,17.585714285714285,7.0
2024-06-06 00:00:00,58.71124650770182,-62.45062070615347,6.0,0,2.6,0.0,35.6,93.0,5.1,1.3928571428571428,9.0
2020-05-22 00:00:00,46.78917893641034,-74.35984797354267,5.0,0,22.7,0.0,15.8,31.0,11.7,10.428571428571429,7.0
2019-07-19 00:00:00,47.05940000073545,-78.46569999974939,7.0,1,29.0,8.8,22.9,54.0,21.3,25.235714285714284,1.0
2022-08-15 00:00:00,48.33960000000013,-70.37819999999999,8.0,1,24.5,0.0,9.1,42.0,57.6,22.392857142857142,6.0
2021-07-02 00:00:00,47.57899518804703,-74.05347261358152,7.0,0,18.5,0.7,12.6,58.0,103.9,21.1,1.0
2022-05-17 00:00:00,55.58722846198054,-75.37355397950563,5.0,0,0.2,0.0,30.3,82.0,8.5,3.821428571428572,2.0
2018-05-18 00:00:00,47.32290000129293,-72.79220000031917,5.0,1,13.2,0.0,14.1,31.0,26.9,16.164285714285715,2.0
2023-06-27 00:00:00,48.63719999968032,-72.75330000039469,6.0,1,20.7,5.0,13.5,81.0,44.4,22.307142857142857,1.0
2022-06-02 00:00:00,47.94930000000005,-68.63259999999997,6.0,1,16.5,0.0,11.9,41.0,90.9,17.142857142857146,5.0
2021-07-20 00:00:00,46.864300001233616,-72.7555000000708,7.0,1,21.6,2.1,14.2,54.0,62.5,24.507142857142856,1.0
2023-05-28 00:00:00,50.2923000004447,-66.41279999972016,5.0,1,20.7,0.3,38.0,40.0,28.2,12.257142857142858,4.0
2021-08-24 00:00:00,55.95347564783349,-61.59446649388988,8.0,0,19.0,0.1,12.8,50.0,36.2,20.25714285714286,6.0
2022-08-04 00:00:00,46.16255912247535,-67.35288636346485,8.0,0,29.7,0.0,16.3,58.0,18.0,27.192857142857147,2.0
2020-09-29 00:00:00,45.802800001052205,-70.89120000019089,9.0,1,24.7,1.2,21.3,51.0,4.2,16.585714285714285,12.0
2023-06-05 00:00:00,51.65310000026483,-71.69490000003492,6.0,1,18.1,1.4,25.2,39.0,15.5,16.435714285714287,8.0
2023-06-05 00:00:00,51.555699999855165,-71.42639999995998,6.0,1,20.6,3.2,25.4,29.0,17.9,17.242857142857144,13.0
2023-09-04 00:00:00,48.44140000040977,-67.55719999997996,9.0,1,27.4,0.2,11.7,55.0,29.2,19.65,4.0
2022-05-15 00:00:00,55.89812438229533,-61.43412391359767,5.0,0,4.5,0.3,11.9,54.0,13.3,5.114285714285714,4.0
2020-05-14 00:00:00,46.99330000102424,-71.74899999946675,5.0,1,15.6,0.0,14.7,22.0,43.2,9.257142857142856,6.0
2020-06-02 00:00:00,54.85030686219708,-69.79972105229417,6.0,0,3.8,0.0,20.9,49.0,41.8,2.0928571428571425,3.0
2018-08-04 00:00:00,53.43121872463321,-72.85595406739041,8.0,0,21.8,0.0,16.8,39.0,62.7,20.72142857142857,3.0
2024-09-07 00:00:00,46.987100000000055,-71.39659999999998,9.0,1,21.8,6.3,19.0,58.0,50.3,21.792857142857144,6.0
2023-05-15 00:00:00,45.84499999985019,-74.18719999968022,5.0,1,19.5,0.0,28.2,27.0,79.1,15.064285714285711,11.0
2023-06-01 00:00:00,50.4834999998252,-74.27850000027473,6.0,1,26.2,2.0,17.7,43.0,26.5,15.592857142857143,5.0
2024-07-01 00:00:00,54.08960000000008,-73.38159999999993,7.0,1,20.5,1.3,33.2,50.0,48.5,16.321428571428573,3.0
2023-07-02 00:00:00,54.15260000008999,-70.16570000005493,7.0,1,20.8,1.9,18.6,68.0,49.3,19.55,1.0
2020-05-11 00:00:00,48.40440000069402,-64.5249999997427,5.0,1,11.4,0.0,27.4,38.0,64.6,6.814285714285716,2.0
2018-06-28 00:00:00,51.5253000008642,-78.14079999945484,6.0,1,25.1,5.7,21.3,51.0,26.6,19.557142857142857,1.0
2018-08-20 00:00:00,46.16626139966246,-70.90159215328052,8.0,0,24.8,0.0,9.7,46.0,64.7,24.85714285714286,2.0
2020-05-09 00:00:00,45.39062062293939,-60.02740216849275,5.0,0,7.4,12.5,65.3,74.0,100.1,4.1571428571428575,1.0
2020-08-13 00:00:00,50.40170000097645,-60.98309999943407,8.0,1,28.2,2.6,16.6,50.0,32.4,23.785714285714285,1.0
2022-06-04 00:00:00,46.011200000000144,-73.65569999999997,6.0,1,21.1,0.3,24.5,39.0,43.5,21.857142857142858,1.0
2018-07-05 00:00:00,52.59060000050604,-75.62220000013212,7.0,1,28.5,28.6,28.7,54.0,19.3,18.55,2.0
2018-05-22 00:00:00,49.05390000113105,-66.6225999997659,5.0,1,15.3,7.4,13.6,33.0,20.7,11.842857142857143,2.0
2023-07-06 00:00:00,52.97887743006773,-66.73529094882912,7.0,0,30.1,0.1,16.4,36.0,45.7,22.2,4.0
2021-05-15 00:00:00,49.36710000109812,-68.22679999953098,5.0,1,12.5,0.0,12.5,45.0,39.7,9.8,2.0
2022-07-23 00:00:00,49.21825247585093,-67.20783660393117,7.0,0,15.4,0.0,26.9,87.0,108.3,15.085714285714284,1.0
2019-07-05 00:00:00,46.27050000125647,-76.54850000003424,7.0,1,29.7,1.5,12.5,55.0,29.2,24.557142857142857,6.0
2019-07-21 00:00:00,51.50090000058617,-63.18079999979807,7.0,1,19.4,4.1,12.4,48.0,39.7,17.07142857142857,1.0
2019-05-05 00:00:00,50.87536540353971,-72.47331842209667,5.0,0,8.2,0.3,18.3,41.0,35.9,1.7071428571428573,8.0
2019-07-29 00:00:00,47.108600000821,-77.65259999946987,7.0,1,27.3,7.3,17.1,51.0,18.8,25.06428571428572,1.0
2018-06-15 00:00:00,51.51000000096166,-57.249999999413774,6.0,1,11.5,0.2,21.7,72.0,51.2,6.885714285714286,2.0
2022-09-01 00:00:00,45.45968800128519,-66.74079515066488,9.0,0,22.7,1.5,16.3,61.0,49.9,22.842857142857145,1.0
2022-09-20 00:00:00,54.64286448451425,-78.40504217573809,9.0,0,15.8,6.6,34.9,66.0,39.7,15.05,6.0
2022-05-06 00:00:00,45.64270000000005,-76.02460000000002,5.0,1,13.5,0.0,14.2,25.0,54.5,12.55714285714286,2.0
2019-06-06 00:00:00,48.896300000492,-72.19609999980783,6.0,1,17.3,0.0,19.9,30.0,32.6,15.471428571428572,1.0
2023-06-23 00:00:00,49.91679999972024,-79.39990000028473,6.0,1,31.1,0.0,17.4,29.0,37.9,23.99285714285714,9.0
2023-06-03 00:00:00,50.20878330407584,-59.64630096170104,6.0,0,5.2,0.0,50.2,67.0,44.3,5.864285714285715,1.0
2021-05-08 00:00:00,45.284800000832014,-72.80570000012047,5.0,1,14.5,0.0,14.3,39.0,57.0,13.87857142857143,3.0
2020-05-23 00:00:00,48.08430000114365,-78.99990000020712,5.0,1,25.6,0.0,15.2,26.0,5.1,12.785714285714288,9.0
2018-09-11 00:00:00,50.21892422970282,-60.73401438925082,9.0,0,16.9,2.5,27.2,64.0,39.6,18.392857142857142,5.0
2024-09-12 00:00:00,47.46533786026217,-60.49416535536695,9.0,0,15.7,0.0,25.1,67.0,53.1,18.59285714285713,3.0
2018-09-09 00:00:00,56.61763657680802,-59.18281354658771,9.0,0,4.9,1.3,40.9,75.0,54.6,7.750000000000001,3.0
2018-09-14 00:00:00,48.69080000095517,-64.39759999973153,9.0,1,25.1,0.0,15.8,55.0,13.9,18.7,3.0
2024-05-21 00:00:00,48.92946228574904,-78.01854456149984,5.0,0,24.5,0.1,13.6,33.0,21.9,17.807142857142857,2.0
2023-09-16 00:00:00,45.42282426107974,-66.13142373010051,9.0,0,18.6,65.4,38.7,80.0,20.6,23.22142857142858,2.0
2023-06-01 00:00:00,48.8548999998352,-76.08020000042961,6.0,1,31.5,1.1,21.4,25.0,29.6,17.928571428571427,9.0
2021-06-09 00:00:00,53.80168653291449,-71.57768227167999,6.0,0,2.5,2.6,41.3,66.0,38.1,11.257142857142856,2.0
2021-05-19 00:00:00,47.57880000075171,-79.38960000007648,5.0,1,25.4,0.0,18.4,35.0,14.3,15.114285714285714,2.0
2019-07-05 00:00:00,48.797801058898834,-61.04378356946461,7.0,0,12.0,0.0,18.6,89.0,78.5,10.278571428571428,2.0
2019-09-12 00:00:00,53.66131024869271,-65.40930537057318,9.0,0,8.0,0.4,18.1,56.0,62.8,11.19285714285714,2.0
2019-05-19 00:00:00,46.90815661395953,-65.81275997148157,5.0,0,14.9,0.0,10.7,44.0,39.7,11.578571428571426,1.0
2024-08-28 00:00:00,57.68013214435573,-78.2217242737316,8.0,0,10.2,0.0,59.4,74.0,27.4,12.85714285714286,1.0
2020-07-24 00:00:00,50.62720000075667,-63.12780000057048,7.0,1,25.6,0.2,19.6,42.0,26.7,23.55,4.0
2018-08-21 00:00:00,55.50121913279128,-78.32064267090995,8.0,0,10.1,0.0,28.5,74.0,62.8,10.242857142857144,2.0
2020-06-01 00:00:00,51.000175941078425,-74.97698051032711,6.0,0,7.7,0.0,10.3,47.0,29.2,14.292857142857144,3.0
2022-05-08 00:00:00,46.77240000000012,-79.13319999999999,5.0,1,18.4,0.0,13.9,23.0,20.5,12.914285714285716,5.0
2021-09-04 00:00:00,46.12590000103474,-75.8094999998,9.0,1,21.1,0.1,9.7,53.0,23.2,24.15,5.0
2023-06-01 00:00:00,48.5963000003448,-78.20570000035468,6.0,1,31.8,1.0,15.1,28.0,34.4,19.12142857142857,9.0
2022-08-09 00:00:00,57.741678371755896,-78.64025631408343,8.0,0,9.4,8.4,47.5,77.0,37.6,9.828571428571427,1.0
2020-07-12 00:00:00,57.67597234194946,-73.32231278652748,7.0,0,16.3,0.0,25.4,57.0,17.2,20.557142857142853,4.0
2022-07-13 00:00:00,52.398036913341976,-63.69646299767272,7.0,0,13.8,14.1,25.0,69.0,101.0,15.757142857142858,1.0
2018-07-19 00:00:00,47.58300000120076,-79.18500000010384,7.0,1,27.4,0.0,17.9,41.0,28.0,25.528571428571432,2.0
2018-06-15 00:00:00,49.17570000058417,-71.95099999936345,6.0,1,24.9,0.0,14.5,27.0,37.8,17.171428571428567,1.0
2022-05-06 00:00:00,45.650700000000086,-75.9171,5.0,1,13.5,0.0,14.2,25.0,54.5,12.55714285714286,2.0
2024-06-13 00:00:00,49.25184275689246,-74.22382865408676,6.0,0,21.8,13.5,26.7,56.0,53.5,21.20714285714286,4.0
2022-05-14 00:00:00,51.09801186469296,-74.83914701571537,5.0,0,20.1,3.4,20.9,41.0,23.2,10.621428571428572,1.0
2018-06-04 00:00:00,57.30080951794589,-58.22754128007488,6.0,0,0.8,0.1,57.8,71.0,14.7,1.2285714285714284,3.0
2022-05-01 00:00:00,45.10779999999994,-73.74079999999998,5.0,1,17.5,0.0,12.6,36.0,53.4,11.292857142857144,4.0
2020-05-13 00:00:00,50.34979479078479,-71.80662527336008,5.0,0,0.4,0.0,24.5,43.0,56.8,2.614285714285714,3.0
2022-09-19 00:00:00,47.14416727394937,-59.31400270691694,9.0,0,14.5,0.0,36.8,56.0,31.5,17.999999999999996,2.0
2024-07-14 00:00:00,50.48980000000006,-66.08639999999997,7.0,1,26.5,3.9,14.4,50.0,45.0,24.61428571428571,5.0
2019-09-23 00:00:00,53.33361243819344,-68.06812745830365,9.0,0,12.6,9.0,36.8,73.0,40.8,10.385714285714284,1.0
2019-07-28 00:00:00,54.79586739662885,-77.54354079478775,7.0,0,16.1,3.5,25.6,93.0,98.8,16.07142857142857,1.0
2019-08-07 00:00:00,47.42690000124508,-70.45360000047219,8.0,1,26.5,1.0,14.8,66.0,25.4,25.321428571428573,4.0
2023-07-21 00:00:00,49.2750774094858,-78.7285199365147,7.0,0,21.2,0.0,16.5,35.0,31.5,23.00714285714286,1.0
2018-08-25 00:00:00,49.234533072464174,-77.23908276558446,8.0,0,23.1,1.4,15.9,58.0,44.1,23.77857142857143,3.0
2022-06-23 00:00:00,51.923477781731705,-59.543247645514136,6.0,0,21.6,0.2,19.9,42.0,49.2,15.521428571428574,1.0
2020-05-13 00:00:00,46.119000000904805,-76.09039999991573,5.0,1,12.8,0.0,13.8,25.0,26.0,10.185714285714283,4.0
2023-05-07 00:00:00,48.28540000010997,-70.9885000003747,5.0,1,15.4,0.0,26.0,34.0,29.3,11.921428571428567,6.0
2022-06-06 00:00:00,47.13973625855802,-75.51435090325575,6.0,0,20.6,0.0,9.7,39.0,82.1,18.571428571428573,3.0
2020-05-22 00:00:00,46.04000000125389,-75.91950000062059,5.0,1,27.7,0.0,14.8,20.0,11.2,13.264285714285714,7.0
2024-05-10 00:00:00,49.51480000000004,-74.19119999999998,5.0,1,15.0,0.0,11.0,29.0,29.7,11.9,4.0
2020-05-15 00:00:00,52.96397481132568,-66.05378981824013,5.0,0,2.6,0.0,17.1,77.0,26.6,-0.5714285714285714,1.0
2021-05-16 00:00:00,57.69880819833588,-63.15473827772784,5.0,0,3.6,0.9,19.1,77.0,79.3,0.1714285714285714,2.0
2022-09-12 00:00:00,48.22410000000008,-76.18180000000001,9.0,1,19.8,1.1,7.0,75.0,36.8,21.185714285714283,1.0
2021-05-14 00:00:00,50.98960000084929,-78.68420000044976,5.0,1,21.8,0.4,13.4,32.0,19.6,9.678571428571429,7.0
2021-06-04 00:00:00,52.93496165164292,-60.30034834101566,6.0,0,20.3,5.4,21.2,51.0,43.8,10.028571428571428,6.0
2020-06-17 00:00:00,47.78930000128816,-72.1742000005273,6.0,1,28.9,0.0,17.4,26.0,17.2,17.907142857142855,5.0
2018-07-02 00:00:00,46.285400001206085,-75.80979999970376,7.0,1,31.1,6.9,19.6,60.0,60.7,22.65,1.0
2021-07-05 00:00:00,52.56120000067982,-76.22040000026863,7.0,1,28.4,11.7,21.4,52.0,68.0,19.36428571428572,6.0
2020-08-15 00:00:00,50.63175491695296,-79.12110763807021,8.0,0,28.9,0.0,22.0,29.0,37.6,23.842857142857145,5.0
2018-06-22 00:00:00,46.044800000486894,-74.08210000013501,6.0,1,22.1,0.0,10.9,40.0,31.1,21.285714285714285,2.0
2020-06-18 00:00:00,48.77960000066613,-65.07060000064358,6.0,1,33.3,0.0,27.0,24.0,22.0,18.17142857142857,7.0
2018-05-30 00:00:00,46.45440000132688,-71.69020000003434,5.0,1,26.9,0.0,13.6,24.0,27.8,20.11428571428571,2.0
2019-07-08 00:00:00,49.71420000061439,-69.52270000000844,7.0,1,21.3,0.1,30.5,33.0,30.1,21.77142857142857,6.0
2021-08-30 00:00:00,48.10690000071961,-77.77420000043308,8.0,1,22.5,1.4,28.8,46.0,20.9,25.871428571428567,1.0
2022-05-02 00:00:00,52.93743865401088,-59.3027906229043,5.0,0,0.4,0.0,19.2,80.0,71.1,0.757142857142857,1.0
2019-05-04 00:00:00,49.31591297651334,-65.41054465061738,5.0,0,8.1,0.0,17.8,59.0,30.2,4.742857142857143,7.0
2020-05-23 00:00:00,49.412600000769146,-72.35270000003129,5.0,1,13.1,0.0,14.3,28.0,2.4,9.4,13.0
2021-05-28 00:00:00,48.07910000097252,-77.91469999963975,5.0,1,12.2,0.0,13.2,29.0,29.9,20.5,3.0
2023-05-29 00:00:00,46.94340000030979,-71.37939999991005,5.0,1,18.1,0.0,19.4,35.0,30.5,17.235714285714284,5.0
2021-05-29 00:00:00,46.2581000009829,-74.05839999959936,5.0,1,14.8,0.0,11.0,25.0,10.9,21.00714285714286,3.0
2023-06-01 00:00:00,50.16670000000505,-73.47330000039466,6.0,1,26.4,1.0,18.6,42.0,21.1,15.935714285714283,9.0
2021-06-14 00:00:00,47.98240000127679,-76.48929999950174,6.0,1,20.6,14.4,16.3,61.0,7.9,22.764285714285712,9.0
2019-08-28 00:00:00,48.25480000091832,-70.73660000052206,8.0,1,26.6,12.5,17.8,44.0,29.5,22.52857142857143,5.0
2020-06-17 00:00:00,46.4815000012847,-72.81630000009342,6.0,1,31.1,0.0,16.9,27.0,12.3,22.12142857142857,6.0
2022-09-03 00:00:00,53.86707121394761,-78.48779440821905,9.0,0,14.5,3.0,39.7,69.0,84.9,16.442857142857143,1.0
2019-08-07 00:00:00,46.45330000059659,-72.73140000058869,8.0,1,24.8,5.4,12.4,71.0,23.6,26.35,4.0
2022-09-05 00:00:00,48.232600000000105,-68.08469999999994,9.0,1,17.5,0.0,9.1,51.0,22.3,20.221428571428568,5.0
2022-05-13 00:00:00,50.330402674151095,-57.47737112850011,5.0,0,8.8,0.0,10.4,60.0,44.1,6.007142857142858,1.0
2018-06-28 00:00:00,49.67870000070548,-78.58790000014153,6.0,1,25.8,3.3,18.1,41.0,35.4,21.9,5.0
2023-08-24 00:00:00,54.35535413726759,-79.00681164332968,8.0,0,19.7,0.4,23.8,61.0,40.9,18.757142857142856,1.0
2018-05-30 00:00:00,46.427700000627134,-71.7308999998511,5.0,1,26.9,0.0,13.6,24.0,27.8,20.11428571428571,2.0
2024-07-14 00:00:00,48.0250164041734,-71.98505350823704,7.0,0,28.1,2.6,16.5,51.0,46.1,23.457142857142856,3.0
2024-08-02 00:00:00,45.48995683550898,-62.64202497897574,8.0,0,27.2,1.5,11.6,55.0,12.4,25.292857142857144,3.0
2024-05-12 00:00:00,48.10200000000003,-77.82309999999997,5.0,1,17.3,0.2,16.0,43.0,34.3,14.428571428571429,7.0
2020-07-15 00:00:00,55.37338259128883,-65.6276122590728,7.0,0,21.6,0.0,15.3,39.0,47.7,18.414285714285715,3.0
2019-07-04 00:00:00,57.05796112945976,-70.5363295026641,7.0,0,18.8,1.5,19.9,59.0,31.8,17.385714285714286,2.0
2018-09-02 00:00:00,51.62771844505358,-59.53753521197898,9.0,0,20.5,2.4,18.6,68.0,27.0,19.807142857142857,3.0
2019-06-12 00:00:00,53.780417613069005,-65.00536854778582,6.0,0,10.3,15.0,44.8,76.0,56.2,5.364285714285714,5.0
2024-06-02 00:00:00,48.02300000000008,-66.67859999999996,6.0,1,25.5,0.0,13.4,27.0,37.6,18.971428571428568,5.0
2022-05-20 00:00:00,57.59869355055785,-63.5066784687163,5.0,0,3.5,0.0,20.5,75.0,13.4,-0.5357142857142858,2.0
2023-05-28 00:00:00,48.60659999959034,-71.03169999965525,5.0,1,21.7,0.0,28.9,33.0,47.8,14.485714285714286,4.0
2024-08-04 00:00:00,49.56330000000003,-70.86399999999998,8.0,1,21.1,0.3,16.3,47.0,35.9,23.85,1.0
2024-06-06 00:00:00,53.5725927395201,-69.97264465295235,6.0,0,26.8,0.1,13.8,35.0,47.8,14.62857142857143,7.0
2022-07-18 00:00:00,48.98700000000002,-77.03909999999996,7.0,1,29.7,0.0,16.0,37.0,69.39999999999999,20.95714285714286,2.0
2019-07-07 00:00:00,47.058474942152,-76.29660349725293,7.0,0,22.3,0.0,11.2,32.0,30.6,25.035714285714285,1.0
2020-05-13 00:00:00,47.969995626097,-61.58042656989487,5.0,0,3.0,0.2,54.4,64.0,67.8,3.242857142857143,1.0
2024-05-17 00:00:00,48.72990000000004,-77.39879999999992,5.0,1,21.5,3.9,20.2,52.0,21.9,15.842857142857142,4.0
2020-08-18 00:00:00,55.820496996640514,-72.51300563692584,8.0,0,14.6,26.1,32.5,84.0,37.6,20.907142857142865,6.0
2019-06-09 00:00:00,49.14600000049216,-75.36959999987768,6.0,1,29.5,0.0,14.3,23.0,40.8,12.071428571428571,6.0
2024-07-18 00:00:00,54.578992693020574,-73.26225391793304,7.0,0,19.7,0.2,20.7,53.0,39.3,18.285714285714285,3.0
2019-07-28 00:00:00,51.25610000088879,-66.84839999944832,7.0,1,23.7,7.9,19.6,52.0,49.7,19.978571428571428,5.0
2021-08-26 00:00:00,46.08383723748578,-72.58665094058313,8.0,0,31.3,3.0,20.5,39.0,8.7,28.92142857142857,12.0
2018-08-04 00:00:00,47.38270000052985,-75.34779999964368,8.0,1,23.7,6.8,11.7,74.0,88.3,24.07857142857143,1.0
2024-07-09 00:00:00,56.84670202407441,-70.37282913480684,7.0,0,14.2,0.1,27.9,60.0,59.0,14.092857142857143,1.0
2024-06-03 00:00:00,54.9784789757414,-61.20227457260442,6.0,0,20.9,9.0,14.9,61.0,79.0,7.699999999999998,4.0
2018-05-13 00:00:00,48.61500000067617,-71.74469999981346,5.0,1,16.4,0.0,25.7,35.0,37.5,11.478571428571428,3.0
2020-07-10 00:00:00,50.716140972900334,-61.75000759139371,7.0,0,25.7,0.0,13.9,47.0,29.9,21.464285714285715,1.0
2023-06-01 00:00:00,46.82760000033977,-76.98669999980513,6.0,1,30.3,0.1,12.8,35.0,25.2,19.74285714285714,8.0
2018-07-05 00:00:00,46.77460000055312,-77.92949999964965,7.0,1,30.6,0.8,22.8,43.0,30.2,25.378571428571423,3.0
2020-06-22 00:00:00,48.8518000011636,-70.39720000005026,6.0,1,27.3,0.0,16.6,46.0,16.0,20.728571428571428,2.0
2022-05-08 00:00:00,57.491341460679166,-66.37298408879536,5.0,0,1.4,0.0,19.8,74.0,36.2,-2.564285714285714,3.0
2021-05-29 00:00:00,48.0891000012577,-65.25070000047562,5.0,1,11.4,0.0,12.3,47.0,32.2,16.77142857142857,3.0
2021-07-25 00:00:00,54.59109868218296,-78.15251170526975,7.0,0,16.2,0.0,22.4,61.0,8.3,20.685714285714287,1.0
2019-08-28 00:00:00,55.73466092095363,-63.466107177756506,8.0,0,20.3,0.0,19.4,60.0,54.8,15.242857142857144,6.0
2024-06-06 00:00:00,45.35154522670319,-63.79685518590761,6.0,0,21.2,0.0,11.8,59.0,33.6,18.685714285714283,4.0
2024-08-03 00:00:00,48.84210000000007,-72.76259999999996,8.0,1,28.2,0.6,14.0,48.0,51.3,25.357142857142858,3.0
2024-07-16 00:00:00,47.670729132878506,-76.90244015691289,7.0,0,24.2,7.6,16.1,68.0,32.4,24.892857142857142,1.0
2019-06-28 00:00:00,52.96561748523082,-67.11261190575156,6.0,0,15.9,2.4,11.6,76.0,41.0,13.292857142857144,5.0
2019-05-05 00:00:00,45.89420000072698,-76.42130000044767,5.0,1,18.4,0.0,12.8,34.0,54.3,10.485714285714284,2.0
2022-05-14 00:00:00,48.011300000000006,-66.73969999999997,5.0,1,23.3,0.0,16.2,26.0,6.4,14.871428571428572,10.0
2024-06-19 00:00:00,49.30570000000006,-68.29389999999997,6.0,1,30.8,0.0,18.4,57.0,27.1,21.057142857142857,1.0
2018-06-26 00:00:00,47.94330000125144,-72.2203999995571,6.0,1,22.2,0.0,17.9,33.0,73.3,19.935714285714287,8.0
2023-06-01 00:00:00,46.93690000003505,-72.76170000015486,6.0,1,31.4,0.9,17.0,31.0,33.1,20.607142857142858,8.0
2023-08-09 00:00:00,51.46280000011996,-78.65470000010487,8.0,1,25.2,4.8,16.8,57.0,15.9,20.057142857142853,1.0
2024-06-19 00:00:00,51.91660000000008,-62.03609999999998,6.0,1,29.8,0.1,18.4,47.0,13.7,20.485714285714288,2.0
2021-05-18 00:00:00,46.36880000105004,-71.53729999971951,5.0,1,21.9,0.4,16.1,23.0,38.4,15.578571428571433,4.0
2024-05-17 00:00:00,48.54972553548112,-74.95086969320504,5.0,0,21.5,10.7,21.3,48.0,27.8,13.55,3.0
2020-07-06 00:00:00,56.76493335505413,-65.0900429895768,7.0,0,17.0,0.9,22.2,59.0,18.3,15.771428571428572,5.0
2018-08-22 00:00:00,48.86170000054986,-67.18320000051015,8.0,1,18.5,10.5,26.9,70.0,24.9,21.107142857142858,4.0
2021-06-24 00:00:00,57.247232537962425,-74.52881230278457,6.0,0,10.6,6.7,44.3,66.0,59.4,11.257142857142856,2.0
2018-07-10 00:00:00,58.49631023030582,-70.81685710004467,7.0,0,7.7,1.7,21.1,77.0,50.8,10.828571428571426,2.0
2019-05-27 00:00:00,57.50585691872182,-66.0499794976993,5.0,0,6.2,5.9,30.9,71.0,5.6,8.4,13.0
2022-08-08 00:00:00,52.68037717665729,-63.82483532576149,8.0,0,14.5,0.6,21.4,49.0,98.7,18.492857142857144,1.0
2020-07-18 00:00:00,48.578988741040064,-57.63910575923795,7.0,0,22.4,0.0,12.8,39.0,14.2,19.992857142857144,5.0
2021-07-15 00:00:00,58.680283943408895,-78.47896964545721,7.0,0,7.3,0.2,22.7,79.0,24.8,10.428571428571429,7.0
2023-06-17 00:00:00,56.91309776505986,-62.96601598608348,6.0,0,4.3,0.8,12.1,76.0,12.7,7.578571428571429,1.0
2023-05-08 00:00:00,45.75700000034976,-71.89390000028476,5.0,1,13.4,0.0,24.3,27.0,53.9,14.092857142857143,4.0
2021-06-21 00:00:00,45.47700000057856,-72.17600000011157,6.0,1,29.7,14.4,21.7,54.0,46.6,23.785714285714285,2.0
2020-09-28 00:00:00,54.686412754347735,-66.84215129097835,9.0,0,13.7,8.0,30.2,72.0,53.3,7.035714285714287,1.0
2020-07-16 00:00:00,54.301591750217966,-63.34987850514133,7.0,0,21.5,0.0,23.0,52.0,75.0,18.264285714285712,3.0
2023-05-07 00:00:00,46.82220000042975,-75.62220000022978,5.0,1,17.1,0.0,20.1,30.0,82.9,11.12142857142857,4.0
2018-05-15 00:00:00,48.490700001325706,-77.68329999970165,5.0,1,6.9,0.0,21.4,32.0,29.8,13.085714285714287,5.0
2019-05-12 00:00:00,57.76104395919291,-60.35339046620376,5.0,0,1.7,0.0,19.4,91.0,13.7,0.7214285714285714,5.0
2020-05-14 00:00:00,46.00990000133995,-74.18520000020972,5.0,1,15.0,0.1,12.3,23.0,33.0,9.45,7.0
2024-06-07 00:00:00,48.58490000000006,-67.41319999999997,6.0,1,23.0,0.3,14.3,47.0,25.4,16.807142857142857,1.0
2023-07-16 00:00:00,46.731903595956,-67.1918554631925,7.0,0,20.9,13.4,25.1,90.0,75.8,25.02142857142857,1.0
2018-05-14 00:00:00,45.8986000007622,-74.94099999966171,5.0,1,22.4,0.0,17.6,32.0,30.2,16.9,4.0
2022-09-20 00:00:00,57.24157709765552,-65.1441870165793,9.0,0,14.2,0.0,14.8,51.0,81.3,12.492857142857144,2.0
2024-06-18 00:00:00,58.65141600661799,-76.3453307689274,6.0,0,13.5,0.5,41.4,61.0,19.8,12.307142857142855,1.0
2020-06-11 00:00:00,48.45530000105435,-72.33160000062912,6.0,1,26.2,0.2,35.8,36.0,46.4,16.857142857142858,1.0
2019-07-17 00:00:00,46.15862133053794,-74.41000374862745,7.0,0,24.7,0.5,14.8,46.0,41.1,24.471428571428568,1.0
2021-05-24 00:00:00,50.24110000066525,-66.38739999962839,5.0,1,8.9,0.0,29.5,41.0,29.9,11.835714285714287,1.0
2020-05-12 00:00:00,46.49320000080815,-73.11989999934752,5.0,1,7.5,0.0,20.1,22.0,38.7,10.428571428571429,5.0
2018-06-05 00:00:00,49.14630000081288,-68.18119999939168,6.0,1,9.2,2.9,19.4,68.0,26.0,13.392857142857142,4.0
2019-07-26 00:00:00,45.53103879011814,-71.82203109583902,7.0,0,28.1,0.0,9.4,39.0,47.3,24.90714285714285,5.0
2019-07-25 00:00:00,48.63206060947611,-76.47408400589521,7.0,0,22.2,0.1,12.4,41.0,42.7,22.29285714285714,4.0
2023-09-22 00:00:00,48.14669999990514,-77.44749999962522,9.0,1,22.8,4.1,13.8,59.0,64.0,17.52857142857143,5.0
2022-09-25 00:00:00,49.61665147554257,-65.31821567976053,9.0,0,11.7,0.0,47.6,69.0,85.0,12.335714285714287,1.0
2024-07-25 00:00:00,51.10226238056086,-75.80639174618734,7.0,0,23.0,0.9,23.2,37.0,76.9,20.714285714285715,4.0
2019-07-31 00:00:00,49.98080000061165,-70.59619999991534,7.0,1,22.4,0.0,20.7,41.0,50.4,21.278571428571432,1.0
2022-07-12 00:00:00,58.46656731077135,-75.69623442271734,7.0,0,18.2,0.1,20.7,46.0,37.6,12.65,3.0
2023-06-01 00:00:00,48.817000000349765,-76.27389999998496,6.0,1,31.9,1.3,15.6,26.0,32.0,17.942857142857143,9.0
2023-06-01 00:00:00,48.51299999995007,-76.04810000041465,6.0,1,31.3,2.7,14.4,27.0,34.5,18.221428571428568,8.0
2020-06-19 00:00:00,50.16150000076467,-66.52260000040654,6.0,1,21.4,0.0,14.7,68.0,24.4,19.164285714285715,7.0
2024-09-21 00:00:00,45.06210000000004,-72.29869999999994,9.0,1,17.0,0.0,10.1,58.0,13.4,19.514285714285712,13.0
2018-09-07 00:00:00,49.678300818344304,-62.77293383762796,9.0,0,18.7,0.0,20.5,36.0,29.2,22.1,1.0
2018-06-28 00:00:00,49.05110000064482,-75.6765999994325,6.0,1,26.8,0.6,17.1,39.0,17.3,21.178571428571427,4.0
2021-08-15 00:00:00,48.0303000013237,-77.28329999943944,8.0,1,21.4,0.0,13.5,46.0,29.6,23.307142857142857,3.0
2022-05-09 00:00:00,46.302599999999984,-74.8098,5.0,1,20.4,0.0,12.7,19.0,40.4,12.828571428571433,5.0
2020-05-14 00:00:00,46.21190000069843,-72.32969999967067,5.0,1,16.6,0.0,11.5,23.0,30.7,11.514285714285714,6.0
2020-09-22 00:00:00,45.7455441682153,-70.53450187883627,9.0,0,14.6,0.0,14.0,45.0,8.5,16.53571428571429,8.0
2020-07-22 00:00:00,52.11988481514651,-60.57288751240576,7.0,0,20.1,0.1,20.5,42.0,51.0,22.47857142857143,2.0
2021-06-18 00:00:00,48.472226107479344,-77.96022533625627,6.0,0,26.7,3.5,21.5,39.0,9.8,22.342857142857145,4.0
2021-09-07 00:00:00,51.85067405334741,-62.8308166083314,9.0,0,12.2,18.8,15.6,94.0,52.6,14.650000000000002,1.0
2024-08-13 00:00:00,48.48030000000005,-64.75679999999994,8.0,1,21.6,9.8,13.0,63.0,42.5,24.25,1.0
2024-06-15 00:00:00,45.90438237439746,-78.61687748886702,6.0,0,17.6,0.0,12.5,43.0,14.7,21.08571428571429,2.0
2024-07-08 00:00:00,50.80710000000005,-71.33489999999995,7.0,1,27.2,1.0,15.2,39.0,45.7,20.992857142857144,4.0
2018-07-21 00:00:00,45.25430000072946,-73.54770000004801,7.0,1,30.5,0.0,17.0,31.0,20.1,28.942857142857143,4.0
2023-06-26 00:00:00,54.47204136930378,-59.72370411686668,6.0,0,22.5,0.0,17.3,36.0,27.0,14.9,2.0
2024-07-30 00:00:00,51.73990000000003,-74.95739999999995,7.0,1,30.0,7.5,17.8,38.0,35.5,20.885714285714283,8.0
2021-06-11 00:00:00,48.59692392624853,-75.27506631863885,6.0,0,19.3,0.0,12.7,30.0,11.1,19.81428571428572,6.0
2022-08-12 00:00:00,51.402357748989154,-59.0448615440993,8.0,0,21.3,3.1,15.7,67.0,32.6,22.40000000000001,5.0
2022-06-02 00:00:00,46.00248441212861,-69.14906312255309,6.0,0,20.0,0.0,13.6,31.0,67.5,18.357142857142858,2.0
2020-09-27 00:00:00,48.57350000056514,-65.76179999963543,9.0,1,19.3,0.0,21.0,70.0,20.3,12.892857142857142,4.0
2019-09-04 00:00:00,49.37948619585215,-58.241330264053,9.0,0,18.9,0.3,20.5,55.0,57.8,19.464285714285715,1.0
2019-05-02 00:00:00,53.12432869883689,-59.6922102686811,5.0,0,-0.7,8.3,24.8,76.0,69.39999999999999,2.921428571428572,1.0
2021-06-09 00:00:00,47.3494000009181,-71.02929999945552,6.0,1,16.8,0.0,18.8,38.0,42.2,16.057142857142857,4.0
2021-09-10 00:00:00,56.927479209628,-70.4417411173848,9.0,0,11.2,1.5,20.4,84.0,39.1,14.264285714285714,1.0
2023-05-14 00:00:00,45.94860000018991,-74.56110000036466,5.0,1,14.4,0.0,19.3,31.0,59.2,15.135714285714286,11.0
2022-07-21 00:00:00,46.46292504163077,-75.24299577007599,7.0,0,24.7,9.7,23.7,60.0,30.5,23.47142857142857,1.0
2022-06-20 00:00:00,49.11860000000013,-72.83550000000002,6.0,1,21.4,0.0,13.7,37.0,92.4,19.692857142857143,2.0
2022-07-18 00:00:00,57.74402165530334,-65.62615488862814,7.0,0,19.6,1.0,10.4,53.0,31.4,13.335714285714284,7.0
2021-07-18 00:00:00,51.88967956225095,-78.97640920612334,7.0,0,10.0,0.0,21.1,74.0,25.7,21.971428571428568,4.0
2018-05-31 00:00:00,49.67530000074901,-68.29510000062365,5.0,1,25.2,0.0,15.9,37.0,15.7,12.17857142857143,2.0
2024-08-22 00:00:00,48.27810000000005,-78.42059999999996,8.0,1,21.3,0.0,10.9,43.0,26.8,22.31428571428572,4.0
2018-06-02 00:00:00,48.26180000138702,-70.65659999962503,6.0,1,18.9,0.0,14.1,26.0,52.9,18.392857142857142,1.0
2024-07-08 00:00:00,53.95090000000004,-70.07729999999998,7.0,1,23.6,8.7,42.6,52.0,45.6,16.857142857142858,1.0
2024-05-13 00:00:00,57.34898009315068,-77.97786192178953,5.0,0,2.6,6.3,40.6,85.0,22.7,1.2714285714285716,7.0
2023-08-09 00:00:00,52.43839793673315,-64.723459787515,8.0,0,13.2,26.2,20.4,81.0,93.1,18.071428571428573,3.0
2022-07-14 00:00:00,46.42949782744701,-67.98424191392458,7.0,0,24.5,18.1,13.2,52.0,53.2,23.56428571428572,2.0
2018-06-07 00:00:00,47.146416614199936,-74.5779755916875,6.0,0,17.0,4.2,21.2,56.0,61.1,20.678571428571423,2.0
2023-06-01 00:00:00,49.188700000304834,-72.08139999991005,6.0,1,29.8,2.3,14.7,37.0,33.1,18.26428571428572,8.0
2024-06-06 00:00:00,50.26410000000004,-73.44539999999996,6.0,1,27.8,0.0,22.2,28.0,39.3,19.207142857142856,9.0
2020-07-13 00:00:00,45.16198635841187,-70.08501230080296,7.0,0,25.7,4.3,14.0,60.0,115.0,23.97857142857143,1.0
2021-07-27 00:00:00,58.365251990032775,-67.84586245344254,7.0,0,11.2,0.0,18.3,70.0,32.2,17.214285714285715,1.0
2022-06-25 00:00:00,46.67924462885455,-73.4811318750181,6.0,0,25.5,0.0,15.5,39.0,95.8,19.81428571428572,2.0
2021-08-24 00:00:00,45.75720000098622,-74.4795000002881,8.0,1,28.5,0.0,14.8,42.0,33.1,26.0,3.0
2021-05-12 00:00:00,56.48903812924343,-59.15492692887698,5.0,0,1.3,0.0,36.1,84.0,37.7,1.5285714285714285,2.0
2023-06-01 00:00:00,47.52769999995508,-72.71030000044465,6.0,1,29.0,2.0,18.4,38.0,40.5,19.785714285714285,8.0
2018-05-13 00:00:00,47.4534000009102,-69.16070000063968,5.0,1,17.6,0.0,14.0,26.0,44.2,13.892857142857142,2.0
2023-09-12 00:00:00,54.93553273886049,-59.577832241279005,9.0,0,13.6,2.9,12.1,59.0,41.8,16.014285714285712,3.0
2022-08-13 00:00:00,46.32944135948352,-59.0131789119974,8.0,0,19.4,1.8,18.0,92.0,36.6,20.228571428571428,1.0
2023-09-23 00:00:00,55.88123986781324,-67.69173919744547,9.0,0,12.7,5.9,24.7,49.0,32.6,10.164285714285716,1.0
2018-07-07 00:00:00,51.55860000081579,-79.42329999968432,7.0,1,27.9,0.0,26.2,39.0,24.9,20.028571428571432,1.0
2018-07-04 00:00:00,49.897692422391785,-60.02380671976518,7.0,0,13.6,0.0,34.4,60.0,48.8,10.20714285714286,3.0
2019-08-01 00:00:00,52.5632349570717,-78.7528326607088,8.0,0,15.8,0.0,11.3,66.0,85.6,16.407142857142862,1.0
2024-05-11 00:00:00,52.09060107293045,-71.54165950656524,5.0,0,9.2,0.0,15.3,52.0,29.4,2.900000000000001,4.0
2018-07-15 00:00:00,46.085700000606586,-73.63840000000435,7.0,1,29.7,1.6,11.5,32.0,6.2,28.635714285714283,1.0
2023-05-27 00:00:00,49.67749999992509,-74.38139999981013,5.0,1,26.8,6.4,21.4,32.0,18.4,11.1,4.0
2022-07-03 00:00:00,54.18446131627556,-68.03499678309154,7.0,0,8.3,10.9,42.6,82.0,76.1,14.607142857142858,1.0
2023-05-18 00:00:00,48.7773999998102,-78.5688000003197,5.0,1,14.0,0.0,15.3,24.0,7.5,14.707142857142856,2.0
2023-05-28 00:00:00,45.22610000001504,-72.34460000018981,5.0,1,28.0,0.0,19.8,19.0,23.2,17.15,4.0
2023-09-07 00:00:00,52.13691236975765,-62.61836787200392,9.0,0,16.4,2.1,20.6,74.0,60.7,18.15,4.0
2019-07-28 00:00:00,49.12750000063003,-65.23520000040388,7.0,1,27.7,0.5,18.1,43.0,32.1,22.27857142857143,7.0
2021-09-02 00:00:00,53.868450494736535,-64.39239424937344,9.0,0,10.0,0.0,19.7,60.0,97.9,16.32857142857143,1.0
2022-05-09 00:00:00,45.985000000000014,-73.92849999999993,5.0,1,19.4,0.0,14.0,23.0,11.5,14.092857142857142,5.0
2023-08-21 00:00:00,45.64905624934987,-68.03599761220946,8.0,0,24.2,0.8,14.1,53.0,81.39999999999999,22.86428571428571,1.0
2020-07-27 00:00:00,48.39360000068506,-68.41869999961459,7.0,1,25.9,1.4,8.7,70.0,38.2,23.535714285714285,1.0
2020-05-09 00:00:00,46.02600000079168,-74.58499999957424,5.0,1,4.1,0.4,23.8,36.0,22.3,11.6,2.0
2018-07-05 00:00:00,51.60860000091927,-75.22830000058725,7.0,1,29.3,17.6,29.5,52.0,20.8,20.37142857142857,2.0
2020-06-05 00:00:00,53.57137464563064,-74.60342045641377,6.0,0,5.7,1.1,17.5,75.0,68.7,9.492857142857142,1.0
2024-05-12 00:00:00,47.49390000000005,-79.31359999999995,5.0,1,18.4,0.0,20.0,36.0,42.4,15.685714285714283,1.0
2022-09-05 00:00:00,48.3578120755724,-72.8055595804694,9.0,0,17.9,0.0,9.4,53.0,34.3,19.87857142857143,2.0
2018-07-04 00:00:00,56.15720347286559,-77.89006179003361,7.0,0,4.8,0.0,19.8,80.0,53.1,3.9,2.0
2024-07-08 00:00:00,52.96610000000003,-67.27949999999998,7.0,1,25.1,1.8,33.9,41.0,58.5,17.285714285714285,1.0
2019-09-14 00:00:00,53.48917080380634,-78.8614736042485,9.0,0,12.9,14.2,19.3,80.0,16.7,10.6,5.0
2018-07-26 00:00:00,51.91250000129463,-75.51779999965954,7.0,1,26.1,6.4,10.6,43.0,52.7,24.22857142857143,1.0
2022-06-09 00:00:00,52.53339833151904,-73.76520085326712,6.0,0,18.3,0.0,12.2,37.0,33.4,14.978571428571428,1.0
2018-06-25 00:00:00,49.842485812385824,-62.48422162607562,6.0,0,9.6,0.0,21.2,64.0,57.8,11.035714285714286,1.0
2024-07-09 00:00:00,52.61029054948732,-59.11298813901989,7.0,0,28.0,5.5,23.8,38.0,49.1,20.52142857142857,4.0
2023-06-01 00:00:00,50.45289999973528,-74.13109999996499,6.0,1,26.9,1.2,19.0,40.0,22.8,15.771428571428574,9.0
2021-08-22 00:00:00,45.42333144597911,-77.54455666215833,8.0,0,28.4,2.0,10.3,64.0,22.6,26.33571428571428,5.0
2018-07-13 00:00:00,46.59610000124122,-70.38919999937326,7.0,1,21.9,0.0,10.8,38.0,42.9,22.5,3.0
2019-05-27 00:00:00,49.59710714697786,-59.27940555449463,5.0,0,6.5,2.5,29.1,77.0,12.7,4.757142857142857,10.0
2022-09-23 00:00:00,48.39736777328984,-79.30160656808863,9.0,0,13.2,0.0,19.1,49.0,77.60000000000001,16.499999999999996,1.0
2022-06-07 00:00:00,58.55310000000003,-64.64940000000001,6.0,1,10.2,0.0,4.4,20.0,15.1,4.871428571428572,12.0
2023-05-01 00:00:00,58.16658174745673,-57.40939851168275,5.0,0,3.0,0.0,17.6,74.0,7.9,2.571428571428572,11.0
2023-06-15 00:00:00,47.42606506562331,-71.10235323070624,6.0,0,17.1,13.0,10.2,61.0,39.7,14.671428571428573,1.0
2018-07-02 00:00:00,49.44430000094626,-72.25669999979243,7.0,1,33.2,4.8,25.0,43.0,9.4,23.28571428571428,2.0
2020-08-24 00:00:00,53.460735898872514,-77.9646018071255,8.0,0,14.3,6.0,17.6,67.0,17.0,19.057142857142857,4.0
2024-05-16 00:00:00,45.06385094316575,-71.80953436409368,5.0,0,19.7,2.0,9.2,54.0,83.2,15.307142857142852,1.0
2020-07-26 00:00:00,45.01540000060714,-72.62780000047754,7.0,1,30.7,0.9,21.3,47.0,61.2,25.300000000000004,3.0
2018-08-27 00:00:00,53.312666505212825,-77.79010075851832,8.0,0,20.3,11.8,20.1,58.0,38.2,16.67142857142857,1.0
2018-05-04 00:00:00,57.558798113521526,-69.04994131076516,5.0,0,2.1,0.0,21.6,62.0,12.6,-1.85,4.0
2022-06-10 00:00:00,46.176931893947895,-57.343942246634754,6.0,0,12.4,77.6,52.5,90.0,60.3,8.1,1.0
2022-08-04 00:00:00,53.36597978726199,-76.64415300998935,8.0,0,16.2,0.8,24.1,51.0,66.0,18.657142857142865,1.0
2019-09-21 00:00:00,56.58353907039361,-76.73513548778787,9.0,0,14.5,8.6,27.6,72.0,24.5,11.321428571428571,1.0
2022-08-19 00:00:00,50.2778001859494,-78.14528975264173,8.0,0,26.0,2.1,13.8,50.0,25.1,22.207142857142856,5.0
2020-06-20 00:00:00,45.802900000792285,-74.34920000035686,6.0,1,30.1,0.0,12.1,36.0,30.6,21.81428571428572,9.0
2021-09-04 00:00:00,47.75400000132762,-69.95350000066621,9.0,1,18.3,0.0,20.9,43.0,9.9,23.4,1.0
2020-08-02 00:00:00,47.2158158153942,-68.69900219127308,8.0,0,26.5,0.7,16.3,44.0,41.4,24.4,3.0
2021-05-25 00:00:00,51.03076478065999,-72.83516839015411,5.0,0,15.5,10.7,20.4,50.0,36.2,13.44285714285714,2.0
2018-05-08 00:00:00,45.03970000099703,-71.58560000021119,5.0,1,19.0,0.0,12.9,30.0,67.1,14.921428571428573,4.0
2024-06-05 00:00:00,50.417800000000064,-69.29189999999994,6.0,1,26.4,0.2,10.0,34.0,28.6,16.971428571428568,7.0
2020-09-28 00:00:00,45.67210000116028,-75.52209999962984,9.0,1,24.3,0.9,16.4,62.0,3.2,17.35,12.0
2021-06-21 00:00:00,53.78954720627263,-66.2878250099025,6.0,0,21.0,1.3,31.8,57.0,47.3,12.271428571428572,2.0
2018-06-24 00:00:00,55.885864626287706,-66.13549765418855,6.0,0,6.4,0.0,15.3,50.0,41.8,6.957142857142857,1.0
2020-05-09 00:00:00,49.506952121974535,-63.39242791118347,5.0,0,6.7,0.2,15.3,42.0,57.8,5.878571428571429,3.0
2024-05-21 00:00:00,53.9524816820194,-71.93293137281901,5.0,0,6.7,1.7,22.7,76.0,38.5,7.65,1.0
2020-08-25 00:00:00,48.15260000097971,-66.82119999991943,8.0,1,19.2,16.6,21.9,66.0,45.1,20.485714285714288,2.0
2018-08-23 00:00:00,52.82669439030053,-65.54733469740296,8.0,0,17.3,42.4,31.6,75.0,65.3,17.535714285714285,1.0
2018-05-22 00:00:00,48.15538617397897,-62.79048695828912,5.0,0,10.4,0.0,54.6,57.0,19.2,6.414285714285713,2.0
2023-06-21 00:00:00,52.34223679297818,-64.6535858964806,6.0,0,26.0,0.0,23.3,37.0,31.2,13.62142857142857,5.0
2020-06-17 00:00:00,46.00090000119179,-75.79600000007287,6.0,1,27.7,0.0,13.3,33.0,28.1,20.14285714285714,6.0
2022-05-07 00:00:00,54.13962759303766,-67.89547352268168,5.0,0,-3.2,0.0,21.6,75.0,28.3,-2.085714285714286,2.0
2023-09-19 00:00:00,54.1267896510311,-76.40413874345279,9.0,0,12.7,0.0,11.4,60.0,15.3,15.607142857142858,3.0
2023-06-11 00:00:00,49.36579999967029,-74.97100000014984,6.0,1,21.6,0.0,11.8,45.0,12.3,21.807142857142857,1.0
2023-06-01 00:00:00,48.04680000021989,-76.03889999973518,6.0,1,30.9,1.7,13.3,29.0,36.1,17.992857142857144,8.0
2018-05-25 00:00:00,48.21190000116277,-76.76910000070517,5.0,1,26.7,5.5,16.3,48.0,17.099999999999998,15.65,6.0
2022-05-12 00:00:00,45.957,-73.72929999999997,5.0,1,28.3,0.0,14.1,22.0,5.1,16.67142857142857,8.0
2022-08-15 00:00:00,49.18720000000013,-68.23829999999992,8.0,1,24.9,0.7,14.3,48.0,15.3,21.77142857142857,7.0
2023-08-25 00:00:00,51.78446531418237,-72.7397510726942,8.0,0,15.7,22.9,14.8,76.0,90.8,17.307142857142857,1.0
2018-06-27 00:00:00,49.21724861191485,-73.73190844611142,6.0,0,27.4,0.0,14.9,28.0,19.0,20.14285714285714,3.0
2018-07-19 00:00:00,47.24450000059264,-70.23779999954182,7.0,1,25.2,0.0,26.5,38.0,22.9,25.1,2.0
2024-07-08 00:00:00,50.07070000000005,-68.65809999999993,7.0,1,28.5,0.0,11.6,36.0,63.6,21.821428571428573,4.0
2021-05-10 00:00:00,47.48598974030109,-74.67189029801659,5.0,0,12.8,3.5,11.9,45.0,17.7,10.221428571428572,1.0
2021-08-26 00:00:00,46.358500001347295,-73.60599999982712,8.0,1,28.0,1.6,17.9,47.0,11.2,26.12857142857143,3.0
2021-08-19 00:00:00,45.14833419233609,-69.9502826662243,8.0,0,29.2,2.0,11.7,55.0,22.6,27.228571428571428,1.0
2023-05-07 00:00:00,45.71569999965533,-74.09479999962025,5.0,1,21.4,0.0,21.7,28.0,124.1,12.807142857142855,3.0
2020-06-15 00:00:00,46.241400000815766,-74.7044999993959,6.0,1,21.9,0.0,7.5,36.0,36.3,18.70714285714286,4.0
2022-05-25 00:00:00,55.10620320721098,-68.589158449971,5.0,0,3.9,3.2,34.2,76.0,37.5,2.921428571428572,4.0
2020-07-24 00:00:00,50.62870000123404,-62.97600000020863,7.0,1,25.7,0.7,19.4,41.0,28.8,23.635714285714283,4.0
2023-08-27 00:00:00,45.74869999980518,-76.76459999998997,8.0,1,22.2,0.0,8.6,47.0,34.6,23.092857142857145,3.0
2019-08-04 00:00:00,54.34980382902122,-79.35392039368544,8.0,0,10.2,0.0,14.4,90.0,69.7,11.471428571428577,4.0
2019-06-27 00:00:00,46.05730000128523,-74.27109999967018,6.0,1,24.5,0.7,20.5,51.0,73.1,19.27857142857143,1.0
2024-07-14 00:00:00,51.01710000000003,-70.96709999999996,7.0,1,26.1,7.5,17.3,48.0,53.5,21.935714285714283,5.0
2018-08-24 00:00:00,49.95211823471901,-62.90756473485728,8.0,0,17.8,0.0,36.6,63.0,15.2,17.999999999999996,1.0
2018-07-21 00:00:00,51.17480000105991,-64.94690000005833,7.0,1,27.7,4.2,17.6,43.0,23.9,20.385714285714283,3.0
2023-05-07 00:00:00,47.00309999966533,-71.3930000002498,5.0,1,19.1,0.0,19.2,32.0,81.8,12.564285714285717,3.0
2023-05-07 00:00:00,56.47159680768359,-70.87281220581036,5.0,0,1.2,0.6,19.1,54.0,1.7,10.085714285714284,14.0
2024-07-11 00:00:00,49.35617785212851,-69.5796736524634,7.0,0,26.1,0.0,10.9,44.0,47.5,23.750000000000004,2.0
2020-06-22 00:00:00,49.16120000073614,-69.48569999969375,6.0,1,26.6,2.3,12.0,59.0,19.5,20.642857142857142,2.0
2021-09-04 00:00:00,46.79260000061425,-71.96139999953046,9.0,1,22.3,0.0,12.7,31.0,28.6,24.65,5.0
2022-05-17 00:00:00,48.02480000000003,-78.14589999999993,5.0,1,12.0,1.7,28.6,31.0,8.799999999999999,19.435714285714287,2.0
2023-05-24 00:00:00,47.12169716128046,-66.61433263224869,5.0,0,18.4,12.1,16.6,46.0,37.1,13.978571428571428,3.0
2023-09-27 00:00:00,48.50569999965529,-69.28409999961525,9.0,1,20.3,0.0,15.0,59.0,57.8,18.971428571428568,4.0
2022-05-10 00:00:00,45.072400000000016,-71.65909999999997,5.0,1,20.1,0.0,13.8,29.0,38.3,11.550000000000002,6.0
2023-06-04 00:00:00,51.09836026168337,-77.27590944728098,6.0,0,24.6,0.1,15.3,29.0,8.1,19.307142857142857,3.0
2023-05-15 00:00:00,45.58690000003503,-75.62099999975015,5.0,1,22.2,0.0,26.1,21.0,49.3,16.250000000000004,11.0
2020-06-17 00:00:00,46.90950000116652,-74.04809999948475,6.0,1,28.0,0.0,14.7,25.0,25.9,18.67142857142857,6.0
2018-05-24 00:00:00,49.67200000100125,-67.17019999996619,5.0,1,11.4,0.0,13.4,42.0,13.8,9.478571428571428,2.0
2020-09-26 00:00:00,45.83751716903498,-70.54513745015402,9.0,0,23.7,0.0,15.5,48.0,9.0,15.2,2.0
2023-06-10 00:00:00,49.24640000006002,-72.83239999956027,6.0,1,17.6,5.2,12.2,69.0,11.9,21.757142857142856,1.0
2019-07-01 00:00:00,57.05161075304053,-61.36122870581837,7.0,0,5.5,3.6,12.9,92.0,58.5,6.478571428571429,4.0
2021-08-20 00:00:00,46.53680000086014,-74.34529999958497,8.0,1,28.7,1.4,9.4,60.0,50.8,24.09285714285713,7.0
2021-08-19 00:00:00,50.22793023380012,-74.0277935589572,8.0,0,28.0,4.4,16.1,58.0,39.1,23.185714285714287,5.0
2024-07-27 00:00:00,45.56878163492856,-74.77477559960033,7.0,0,28.0,0.0,10.5,45.0,48.3,25.85,2.0
2018-06-24 00:00:00,53.86735318760499,-79.40132212037744,6.0,0,4.5,0.0,24.6,84.0,8.3,7.085714285714286,5.0
2022-06-17 00:00:00,55.49760759075995,-71.77725520295886,6.0,0,15.1,27.2,31.4,70.0,22.4,17.45714285714286,1.0
2020-07-23 00:00:00,58.679883565762914,-73.56700713481455,7.0,0,11.1,5.0,36.1,89.0,19.1,18.142857142857142,1.0
2022-07-27 00:00:00,46.56733129297418,-74.55237325522583,7.0,0,23.1,0.0,13.5,48.0,106.5,23.235714285714288,2.0
2021-07-20 00:00:00,51.81053531983543,-71.42763516826963,7.0,0,16.6,0.0,16.3,48.0,52.0,18.842857142857145,4.0
2023-06-02 00:00:00,49.76180371941054,-65.79773364872698,6.0,0,10.6,5.9,37.4,73.0,31.4,9.385714285714286,7.0
2019-06-10 00:00:00,48.42450000052244,-74.66250000029862,6.0,1,26.9,0.0,21.0,37.0,29.3,13.428571428571429,7.0
2022-05-10 00:00:00,51.31504619496241,-76.36880945192854,5.0,0,20.5,0.1,27.4,28.0,11.5,6.75,6.0
2021-09-11 00:00:00,49.61804413567259,-63.715530592620006,9.0,0,15.5,0.0,35.3,65.0,114.0,16.90714285714286,1.0
2022-07-15 00:00:00,55.56997291397306,-78.06840652476534,7.0,0,12.7,4.1,25.0,74.0,15.4,5.321428571428571,8.0
2022-08-15 00:00:00,48.72230000000008,-69.24849999999998,8.0,1,25.7,2.8,13.6,42.0,22.2,23.685714285714287,6.0
2019-06-10 00:00:00,45.720526419088095,-78.18926273497722,6.0,0,16.0,13.9,20.6,66.0,19.2,17.192857142857143,5.0
2020-07-18 00:00:00,47.73383443203629,-61.80021087324605,7.0,0,16.0,4.8,21.6,81.0,47.8,16.307142857142857,6.0
2019-05-20 00:00:00,46.71975958126484,-68.78263121606413,5.0,0,17.1,39.7,15.7,78.0,43.4,10.864285714285716,1.0
2019-06-16 00:00:00,55.320573345223806,-70.19037238309679,6.0,0,13.3,4.6,20.6,65.0,59.7,10.642857142857142,1.0
2020-05-22 00:00:00,46.1099000006682,-73.65339999938362,5.0,1,28.6,0.0,17.2,20.0,11.2,13.828571428571433,7.0
2024-07-08 00:00:00,51.82650000000008,-77.89279999999997,7.0,1,25.5,13.6,15.8,59.0,46.7,21.11428571428572,4.0
2018-07-02 00:00:00,50.75580000106353,-77.79779999945659,7.0,1,25.9,1.4,33.0,41.0,28.0,20.47142857142857,1.0
2018-06-30 00:00:00,46.389300000884965,-76.90549999996459,6.0,1,27.6,35.6,15.9,70.0,19.1,22.92142857142857,2.0
2021-06-09 00:00:00,47.00320000101283,-73.25499999984052,6.0,1,22.3,0.0,19.4,28.0,30.2,20.92142857142857,3.0
2020-09-07 00:00:00,51.95309779210146,-70.03915553477559,9.0,0,12.4,17.8,32.7,80.0,93.5,11.185714285714283,2.0
2018-06-26 00:00:00,47.301800001155726,-79.11299999988972,6.0,1,24.6,0.0,11.9,26.0,32.3,22.94285714285714,2.0
2018-05-16 00:00:00,45.7678000012492,-71.3678000004119,5.0,1,18.5,0.0,18.8,33.0,37.9,17.485714285714288,1.0
2020-07-23 00:00:00,51.6293791672784,-58.81071382455764,7.0,0,23.8,0.0,11.8,32.0,36.1,22.3,3.0
2018-05-26 00:00:00,49.75600000074441,-77.79610000041177,5.0,1,16.3,0.0,13.0,26.0,5.6,14.428571428571429,6.0
2022-05-06 00:00:00,48.68552395744114,-61.12195892918165,5.0,0,2.7,0.0,32.6,74.0,51.5,2.792857142857144,5.0
2021-08-07 00:00:00,48.13920000126063,-69.72440000014761,8.0,1,23.2,2.4,19.7,61.0,19.5,22.321428571428577,4.0
2023-05-06 00:00:00,48.8091998719184,-68.62269758690239,5.0,0,11.9,0.0,33.6,52.0,14.4,5.65,3.0
2022-05-07 00:00:00,46.33790000000005,-73.55240000000003,5.0,1,12.1,0.0,14.4,29.0,22.4,11.521428571428572,3.0
2019-05-26 00:00:00,47.67489716466871,-70.30469105083648,5.0,0,19.8,4.4,23.2,61.0,39.4,12.385714285714286,1.0
2018-06-13 00:00:00,49.649094078328496,-73.5543420816355,6.0,0,16.4,6.3,14.8,38.0,23.6,17.32857142857143,6.0
2020-05-20 00:00:00,46.04480000068669,-72.27880000012718,5.0,1,22.9,0.0,12.2,29.0,15.3,12.842857142857142,5.0
2023-06-10 00:00:00,53.951700000354776,-72.402299999945,6.0,1,21.9,8.9,22.9,36.0,5.4,16.87857142857143,14.0
2022-06-23 00:00:00,53.04587818210163,-66.79419023728302,6.0,0,15.1,0.5,26.7,76.0,40.1,14.957142857142856,1.0
2023-09-24 00:00:00,48.39847988307166,-74.80916973223728,9.0,0,18.6,0.0,10.1,40.0,40.2,17.8,1.0
2023-05-14 00:00:00,50.20835212327271,-66.80676639860316,5.0,0,11.1,0.1,29.9,30.0,42.1,10.014285714285716,1.0
2019-08-03 00:00:00,55.9419116688852,-79.0180215349869,8.0,0,5.2,0.3,21.5,97.0,44.6,6.507142857142858,2.0
2020-05-22 00:00:00,48.432800000849,-64.39849999990831,5.0,1,15.6,0.1,22.3,21.0,8.6,10.292857142857144,5.0
2023-07-21 00:00:00,57.111785770222674,-76.34754878815973,7.0,0,10.5,0.0,29.6,80.0,66.1,18.45,2.0
2023-08-14 00:00:00,53.53086342269801,-78.81750033700081,8.0,0,22.3,1.4,18.6,55.0,16.4,21.62142857142857,3.0
2023-05-25 00:00:00,55.52063413092533,-57.5637246913558,5.0,0,0.0,0.0,28.3,86.0,30.7,1.9785714285714284,1.0
2024-07-08 00:00:00,52.43830000000003,-67.16669999999993,7.0,1,25.9,0.8,22.8,40.0,63.0,18.04285714285714,1.0
2021-06-13 00:00:00,47.07929433522144,-78.52862977523516,6.0,0,24.3,1.4,14.1,38.0,21.6,23.135714285714283,8.0
2018-09-28 00:00:00,50.35611637109089,-58.57741072619303,9.0,0,11.1,1.3,32.1,70.0,66.5,12.042857142857144,1.0
2023-07-04 00:00:00,56.607743353509626,-77.80132444814633,7.0,0,13.9,16.1,29.7,80.0,36.1,9.071428571428571,8.0
2019-07-18 00:00:00,47.72250000053729,-79.00869999981397,7.0,1,27.9,22.9,19.2,46.0,28.3,25.40714285714285,2.0
2018-05-12 00:00:00,48.45920000054647,-78.96199999953016,5.0,1,14.7,0.0,19.2,27.0,31.3,11.328571428571427,2.0
2020-05-12 00:00:00,46.3311000011538,-75.97580000017987,5.0,1,6.7,0.0,14.4,27.0,25.4,10.46428571428571,9.0
2022-05-11 00:00:00,46.27160000000009,-75.87629999999996,5.0,1,26.4,0.0,11.9,24.0,12.9,14.250000000000002,8.0
2021-08-26 00:00:00,49.34930000107663,-72.6933999994181,8.0,1,24.1,3.3,22.2,50.0,30.2,26.278571428571432,2.0
2024-06-05 00:00:00,52.22130000000004,-67.92429999999995,6.0,1,25.2,7.6,11.3,40.0,75.10000000000001,13.728571428571428,6.0
2019-06-24 00:00:00,55.84359916648565,-60.28435778848936,6.0,0,4.1,20.0,54.0,87.0,48.8,5.464285714285714,1.0
2024-07-17 00:00:00,50.73100000000005,-74.20259999999996,7.0,1,23.0,28.3,14.9,60.0,35.7,23.57857142857143,2.0
2023-05-05 00:00:00,52.11365700048602,-79.26638363577402,5.0,0,15.0,0.0,15.5,63.0,40.6,4.678571428571429,4.0
2018-08-01 00:00:00,45.477100000860304,-72.32590000026109,8.0,1,25.5,0.4,15.7,60.0,84.4,25.764285714285712,3.0
2018-06-27 00:00:00,49.4705613102816,-60.044067227876894,6.0,0,11.2,1.1,43.4,73.0,36.8,8.392857142857144,8.0
2024-08-24 00:00:00,45.99833261448581,-78.49382685336361,8.0,0,24.3,2.0,16.1,51.0,47.9,22.12857142857143,4.0
2018-07-10 00:00:00,50.08990000065633,-75.57760000034567,7.0,1,15.3,0.8,18.1,41.0,55.9,25.66428571428571,1.0
2020-09-25 00:00:00,47.37190000084944,-69.94439999941426,9.0,1,15.0,0.0,10.4,44.0,17.2,16.02857142857143,8.0
2020-06-07 00:00:00,46.83430000089388,-71.68800000048705,6.0,1,19.9,0.2,21.6,27.0,29.3,22.721428571428568,1.0
2021-08-22 00:00:00,57.13250270428369,-79.00375516434023,8.0,0,11.2,1.8,52.1,81.0,47.5,8.857142857142858,1.0
2019-06-03 00:00:00,57.78830018397014,-64.9087930120919,6.0,0,7.7,1.1,38.7,66.0,14.1,2.571428571428572,6.0
2020-05-29 00:00:00,46.10720000112365,-70.62960000021697,5.0,1,29.2,4.8,23.1,42.0,17.3,21.55,2.0
2023-05-26 00:00:00,46.88429999984516,-72.38070000030473,5.0,1,20.2,0.0,14.1,29.0,32.8,15.592857142857142,2.0
2023-05-06 00:00:00,47.74919320358221,-58.54964223152143,5.0,0,7.6,4.9,27.6,45.0,0.4,9.37142857142857,14.0
2023-08-07 00:00:00,52.56400000019988,-75.9367000001049,8.0,1,25.4,0.0,8.8,37.0,49.0,18.75,1.0
2020-07-25 00:00:00,46.57210000131979,-72.42140000004396,7.0,1,29.7,0.0,18.0,35.0,76.8,26.02142857142857,2.0
2024-09-02 00:00:00,55.331081448791736,-79.15956504062366,9.0,0,8.8,1.9,50.0,76.0,17.0,12.735714285714284,1.0
2019-06-11 00:00:00,54.84553297772093,-69.34444330337057,6.0,0,17.9,4.4,31.5,72.0,62.5,4.371428571428571,4.0
2018-08-04 00:00:00,54.753382135879015,-61.50774573241706,8.0,0,19.4,0.5,20.9,57.0,94.6,16.25,2.0
2018-09-16 00:00:00,54.52946355905897,-64.24893513494317,9.0,0,7.3,0.0,32.3,48.0,53.3,12.62857142857143,2.0
2023-05-14 00:00:00,46.14050000037474,-74.46020000042967,5.0,1,13.3,0.0,18.4,30.0,66.39999999999999,13.757142857142858,10.0
2024-06-04 00:00:00,48.39550000000003,-70.24349999999998,6.0,1,24.1,0.0,13.8,54.0,49.2,21.264285714285712,7.0
2023-08-15 00:00:00,49.291367978402654,-78.53829446079862,8.0,0,22.4,0.0,12.8,43.0,62.0,21.392857142857142,2.0
2021-07-20 00:00:00,47.932740724916826,-59.9178267474142,7.0,0,17.1,6.6,38.0,92.0,32.6,15.335714285714287,3.0
2022-05-09 00:00:00,45.92270000000008,-74.27959999999996,5.0,1,18.1,0.0,14.2,22.0,23.5,12.285714285714286,5.0
2018-06-28 00:00:00,49.40640000103447,-72.70710000068864,6.0,1,29.8,0.1,11.9,24.0,11.2,21.70714285714286,5.0
2023-08-02 00:00:00,48.58649999987517,-67.62080000021979,8.0,1,20.1,0.0,17.9,50.0,32.3,23.31428571428572,5.0
2024-07-25 00:00:00,48.93000000000006,-69.11739999999998,7.0,1,21.5,11.0,16.8,59.0,43.5,25.207142857142856,5.0
2020-07-12 00:00:00,58.2512055594576,-60.92865753797489,7.0,0,4.6,4.5,36.2,85.0,16.1,5.271428571428571,12.0
2019-05-23 00:00:00,50.95328707236588,-74.80835445753996,5.0,0,16.4,0.0,15.6,43.0,30.5,9.964285714285714,2.0
2021-06-13 00:00:00,48.6640000008265,-72.91200000036636,6.0,1,23.0,0.0,12.9,21.0,10.6,20.34285714285713,8.0
2018-09-10 00:00:00,53.63286659575374,-61.12817900851272,9.0,0,13.1,0.0,23.6,44.0,51.7,15.021428571428572,3.0
2021-05-15 00:00:00,46.41600000125663,-71.31730000018692,5.0,1,21.6,0.0,14.8,30.0,39.2,13.092857142857142,1.0
2021-05-10 00:00:00,45.78340000091146,-74.21029999992464,5.0,1,14.8,0.8,13.8,36.0,47.3,12.585714285714287,5.0
2021-05-15 00:00:00,45.09270000096154,-72.42120000013271,5.0,1,19.2,0.7,12.6,30.0,24.5,12.242857142857144,4.0
2018-05-11 00:00:00,47.01204362815295,-62.82470668710552,5.0,0,7.0,0.2,44.3,59.0,60.3,6.1,4.0
2021-05-29 00:00:00,48.22800000066828,-69.6446999993329,5.0,1,10.9,0.0,13.8,39.0,28.2,18.821428571428573,3.0
2018-06-08 00:00:00,46.75700000120913,-70.12530000006046,6.0,1,17.4,0.7,24.6,29.0,21.1,18.87142857142857,1.0
2020-05-17 00:00:00,46.3247000012748,-75.97340000024889,5.0,1,18.7,0.0,13.2,36.0,12.7,10.085714285714287,2.0
2024-08-02 00:00:00,48.18421431954704,-69.81991536923094,8.0,0,30.1,9.2,9.3,52.0,39.6,25.692857142857147,2.0
2021-08-08 00:00:00,58.62593962459594,-58.820025742840215,8.0,0,8.3,0.9,39.7,80.0,39.5,9.428571428571429,1.0
2022-09-07 00:00:00,56.13374033248384,-73.75825788401916,9.0,0,17.7,0.1,29.4,71.0,96.0,14.000000000000002,4.0
2019-08-28 00:00:00,46.86180649232805,-67.82173344211483,8.0,0,25.3,0.0,18.3,40.0,18.9,23.092857142857145,6.0
2024-06-14 00:00:00,46.117450581124665,-60.18563157508471,6.0,0,23.3,0.0,26.1,50.0,31.7,16.38571428571429,4.0
2020-07-10 00:00:00,47.673200000918506,-74.33339999955959,7.0,1,31.1,0.4,14.3,43.0,26.2,24.357142857142858,2.0
2018-05-12 00:00:00,45.97145955836297,-71.96617458040141,5.0,0,15.0,0.0,13.8,29.0,68.0,16.642857142857142,2.0
2018-07-05 00:00:00,50.12330000124251,-78.33390000011697,7.0,1,30.3,3.6,32.8,50.0,52.2,23.31428571428572,1.0
2018-09-26 00:00:00,47.40816955359141,-68.855957480112,9.0,0,20.9,21.0,23.2,80.0,23.9,17.964285714285715,1.0
2021-06-12 00:00:00,48.84260000055351,-72.39529999972426,6.0,1,24.1,0.0,19.2,17.0,10.8,22.664285714285715,7.0
2023-05-15 00:00:00,46.05929999969527,-70.78940000000995,5.0,1,17.9,0.6,29.9,30.0,28.8,14.7,11.0
2020-09-19 00:00:00,57.88485738874488,-75.35452745511562,9.0,0,4.8,0.9,37.7,64.0,65.4,8.464285714285712,1.0
2023-09-27 00:00:00,50.91171281408151,-77.56545031239419,9.0,0,18.7,0.0,10.1,47.0,26.0,17.150000000000002,5.0
2024-08-11 00:00:00,46.06893108237037,-70.1369963864695,8.0,0,20.5,0.4,17.2,55.0,62.8,24.2,1.0
2023-07-02 00:00:00,56.923100000164936,-66.0653999998101,7.0,1,24.3,1.4,10.9,50.0,9.5,19.75714285714286,5.0
2022-05-01 00:00:00,47.59809999999999,-78.68979999999993,5.0,1,17.6,0.0,17.9,31.0,26.200000000000003,8.064285714285715,6.0
2018-09-16 00:00:00,46.26360000077023,-74.29029999970503,9.0,1,21.3,0.5,10.1,76.0,45.8,20.13571428571429,5.0
2023-05-01 00:00:00,58.54149140371086,-74.95439811182213,5.0,0,4.8,2.5,29.3,80.0,34.4,0.7571428571428571,9.0
2018-05-12 00:00:00,46.62070000117964,-76.03130000056021,5.0,1,16.3,0.0,17.3,20.0,36.9,15.328571428571427,2.0
2022-05-13 00:00:00,46.29820000000007,-75.50369999999992,5.0,1,28.6,0.0,16.3,29.0,5.8,16.735714285714284,9.0
2018-05-11 00:00:00,52.790570856691765,-77.8257758227872,5.0,0,-3.2,0.8,26.7,59.0,29.7,5.221428571428573,1.0
2021-08-24 00:00:00,46.52720000080105,-72.76440000055071,8.0,1,30.8,0.0,14.4,37.0,8.799999999999999,27.67142857142857,11.0
2022-05-09 00:00:00,45.86610000000002,-73.9762,5.0,1,19.8,0.0,13.7,23.0,17.0,14.485714285714282,5.0
2023-07-05 00:00:00,50.83799999980022,-78.40670000020481,7.0,1,31.8,2.9,20.2,36.0,31.1,25.78571428571429,4.0
2023-05-14 00:00:00,46.4249999999501,-71.55570000015484,5.0,1,15.6,0.0,22.9,25.0,65.9,16.007142857142856,2.0
2024-07-08 00:00:00,51.21580000000006,-61.65149999999994,7.0,1,29.8,0.7,13.5,33.0,61.7,22.157142857142865,3.0
2019-08-01 00:00:00,56.23686107680415,-60.339540058348575,8.0,0,5.9,2.0,16.7,97.0,39.0,7.299999999999999,3.0
2024-07-08 00:00:00,50.99240000000003,-74.81859999999996,7.0,1,26.5,1.3,20.4,47.0,29.8,20.24285714285714,4.0
2024-08-24 00:00:00,51.8418969884662,-66.09723953909428,8.0,0,23.7,0.0,12.1,34.0,50.5,20.578571428571426,1.0
2018-07-21 00:00:00,45.74880000052875,-76.76459999986885,7.0,1,29.2,0.0,17.7,27.0,4.9,29.307142857142853,4.0
2023-06-27 00:00:00,48.32534796684584,-71.65299140968139,6.0,0,24.0,8.4,14.5,68.0,37.9,22.81428571428572,3.0
2018-09-14 00:00:00,47.28931888179796,-59.44517315244566,9.0,0,15.9,0.0,22.3,84.0,24.1,17.685714285714287,2.0
2019-05-06 00:00:00,48.27590000106894,-70.97329999971028,5.0,1,20.1,2.5,20.3,41.0,21.2,7.464285714285715,9.0
2019-08-09 00:00:00,46.64208608797995,-69.92633286077022,8.0,0,21.1,1.9,19.6,56.0,40.7,25.10714285714286,1.0
2020-05-15 00:00:00,48.412500001231095,-64.41999999993219,5.0,1,9.3,0.0,16.9,46.0,73.0,7.028571428571428,3.0
2021-09-24 00:00:00,46.16700000072921,-74.14060000030481,9.0,1,17.1,35.6,22.7,56.0,39.5,18.77142857142857,1.0
2019-07-03 00:00:00,49.15564528865265,-64.3278374087565,7.0,0,15.5,0.0,28.0,81.0,38.8,12.45,6.0
2021-05-05 00:00:00,48.29927852544141,-64.90140211960981,5.0,0,6.6,4.0,15.7,72.0,52.4,7.771428571428571,4.0
2019-06-09 00:00:00,45.91442145059929,-61.12301933189848,6.0,0,15.1,0.0,21.7,42.0,80.3,14.349999999999998,3.0
2018-08-24 00:00:00,58.407856722267255,-68.17916816572621,8.0,0,10.5,0.5,45.5,46.0,22.1,15.721428571428572,1.0
2023-06-01 00:00:00,49.33660000028982,-72.4043999996602,6.0,1,29.3,0.7,18.0,36.0,31.8,18.178571428571427,8.0
2022-06-27 00:00:00,53.05006925036464,-70.524432121165,6.0,0,17.5,8.1,32.2,64.0,77.0,15.77857142857143,1.0
2022-05-10 00:00:00,46.83510000000007,-71.7355,5.0,1,22.5,0.0,13.6,20.0,17.2,13.7,6.0
2023-05-07 00:00:00,45.55989999958536,-72.27820000032972,5.0,1,20.4,0.0,19.6,32.0,73.9,13.207142857142856,3.0
2021-05-26 00:00:00,48.73340000103393,-72.87609999934082,5.0,1,22.6,2.2,29.6,55.0,26.2,18.571428571428573,1.0
2021-06-17 00:00:00,45.95060000087666,-73.75060000040902,6.0,1,23.0,0.0,16.6,26.0,44.0,25.15714285714285,2.0
2023-07-01 00:00:00,54.81650000037479,-72.36330000009491,7.0,1,25.1,0.6,18.1,45.0,28.6,21.11428571428572,4.0
2020-05-14 00:00:00,46.58880000102396,-72.64040000057295,5.0,1,16.8,0.0,18.8,24.0,34.0,11.085714285714287,7.0
2019-06-23 00:00:00,48.83610000053295,-64.57429999976422,6.0,1,16.9,0.1,29.2,54.0,51.6,18.292857142857144,2.0
2018-07-31 00:00:00,48.544400001037054,-73.85789999971219,7.0,1,24.6,0.4,13.1,51.0,50.3,23.2,2.0
2020-05-20 00:00:00,45.89400000096945,-76.41689999998013,5.0,1,21.4,0.0,13.0,29.0,13.6,11.214285714285715,5.0
2019-08-01 00:00:00,52.18034041275686,-63.70897602826744,8.0,0,20.7,7.6,12.5,63.0,57.9,20.95714285714286,1.0
2024-06-02 00:00:00,50.16987176116722,-57.54400175586533,6.0,0,14.0,22.9,28.6,85.0,50.5,13.44285714285714,1.0
2023-05-04 00:00:00,53.52054153594391,-75.62098910255332,5.0,0,13.3,0.0,21.1,42.0,17.9,8.207142857142856,3.0
2020-06-13 00:00:00,56.12716099612477,-62.7464530539478,6.0,0,4.9,0.0,23.3,59.0,65.5,4.8357142857142845,1.0
2020-09-14 00:00:00,57.891483354364986,-59.65798335248115,9.0,0,6.1,15.5,43.0,94.0,23.5,6.492857142857142,1.0
2024-06-08 00:00:00,52.24420000000004,-67.86829999999998,6.0,1,23.5,0.0,15.5,35.0,56.5,16.4,3.0
2024-09-05 00:00:00,55.3132344100601,-62.38142275910494,9.0,0,18.1,1.2,47.6,64.0,5.9,17.349999999999998,3.0
2023-07-02 00:00:00,56.19760000013997,-68.88930000009486,7.0,1,25.4,4.4,10.5,53.0,19.7,21.921428571428567,5.0
2021-06-16 00:00:00,46.33800000131913,-77.09950000007021,6.0,1,20.1,0.0,21.5,23.0,14.8,26.42142857142857,1.0
2020-05-15 00:00:00,56.07549900869175,-68.68681774456225,5.0,0,5.5,0.0,7.4,40.0,30.5,0.0999999999999999,4.0
2020-05-06 00:00:00,46.01530000065611,-74.25299999982673,5.0,1,11.7,0.0,13.0,27.0,26.8,8.407142857142858,3.0
2023-08-09 00:00:00,46.70830748533696,-66.8384892251677,8.0,0,19.2,17.3,20.1,82.0,58.6,20.65714285714285,1.0
2023-05-28 00:00:00,52.97060432965876,-67.81042825369511,5.0,0,12.0,6.4,53.6,70.0,40.8,6.514285714285713,1.0
2022-08-03 00:00:00,58.560981362940495,-62.43522544294284,8.0,0,8.4,1.2,48.1,75.0,47.4,7.0,1.0
2020-05-19 00:00:00,45.86160000099338,-74.3800000001061,5.0,1,15.7,0.0,20.2,33.0,12.4,9.935714285714283,4.0
2019-08-02 00:00:00,46.09560000106862,-74.51569999973746,8.0,1,25.4,0.0,10.5,38.0,29.9,25.264285714285712,3.0
2019-06-08 00:00:00,48.68100000122789,-65.22230000045184,6.0,1,12.7,0.0,24.9,40.0,30.1,13.8,3.0
2023-05-28 00:00:00,48.4514000002099,-67.21840000005989,5.0,1,23.5,0.2,37.8,40.0,52.8,12.87857142857143,2.0
2022-07-14 00:00:00,54.2422955567155,-72.24605673562169,7.0,0,16.6,4.8,36.3,66.0,79.0,12.978571428571428,4.0
2023-06-06 00:00:00,45.92951640964387,-78.43680646818399,6.0,0,19.2,0.0,21.7,23.0,4.8,23.457142857142856,13.0
2022-07-22 00:00:00,50.736202297687655,-58.34853577951219,7.0,0,17.1,4.9,33.4,82.0,94.4,13.75,2.0
2023-08-18 00:00:00,47.67194532042036,-69.0502379936145,8.0,0,21.7,21.4,22.2,73.0,111.2,19.892857142857142,2.0
2019-08-25 00:00:00,45.45990000111445,-75.78670000000844,8.0,1,24.7,0.0,10.8,38.0,25.8,25.192857142857147,4.0
2018-07-03 00:00:00,50.29419692701951,-75.17433605868402,7.0,0,26.0,0.1,25.6,35.0,14.7,21.42142857142857,1.0
2020-05-25 00:00:00,56.09515065413528,-69.7057772646786,5.0,0,5.7,6.5,33.5,76.0,10.8,0.5714285714285714,3.0
2024-07-07 00:00:00,47.89284082594444,-72.54215715017644,7.0,0,26.3,0.8,13.2,44.0,75.3,21.82142857142857,3.0
2018-07-16 00:00:00,48.55500000118802,-79.44969999979259,7.0,1,24.7,6.9,17.5,64.0,32.3,26.6,2.0
2021-05-25 00:00:00,52.394999449144905,-69.07943382608941,5.0,0,7.5,5.7,23.2,57.0,34.9,8.621428571428572,2.0
2021-06-09 00:00:00,45.62820000132772,-75.59990000036157,6.0,1,26.4,0.0,16.9,24.0,20.7,23.735714285714288,1.0
2020-05-18 00:00:00,45.7290000008246,-75.5465999994598,5.0,1,18.5,0.0,14.8,23.0,12.9,10.55714285714286,3.0
2018-07-01 00:00:00,46.31290000067361,-73.58180000015285,7.0,1,29.0,0.8,14.1,62.0,37.9,23.12142857142857,1.0
2018-07-21 00:00:00,48.11139669683361,-71.3552486634707,7.0,0,30.0,0.0,15.1,32.0,42.0,22.307142857142857,4.0
2023-06-15 00:00:00,48.19747708102116,-76.31626383025143,6.0,0,21.5,0.3,16.1,44.0,11.6,21.135714285714283,2.0
2023-05-23 00:00:00,48.90809999981519,-72.37099999995002,5.0,1,21.2,10.5,26.1,34.0,29.700000000000003,14.37142857142857,2.0
2020-07-25 00:00:00,46.88910000117584,-76.01789999999968,7.0,1,27.3,0.0,17.1,41.0,123.3,24.892857142857142,3.0
2019-05-05 00:00:00,51.180227383646766,-60.70904700319119,5.0,0,7.5,1.5,11.3,52.0,22.6,4.478571428571429,7.0
2020-09-29 00:00:00,48.95300000059624,-67.13219999946105,9.0,1,26.4,0.0,27.4,55.0,21.7,15.092857142857143,6.0
2023-07-02 00:00:00,50.5168100926776,-58.90222448168771,7.0,0,9.9,0.4,27.2,97.0,38.0,9.65,1.0
2019-07-12 00:00:00,45.1230228914284,-57.38891338321714,7.0,0,13.4,0.0,21.1,89.0,44.2,12.607142857142856,5.0
2022-05-13 00:00:00,46.547500000000014,-71.82789999999994,5.0,1,30.4,0.0,21.9,28.0,6.3,17.599999999999998,9.0
2024-08-16 00:00:00,53.27760000000006,-76.55339999999995,8.0,1,28.3,0.6,16.0,39.0,21.3,20.678571428571423,9.0
2020-06-14 00:00:00,46.99080000067697,-71.21350000021864,6.0,1,16.6,0.0,15.6,35.0,37.6,17.5,2.0
2024-07-24 00:00:00,50.53900000000005,-68.60199999999998,7.0,1,21.7,0.4,7.2,43.0,64.4,23.81428571428572,3.0
2018-09-27 00:00:00,58.5503231219532,-72.5356202177499,9.0,0,1.4,2.5,34.7,69.0,26.2,3.378571428571429,1.0
2018-09-01 00:00:00,50.280800001258726,-62.61239999958341,9.0,1,18.8,0.0,19.6,58.0,35.800000000000004,20.435714285714283,2.0
2023-05-19 00:00:00,57.95724656666645,-69.60057390639706,5.0,0,2.0,0.0,31.4,52.0,23.4,3.3142857142857145,1.0
2019-05-13 00:00:00,46.315162474076,-63.30549400223129,5.0,0,9.1,0.0,17.7,59.0,18.5,10.15,2.0
2018-07-08 00:00:00,50.45640000115232,-79.05940000051336,7.0,1,31.1,0.6,28.1,46.0,29.4,25.25,2.0
2018-05-08 00:00:00,47.776153128025705,-63.95750295097781,5.0,0,8.4,0.0,42.3,69.0,52.8,5.628571428571428,1.0
2024-05-26 00:00:00,49.349149250330825,-66.39914766240314,5.0,0,8.4,0.4,28.5,90.0,17.0,10.650000000000002,2.0
2022-07-02 00:00:00,51.01404289405898,-60.8748763369925,7.0,0,23.1,6.8,22.7,57.0,79.3,18.54285714285714,4.0
2020-05-20 00:00:00,48.67073630609545,-61.11129519178836,5.0,0,5.5,0.5,29.3,69.0,43.3,2.864285714285714,3.0
2024-06-05 00:00:00,48.18600000000004,-70.79209999999995,6.0,1,27.1,0.5,14.6,39.0,20.2,21.02142857142857,7.0
2021-09-09 00:00:00,54.60672391562854,-58.24349502707155,9.0,0,15.5,1.3,25.1,76.0,56.7,11.942857142857145,1.0
2024-06-23 00:00:00,51.53690000000006,-64.31749999999994,6.0,1,21.6,0.7,17.3,31.0,14.6,19.12142857142857,3.0
2024-08-02 00:00:00,51.07310000000006,-74.55509999999998,8.0,1,28.9,0.2,23.4,40.0,79.5,22.192857142857147,1.0
2019-07-27 00:00:00,52.003500001136445,-69.38880000068382,7.0,1,26.0,0.6,20.5,45.0,43.0,18.72142857142857,3.0
2023-06-01 00:00:00,46.84000000019989,-76.94739999961024,6.0,1,30.0,0.7,13.4,36.0,26.9,19.58571428571429,8.0
2022-05-20 00:00:00,45.83719999999994,-76.36929999999995,5.0,1,25.3,0.1,26.7,51.0,44.0,20.435714285714283,1.0
2023-07-25 00:00:00,45.35139851807664,-58.54277262926226,7.0,0,20.5,0.0,22.8,82.0,165.4,18.464285714285715,2.0
2021-06-14 00:00:00,47.27690000072421,-75.05580000008037,6.0,1,22.7,6.0,9.7,54.0,12.8,22.821428571428573,8.0
2021-05-15 00:00:00,46.23160000125584,-73.5352999997798,5.0,1,22.0,1.2,16.1,25.0,23.1,14.15,2.0
2022-05-09 00:00:00,49.96177844316738,-72.80445585049787,5.0,0,14.8,0.0,13.6,25.0,30.0,6.357142857142857,5.0
2018-07-08 00:00:00,45.75920000111015,-74.30980000023926,7.0,1,27.0,0.0,21.1,34.0,49.2,25.500000000000004,2.0
2024-06-19 00:00:00,50.67100000000004,-65.96079999999995,6.0,1,28.6,0.1,18.1,59.0,11.0,20.042857142857144,2.0
2020-05-21 00:00:00,46.98330000052189,-71.10909999962651,5.0,1,24.8,0.0,24.4,23.0,18.5,11.757142857142856,5.0
2022-07-17 00:00:00,46.05970000000008,-75.20760000000001,7.0,1,27.8,0.0,10.2,38.0,26.5,21.87142857142857,3.0
2020-05-11 00:00:00,48.4492172573806,-76.15660576885958,5.0,0,-1.5,0.0,18.1,40.0,35.5,5.307142857142858,1.0
2021-07-22 00:00:00,54.74986390614426,-78.94437756078412,7.0,0,22.8,0.4,20.7,47.0,2.9,18.08571428571428,13.0
2024-08-18 00:00:00,45.33236562700681,-78.65682850663875,8.0,0,22.5,12.1,20.6,81.0,48.7,23.17142857142857,1.0
2020-07-05 00:00:00,45.693700001217366,-73.86399999998937,7.0,1,27.9,0.3,11.9,38.0,25.2,27.92142857142857,6.0
2021-06-18 00:00:00,46.49790000106415,-78.29410000020297,6.0,1,22.1,7.2,25.1,50.0,16.2,23.757142857142856,4.0
2024-05-16 00:00:00,57.44398711243018,-62.60735910774776,5.0,0,2.0,12.5,9.7,86.0,25.7,5.321428571428571,1.0
2018-06-03 00:00:00,49.67220000090472,-76.8346999999113,6.0,1,20.5,0.0,19.0,28.0,16.0,19.62857142857143,2.0
2021-05-19 00:00:00,48.5600000005897,-78.0228999999798,5.0,1,27.4,0.0,21.5,28.0,14.4,14.65,2.0
2024-07-11 00:00:00,54.68669536455451,-69.23933131227514,7.0,0,18.3,0.0,32.7,59.0,29.5,14.985714285714286,3.0
2020-08-28 00:00:00,56.27338885781813,-76.15104492142314,8.0,0,13.0,0.3,15.9,59.0,25.3,15.257142857142856,6.0
2024-07-24 00:00:00,45.59406791880003,-71.56502648749819,7.0,0,25.1,2.0,14.5,63.0,157.7,25.17857142857144,1.0
2020-07-03 00:00:00,53.47440000044994,-70.17920000004514,7.0,1,15.6,1.6,25.3,49.0,59.2,19.478571428571428,6.0
2024-07-08 00:00:00,48.207203653486005,-65.1395850379909,7.0,0,27.2,0.0,12.4,40.0,107.2,21.83571428571428,1.0
2021-09-12 00:00:00,54.20967194175616,-62.36317004728934,9.0,0,12.7,11.2,23.4,63.0,78.4,13.307142857142855,1.0
2020-07-24 00:00:00,50.56850000130982,-63.050299999617366,7.0,1,25.6,0.2,19.6,42.0,26.7,23.55,4.0
2021-07-08 00:00:00,51.49820421796156,-77.09672475773762,7.0,0,18.6,0.0,11.8,43.0,52.9,21.65000000000001,2.0
2021-06-12 00:00:00,45.78350000063327,-73.96739999948504,6.0,1,25.9,0.0,13.9,25.0,13.8,24.25714285714286,1.0
2018-05-12 00:00:00,57.81756475528223,-67.17351082568868,5.0,0,-5.1,1.5,38.7,61.0,49.0,-3.5357142857142856,1.0
2022-06-20 00:00:00,54.4518811489629,-73.58029309522409,6.0,0,15.3,0.0,23.4,40.0,37.5,17.385714285714286,3.0
2024-08-03 00:00:00,56.63419654333799,-60.43496427833618,8.0,0,7.3,0.0,35.7,86.0,63.0,9.157142857142858,2.0
2023-05-01 00:00:00,57.79227536145334,-73.79984422923765,5.0,0,5.5,3.1,27.5,70.0,23.2,0.6857142857142857,9.0
2023-07-17 00:00:00,50.01839999956036,-79.06449999977514,7.0,1,21.8,4.2,17.6,60.0,31.8,24.935714285714287,1.0
2018-07-16 00:00:00,46.39890000130021,-78.31010000044593,7.0,1,30.1,0.5,17.1,41.0,18.0,27.728571428571424,3.0
2021-08-10 00:00:00,49.811200001067824,-68.73389999977547,8.0,1,26.1,0.8,13.2,69.0,46.0,19.77857142857143,1.0
2023-09-16 00:00:00,53.68755439206444,-66.52291481166282,9.0,0,18.0,0.0,22.3,58.0,84.7,15.921428571428573,2.0
2024-06-27 00:00:00,46.42570000000006,-72.75379999999996,6.0,1,19.8,6.9,23.0,48.0,77.1,25.000000000000004,1.0
2020-06-24 00:00:00,48.35033513591138,-70.40722273671871,6.0,0,25.6,15.9,11.4,74.0,27.2,26.16428571428572,2.0
2024-06-20 00:00:00,47.95780000000008,-69.96939999999995,6.0,1,26.7,0.0,24.5,47.0,123.0,22.071428571428573,1.0
2019-09-26 00:00:00,52.28274593499265,-78.07027980758957,9.0,0,11.7,5.6,25.6,61.0,56.5,17.9,1.0
2021-06-22 00:00:00,58.217262302577375,-73.71708992193757,6.0,0,12.9,47.7,65.9,86.0,9.8,9.564285714285711,1.0
2019-08-22 00:00:00,46.27790000068638,-75.9900999993793,8.0,1,21.9,0.0,13.1,47.0,41.6,23.23571428571429,1.0
2024-07-23 00:00:00,54.34813406983697,-77.20731593111402,7.0,0,17.9,0.0,10.7,50.0,26.0,18.00714285714286,1.0
2022-09-28 00:00:00,57.816223463284,-78.20340204562092,9.0,0,5.3,0.3,41.3,68.0,18.3,7.499999999999999,1.0
2024-07-08 00:00:00,53.56750000000005,-69.46039999999994,7.0,1,23.9,3.3,37.8,47.0,39.9,17.007142857142856,4.0
2023-05-13 00:00:00,45.75639999966029,-74.60250000027474,5.0,1,15.6,0.0,23.5,34.0,69.5,15.250000000000002,1.0
2023-06-01 00:00:00,49.74120000027983,-74.37480000031974,6.0,1,28.6,4.9,19.1,36.0,21.2,17.314285714285717,5.0
2022-08-21 00:00:00,48.73610000000008,-69.08269999999999,8.0,1,26.5,0.0,11.8,57.0,45.2,21.692857142857143,2.0
2021-07-09 00:00:00,46.85677194828609,-73.19078671053948,7.0,0,21.2,13.9,16.5,47.0,90.2,22.357142857142858,1.0
2023-05-23 00:00:00,49.28170000015496,-68.00689999963521,5.0,1,13.8,0.0,10.1,44.0,26.7,12.635714285714284,2.0
2021-08-11 00:00:00,47.4456000012845,-78.45280000005246,8.0,1,26.9,4.4,18.7,71.0,35.2,21.78571428571429,1.0
2021-08-19 00:00:00,49.190400000626624,-76.64669999967278,8.0,1,28.9,3.2,10.5,59.0,44.3,24.157142857142865,7.0
2022-06-04 00:00:00,54.77205335832873,-59.95902925618478,6.0,0,4.2,0.0,9.8,78.0,60.6,5.171428571428573,2.0
2023-06-02 00:00:00,49.74360000033983,-77.76379999977013,6.0,1,25.7,0.0,17.3,21.0,16.9,19.50714285714286,1.0
2020-07-27 00:00:00,45.43399543071815,-72.20150364227982,7.0,0,26.4,27.1,18.4,85.0,30.9,25.61428571428572,1.0
2021-07-06 00:00:00,52.1535529160276,-76.64740600586055,7.0,0,20.0,12.4,27.9,75.0,71.1,20.88571428571429,1.0
2023-06-02 00:00:00,47.275081102776,-64.08319185373732,6.0,0,11.1,7.0,49.7,77.0,35.9,11.714285714285714,7.0
2022-05-01 00:00:00,46.35270000000014,-73.65840000000003,5.0,1,18.0,0.0,15.0,31.0,52.4,8.757142857142856,4.0
2020-06-19 00:00:00,48.7333000008257,-78.88470000038471,6.0,1,29.8,0.0,14.7,30.0,31.5,19.957142857142856,7.0
2018-06-28 00:00:00,50.0047000009339,-71.94240000063115,6.0,1,28.6,0.0,12.8,30.0,31.0,20.12142857142857,4.0
2019-07-16 00:00:00,55.4626109937896,-62.83004861198248,7.0,0,22.3,0.5,19.4,44.0,61.0,15.185714285714289,2.0
2019-05-01 00:00:00,46.01380000088589,-71.97499999957999,5.0,1,8.7,2.7,15.9,30.0,96.1,11.55,4.0
2020-06-11 00:00:00,52.17286770179662,-73.05099045902526,6.0,0,20.0,11.7,45.1,69.0,51.2,8.992857142857142,1.0
2022-09-08 00:00:00,54.15379312256313,-71.38451146087453,9.0,0,16.2,0.1,19.1,52.0,97.0,15.157142857142858,3.0
2023-08-25 00:00:00,49.10679999972024,-79.33260000028974,8.0,1,18.0,5.6,17.6,82.0,42.6,21.50714285714286,5.0
2019-08-25 00:00:00,45.86370000123319,-74.02980000004949,8.0,1,22.5,0.0,10.4,46.0,26.2,23.392857142857142,3.0
2018-06-30 00:00:00,50.2255000011523,-72.88580000025837,6.0,1,24.3,0.3,14.4,45.0,37.9,18.77142857142857,3.0
2021-05-29 00:00:00,46.35410000130933,-73.65770000023366,5.0,1,15.8,0.0,12.8,25.0,18.5,22.15,3.0
2019-07-08 00:00:00,48.7803000010596,-73.1353000000537,7.0,1,22.4,0.0,26.9,31.0,55.0,23.092857142857145,2.0
2019-08-28 00:00:00,47.810600000790565,-78.3059999995728,8.0,1,23.0,0.3,22.9,43.0,35.7,21.664285714285715,1.0
2019-07-23 00:00:00,46.045929753343614,-69.33160285992551,7.0,0,23.6,0.1,8.7,36.0,54.8,25.942857142857143,2.0
2019-08-23 00:00:00,45.77050000106343,-76.42389999978181,8.0,1,18.3,0.0,17.3,49.0,38.7,23.571428571428577,2.0
2018-07-13 00:00:00,46.28080000069014,-74.9196999999109,7.0,1,27.3,0.4,14.2,38.0,27.7,27.221428571428564,7.0
2020-08-12 00:00:00,53.1690929264738,-74.94845401324825,8.0,0,18.8,6.5,20.9,63.0,51.3,22.59285714285713,1.0
2022-05-09 00:00:00,46.05700000000013,-73.48750000000001,5.0,1,20.2,0.0,12.6,20.0,15.2,14.814285714285717,5.0
2018-06-28 00:00:00,50.54250000108395,-68.45330000047711,6.0,1,27.5,0.0,18.7,33.0,39.5,17.65714285714286,1.0
2023-05-13 00:00:00,46.400900000134925,-71.82159999994002,5.0,1,13.3,0.0,27.3,38.0,50.7,16.72142857142857,1.0
2018-05-30 00:00:00,46.53330000125852,-71.63929999976108,5.0,1,27.2,0.0,11.1,25.0,24.7,20.15714285714285,2.0
2021-05-30 00:00:00,46.98000000086577,-71.21029999961482,5.0,1,16.7,0.2,14.1,36.0,28.1,19.12142857142857,4.0
2024-05-12 00:00:00,54.7423922041122,-64.70001781694093,5.0,0,11.7,0.0,13.7,38.0,42.3,1.3,5.0
2020-05-23 00:00:00,46.29770000052,-74.78640000056824,5.0,1,23.9,0.0,15.4,18.0,8.4,14.321428571428571,8.0
2023-06-01 00:00:00,47.991799999970056,-75.01730000029477,6.0,1,30.3,4.0,13.8,31.0,44.0,17.735714285714288,8.0
2021-07-13 00:00:00,50.39160000069734,-75.5356000002857,7.0,1,26.9,0.0,18.4,35.0,18.2,21.35,2.0
2024-07-01 00:00:00,53.0558117729518,-62.288662933520015,7.0,0,19.3,0.0,22.9,35.0,63.3,19.342857142857145,1.0
2023-07-05 00:00:00,53.34810000011498,-76.90539999991,7.0,1,27.2,12.0,19.8,51.0,0.8999999999999999,25.542857142857144,14.0
2020-05-21 00:00:00,46.60880000086529,-74.1020000002849,5.0,1,22.3,0.0,18.3,24.0,14.5,10.328571428571427,6.0
2020-05-02 00:00:00,56.11950090207732,-73.07544526847187,5.0,0,-1.8,0.1,27.5,76.0,38.3,-6.628571428571427,1.0
2018-08-03 00:00:00,57.43673073088168,-65.10952511093241,8.0,0,17.9,0.1,25.1,36.0,9.7,16.814285714285713,3.0
2023-09-13 00:00:00,51.77294212474702,-62.04893180837972,9.0,0,16.9,1.6,8.8,57.0,93.4,17.264285714285712,4.0
2024-05-31 00:00:00,47.28440000000006,-72.8384,5.0,1,23.2,0.0,16.4,23.0,38.1,22.321428571428577,3.0
2020-06-23 00:00:00,51.69872597512145,-66.67523105225071,6.0,0,25.4,0.2,12.4,42.0,60.5,16.085714285714285,1.0
2020-07-05 00:00:00,47.07240000085356,-77.51620000017762,7.0,1,24.6,0.4,12.7,45.0,49.9,24.928571428571423,3.0
2020-08-24 00:00:00,47.00970000124088,-73.55750000061386,8.0,1,21.4,3.3,11.7,69.0,24.7,22.06428571428572,3.0
2023-07-04 00:00:00,47.97341859338755,-74.36125617479479,7.0,0,28.1,0.5,10.3,45.0,55.2,24.542857142857148,2.0
2019-05-24 00:00:00,51.88873620349485,-67.05543803681647,5.0,0,10.4,0.0,12.4,50.0,27.2,7.17857142857143,3.0
2020-08-15 00:00:00,55.84757885600044,-78.98854716534126,8.0,0,19.3,0.2,46.2,66.0,16.8,12.92857142857143,4.0
2023-07-11 00:00:00,53.23380799562706,-71.27319040361544,7.0,0,18.2,37.0,35.3,88.0,77.1,22.00714285714286,1.0
2018-09-04 00:00:00,53.25599941761704,-68.06936122140607,9.0,0,10.9,1.2,42.3,67.0,89.3,15.028571428571428,1.0
2023-05-24 00:00:00,50.59408438996049,-64.57196800377505,5.0,0,11.6,2.1,18.2,69.0,34.3,10.264285714285714,3.0
2018-08-19 00:00:00,49.48310000054187,-72.67829999944638,8.0,1,24.6,0.0,13.3,31.0,42.3,24.907142857142865,10.0
2024-08-04 00:00:00,50.53643668522682,-65.3524601913449,8.0,0,25.6,0.0,18.6,36.0,36.2,23.25714285714286,1.0
2019-09-24 00:00:00,55.78155639537631,-70.05628949922625,9.0,0,9.2,0.0,21.3,60.0,21.7,10.007142857142856,1.0
2018-07-02 00:00:00,46.22350000054919,-76.93779999986289,7.0,1,30.3,6.5,21.2,58.0,62.6,23.892857142857142,2.0
2024-07-08 00:00:00,50.87740000000008,-62.45429999999994,7.0,1,29.5,0.0,16.8,34.0,53.8,21.742857142857144,3.0
2023-08-26 00:00:00,48.89564308508027,-65.398330696534,8.0,0,14.8,14.6,21.3,92.0,40.7,18.500000000000004,1.0
2020-07-23 00:00:00,46.993602630662046,-60.082771624960245,7.0,0,18.2,2.5,25.9,78.0,30.9,16.82142857142857,8.0
2020-06-11 00:00:00,46.16066009989178,-67.87369589152712,6.0,0,18.0,5.5,27.5,47.0,22.9,20.81428571428572,4.0
2024-08-19 00:00:00,53.33754728920805,-69.6416990136413,8.0,0,13.3,0.7,24.5,55.0,28.0,18.978571428571428,1.0
2020-05-20 00:00:00,48.25720000123273,-72.18380000067813,5.0,1,20.7,0.0,14.0,22.0,10.3,8.5,4.0
2019-06-11 00:00:00,57.20616223435856,-64.29024336173478,6.0,0,16.4,0.0,29.2,43.0,23.2,4.857142857142857,4.0
2018-09-13 00:00:00,47.570533323484575,-75.34741814828311,9.0,0,24.5,0.0,10.7,46.0,47.9,19.642857142857142,2.0
2024-06-06 00:00:00,52.24780000000004,-67.85639999999995,6.0,1,25.0,0.0,9.0,38.0,78.4,14.421428571428567,1.0
2023-06-01 00:00:00,49.34329999989512,-71.49999999999994,6.0,1,28.6,5.5,12.8,35.0,36.0,16.52142857142857,8.0
2018-08-26 00:00:00,47.894718295441486,-66.48888892575323,8.0,0,26.0,0.9,18.3,52.0,26.7,24.50714285714286,4.0
2018-09-28 00:00:00,45.74335785504741,-71.39419794702843,9.0,0,19.3,1.5,12.6,43.0,58.3,19.32857142857143,2.0
2023-07-14 00:00:00,45.1737075625273,-75.50793932784276,7.0,0,25.9,1.2,9.0,52.0,63.2,27.6,1.0
2024-07-05 00:00:00,48.36431600634568,-58.6247183550356,7.0,0,22.7,0.8,19.9,62.0,48.9,19.65714285714285,4.0
2024-05-21 00:00:00,47.24250000000007,-79.36529999999993,5.0,1,25.6,0.0,10.7,41.0,11.8,18.81428571428572,2.0
2020-07-15 00:00:00,45.78005471226753,-60.22829965934612,7.0,0,14.9,9.5,26.1,84.0,45.3,18.15,3.0
2023-05-14 00:00:00,45.80690000013493,-73.71500000024974,5.0,1,17.0,0.0,16.2,27.0,80.39999999999999,17.307142857142857,2.0
2019-05-17 00:00:00,50.15793019070535,-74.45988456255813,5.0,0,12.6,0.1,12.1,52.0,16.4,9.271428571428572,7.0
2021-06-14 00:00:00,46.522900000532736,-77.41880000055228,6.0,1,23.0,2.0,11.8,52.0,5.2,24.88571428571428,9.0
2019-08-04 00:00:00,48.09910000092929,-69.07979999963169,8.0,1,18.6,0.3,22.5,55.0,28.8,23.58571428571429,1.0
2022-06-21 00:00:00,53.18552336372706,-67.67922717866597,6.0,0,13.4,0.1,19.7,43.0,38.6,14.87857142857143,4.0
2019-05-19 00:00:00,57.168174607737335,-66.9127039530308,5.0,0,12.7,0.4,11.7,48.0,28.7,7.321428571428571,5.0
2020-05-14 00:00:00,48.71980000115332,-67.40169999954631,5.0,1,11.2,0.0,27.8,33.0,52.1,7.792857142857143,2.0
2024-05-05 00:00:00,52.17037669060582,-73.63917653242075,5.0,0,12.3,9.7,33.0,66.0,22.0,3.007142857142857,1.0
2020-06-19 00:00:00,47.46530000122392,-69.92199999992418,6.0,1,31.0,0.0,28.8,33.0,12.0,20.67142857142857,8.0
2020-06-03 00:00:00,53.11637412784518,-68.54783934054127,6.0,0,-0.3,15.5,29.7,91.0,52.8,4.342857142857143,4.0
2018-08-13 00:00:00,46.44650000076459,-76.1045000004506,8.0,1,27.7,0.0,6.8,48.0,62.1,25.892857142857142,4.0
2022-07-10 00:00:00,52.38168523319021,-62.31719895656376,7.0,0,15.3,3.8,18.6,55.0,44.0,18.185714285714283,1.0
2021-05-07 00:00:00,49.4539204771881,-67.23544994364508,5.0,0,6.7,0.5,11.1,78.0,72.7,8.807142857142855,1.0
2023-05-21 00:00:00,45.46862280635293,-71.47542384544764,5.0,0,18.6,5.5,20.0,48.0,24.6,16.021428571428572,1.0
2019-05-01 00:00:00,45.3913000007563,-73.66180000058175,5.0,1,6.2,10.9,23.8,42.0,79.4,12.378571428571432,4.0
2023-06-01 00:00:00,48.48980000026984,-74.83550000002492,6.0,1,29.5,0.1,12.0,31.0,39.2,17.235714285714288,8.0
2020-05-21 00:00:00,46.16550000119388,-70.54080000062565,5.0,1,22.9,0.0,20.9,26.0,39.5,11.407142857142857,5.0
2024-08-07 00:00:00,49.16790000000003,-71.80229999999993,8.0,1,17.8,0.3,16.3,45.0,45.2,24.550000000000004,4.0
2023-06-01 00:00:00,48.05179999967032,-74.03290000043461,6.0,1,30.0,1.5,15.9,28.0,40.1,17.307142857142853,8.0
2018-05-17 00:00:00,45.43224086468427,-76.76714198613564,5.0,0,16.1,0.0,14.3,32.0,13.9,19.057142857142853,2.0
2021-07-03 00:00:00,47.88661501019035,-59.330874893953165,7.0,0,14.1,0.0,15.9,59.0,107.8,16.47857142857143,2.0
2022-08-16 00:00:00,45.14915158979138,-64.46112012707835,8.0,0,24.7,0.0,18.8,47.0,73.6,24.557142857142857,2.0
2020-08-20 00:00:00,54.75824515856966,-70.21104568263394,8.0,0,11.8,4.8,28.0,57.0,36.8,19.56428571428572,1.0
2024-06-12 00:00:00,57.642295172364925,-78.72852286881998,6.0,0,5.7,1.5,27.1,70.0,10.1,5.285714285714285,8.0
2022-05-08 00:00:00,45.64800000000014,-75.5949,5.0,1,17.3,0.0,12.0,25.0,64.4,13.3,4.0
2019-08-19 00:00:00,55.46463740980139,-74.26498318530265,8.0,0,19.7,7.7,41.4,76.0,69.0,16.692857142857143,2.0
2023-05-07 00:00:00,46.2809999999501,-75.5940000001998,5.0,1,19.0,0.0,17.4,34.0,73.7,11.349999999999998,4.0
2020-07-19 00:00:00,46.72774366741897,-77.00962367671102,7.0,0,26.5,32.7,18.0,81.0,103.4,26.500000000000004,1.0
2018-08-10 00:00:00,58.10963247479408,-65.08778995192013,8.0,0,13.0,3.7,27.4,81.0,16.400000000000002,16.564285714285713,3.0
2021-09-14 00:00:00,46.42532199155395,-77.44316968429412,9.0,0,18.8,1.7,23.8,64.0,55.6,18.98571428571429,2.0
2021-07-13 00:00:00,54.74436536054544,-62.87081059463803,7.0,0,23.1,0.0,22.4,42.0,39.2,16.685714285714287,6.0
2023-07-23 00:00:00,52.53434860190817,-79.4424549659656,7.0,0,12.0,0.0,28.4,70.0,52.5,10.414285714285716,5.0
2020-08-02 00:00:00,53.93423375536247,-71.1032129368807,8.0,0,20.0,3.2,17.8,66.0,62.1,18.735714285714288,3.0
2024-06-10 00:00:00,52.47350000000006,-66.40049999999997,6.0,1,21.0,1.6,18.4,41.0,59.6,18.542857142857144,11.0
2022-08-20 00:00:00,49.18770000000012,-68.2389,8.0,1,26.1,0.0,15.9,61.0,36.1,21.7,1.0
2022-07-12 00:00:00,47.63851347759008,-76.11337992086962,7.0,0,17.9,15.3,17.0,73.0,49.8,20.042857142857144,1.0
2020-06-06 00:00:00,48.64730000088791,-72.72350000048078,6.0,1,12.7,10.7,18.4,55.0,60.7,17.97142857142857,1.0
2020-06-11 00:00:00,45.737800000795445,-74.08420000012173,6.0,1,26.1,12.5,36.5,40.0,35.5,21.33571428571429,1.0
2018-07-07 00:00:00,47.16560000124676,-72.41470000025092,7.0,1,23.7,0.0,16.3,37.0,29.7,25.34285714285713,1.0
2018-06-26 00:00:00,49.06324560646168,-75.92452417270222,6.0,0,22.9,0.0,19.9,30.0,38.6,20.65,2.0
2023-07-12 00:00:00,47.53232980368906,-71.78920442430727,7.0,0,22.0,1.1,13.0,50.0,262.90000000000003,23.3,1.0
2021-05-07 00:00:00,53.158413117265134,-62.79759718852769,5.0,0,5.0,2.5,14.9,80.0,41.0,5.621428571428572,1.0
2018-08-14 00:00:00,51.18981085698447,-70.91398505183561,8.0,0,27.1,1.5,24.0,43.0,53.9,21.25,1.0
2018-07-19 00:00:00,58.13595733316325,-67.5943033838552,7.0,0,10.7,0.0,15.8,66.0,33.8,15.935714285714283,3.0
2022-05-13 00:00:00,48.19010000000014,-68.98649999999998,5.0,1,24.7,0.0,16.7,36.0,12.3,11.778571428571428,9.0
2018-07-05 00:00:00,52.0128000008731,-76.56890000016568,7.0,1,29.0,4.1,28.1,54.0,27.6,19.878571428571423,2.0
2020-06-18 00:00:00,46.05130000089178,-73.70849999937032,6.0,1,31.8,0.0,11.9,25.0,21.2,22.471428571428568,7.0
2021-06-25 00:00:00,54.46199862504234,-74.19838762832337,6.0,0,17.3,5.0,42.8,66.0,58.4,15.614285714285714,1.0
2018-09-26 00:00:00,51.77678252788117,-63.97817674448274,9.0,0,12.4,7.6,25.2,87.0,30.1,9.921428571428573,4.0
2021-09-11 00:00:00,49.80884964526897,-70.9749135936697,9.0,0,15.7,0.4,16.9,52.0,35.7,17.82142857142857,2.0
2020-05-25 00:00:00,48.24500000055239,-65.63580000030461,5.0,1,23.3,0.0,12.0,33.0,3.2,14.264285714285714,13.0
2021-06-13 00:00:00,48.9283000006695,-72.10249999931335,6.0,1,22.7,0.0,13.5,26.0,15.2,22.178571428571427,6.0
2020-07-06 00:00:00,46.390300000890974,-73.76920000001728,7.0,1,24.7,0.0,10.2,30.0,37.9,23.557142857142857,6.0
2022-09-26 00:00:00,47.22671996462904,-64.20410177536961,9.0,0,15.3,6.8,36.3,76.0,90.7,16.8,2.0
2024-06-20 00:00:00,50.50250000000006,-59.58719999999994,6.0,1,29.3,0.7,21.1,33.0,22.0,15.67857142857143,1.0
2022-05-17 00:00:00,45.963676836129686,-67.96059014944095,5.0,0,18.3,8.5,27.1,47.0,33.4,17.82857142857143,1.0
2020-07-05 00:00:00,51.030800001006575,-70.58550000043643,7.0,1,17.9,2.6,14.6,49.0,58.7,22.02142857142857,3.0
2023-09-18 00:00:00,50.17157114407637,-62.31899672270704,9.0,0,14.0,0.0,23.7,74.0,84.39999999999999,16.3,1.0
2023-08-11 00:00:00,57.725613025923934,-60.02487359886251,8.0,0,7.9,0.1,37.5,92.0,9.2,7.135714285714286,9.0
2019-05-06 00:00:00,49.38536074387345,-61.03379452846854,5.0,0,3.0,0.0,16.3,80.0,38.1,1.9714285714285715,8.0
2018-08-05 00:00:00,46.90800000086429,-78.84310000062206,8.0,1,27.7,0.2,23.4,59.0,73.7,24.26428571428572,2.0
2018-07-02 00:00:00,48.49950000097909,-68.06610000027223,7.0,1,30.0,2.9,25.8,58.0,33.9,21.8,2.0
2023-07-01 00:00:00,55.32696163938191,-78.07837700114929,7.0,0,17.8,0.0,18.3,51.0,2.0,11.857142857142858,8.0
2018-05-16 00:00:00,46.53610000125371,-78.30499999958629,5.0,1,20.0,0.3,22.0,33.0,37.6,15.635714285714284,6.0
2019-07-04 00:00:00,46.35650000100558,-70.76729999935594,7.0,1,28.0,0.0,13.7,43.0,69.89999999999999,21.57857142857143,3.0
2024-05-07 00:00:00,50.41170727219071,-58.76632519838389,5.0,0,2.8,6.5,24.3,98.0,27.6,2.6142857142857143,1.0
2022-08-09 00:00:00,49.204100000000096,-68.57139999999993,8.0,1,20.5,0.6,12.5,47.0,34.7,22.985714285714288,1.0
2024-06-07 00:00:00,45.04999386334828,-76.54989130637772,6.0,0,20.4,12.0,15.8,56.0,59.6,21.75714285714286,1.0
2020-09-10 00:00:00,54.3097152384943,-72.31159246251605,9.0,0,9.4,1.1,21.3,60.0,77.4,11.55,1.0
2019-07-05 00:00:00,48.689388319142864,-64.20042200570953,7.0,0,25.6,0.0,15.5,71.0,20.3,17.178571428571427,8.0
2023-06-17 00:00:00,58.74469999980522,-65.9838999996852,6.0,1,15.2,0.0,22.1,50.0,5.4,11.035714285714286,5.0
2022-05-01 00:00:00,45.7835,-72.77039999999988,5.0,1,17.6,0.0,18.0,39.0,38.7,11.285714285714288,4.0
2020-06-11 00:00:00,46.33960000132711,-73.83720000006211,6.0,1,25.0,13.1,32.4,43.0,44.1,19.07857142857143,1.0
2020-05-22 00:00:00,48.92270000085462,-72.25080000027766,5.0,1,16.6,0.0,19.6,19.0,3.8,11.05714285714286,14.0
2019-07-28 00:00:00,46.29460000058016,-74.2920000004225,7.0,1,25.0,2.1,18.1,53.0,18.3,23.8,7.0
2020-07-20 00:00:00,48.10795792044414,-71.7263098619573,7.0,0,23.0,3.2,26.3,60.0,86.39999999999999,24.10714285714286,1.0
2018-08-28 00:00:00,49.4533544238022,-66.33832140178387,8.0,0,17.5,0.7,49.0,86.0,16.4,17.742857142857144,1.0
2019-06-22 00:00:00,48.89890000090525,-72.26140000007183,6.0,1,23.6,0.0,28.1,28.0,42.9,19.85,3.0
2021-08-13 00:00:00,48.7820000007808,-72.94540000066816,8.0,1,25.2,2.0,16.9,56.0,12.8,21.82857142857144,1.0
2018-06-21 00:00:00,46.16512577424271,-60.41659002305402,6.0,0,19.8,4.0,17.3,53.0,32.6,15.507142857142858,2.0
2018-07-05 00:00:00,45.96050000074469,-77.24569999998758,7.0,1,34.5,0.5,15.6,37.0,32.8,27.1,3.0
2019-08-13 00:00:00,46.35310000066899,-74.64260000025448,8.0,1,19.6,0.0,13.3,46.0,53.7,21.5,1.0
2024-07-12 00:00:00,47.60806761712726,-70.48460511063085,7.0,0,24.7,0.2,11.0,63.0,42.9,24.128571428571423,1.0
2021-06-02 00:00:00,49.79510000116301,-76.66199999951453,6.0,1,22.1,1.3,15.1,43.0,38.3,17.35,6.0
2023-06-16 00:00:00,57.63872895811629,-68.83598831867641,6.0,0,14.6,0.0,21.3,35.0,16.0,13.32142857142857,3.0
2019-08-21 00:00:00,52.53548280797845,-76.34368740979514,8.0,0,18.1,1.5,15.3,58.0,75.5,18.585714285714285,2.0
2021-07-24 00:00:00,49.03980000074798,-76.26749999989772,7.0,1,24.5,4.2,23.6,40.0,62.5,23.07142857142858,5.0
2019-08-11 00:00:00,51.53346010510549,-57.59349868100348,8.0,0,17.5,1.1,16.7,85.0,61.8,17.035714285714285,1.0
2018-09-28 00:00:00,58.07294648634144,-64.27722926113569,9.0,0,6.2,2.3,37.9,76.0,90.8,0.4714285714285714,1.0
2024-07-08 00:00:00,51.211100000000044,-76.93429999999994,7.0,1,25.8,10.6,23.0,44.0,51.8,20.435714285714287,4.0
2020-06-17 00:00:00,50.45330000100286,-75.47230000060702,6.0,1,28.3,0.0,16.6,44.0,14.5,15.278571428571428,6.0
2021-08-06 00:00:00,48.74920000067917,-72.78570000009212,8.0,1,27.0,0.1,21.0,39.0,35.9,20.92142857142857,3.0
2018-05-30 00:00:00,45.957600001341845,-71.30649999938488,5.0,1,25.2,0.0,11.8,28.0,18.9,19.15714285714285,1.0
2023-05-09 00:00:00,48.75929999969526,-71.77769999985509,5.0,1,12.4,0.0,16.7,27.0,20.3,13.292857142857144,8.0
2020-05-13 00:00:00,45.38400000095154,-72.48200000020911,5.0,1,10.6,0.0,21.6,30.0,27.9,11.021428571428572,2.0
2023-07-15 00:00:00,57.97319999998007,-68.52170000035471,7.0,1,26.2,3.2,25.0,43.0,33.3,25.58571428571429,1.0
2023-05-26 00:00:00,45.96750000032483,-74.22230000044465,5.0,1,18.4,0.0,14.2,31.0,40.5,15.842857142857142,2.0
2024-07-22 00:00:00,56.432605606947234,-61.90290318161394,7.0,0,12.1,7.4,20.1,67.0,48.5,16.364285714285714,1.0
2021-06-11 00:00:00,45.63980000126137,-75.61869999970615,6.0,1,23.5,0.4,9.4,36.0,15.0,23.557142857142853,4.0
2024-08-26 00:00:00,55.33729700540558,-68.96467946701272,8.0,0,19.5,0.2,22.3,61.0,19.8,20.11428571428572,9.0
2019-09-05 00:00:00,50.754419623077744,-69.3831177461787,9.0,0,11.1,0.1,23.2,42.0,76.3,17.992857142857144,1.0
2018-06-28 00:00:00,51.13310000063722,-77.98000000010792,6.0,1,23.6,5.7,20.0,53.0,27.4,19.72142857142857,1.0
2019-06-29 00:00:00,48.39550000092975,-70.51809999960855,6.0,1,23.7,0.1,11.4,45.0,54.1,20.42142857142857,2.0
2018-07-02 00:00:00,49.95050000069529,-76.03250000017829,7.0,1,27.7,1.6,30.1,46.0,15.4,22.04285714285714,1.0
2019-07-23 00:00:00,48.53330249803389,-67.38679163316893,7.0,0,21.4,0.1,10.2,46.0,79.8,21.414285714285715,3.0
2023-06-05 00:00:00,46.05949999992509,-74.33240000015985,6.0,1,21.7,0.0,15.4,30.0,20.7,21.478571428571428,3.0
2024-05-15 00:00:00,54.3871415449663,-68.2265096769887,5.0,0,4.2,2.2,18.0,81.0,21.6,2.907142857142857,1.0
2018-07-19 00:00:00,51.94770000082234,-68.62930000056834,7.0,1,17.3,4.5,19.5,49.0,73.8,17.82857142857143,2.0
2023-08-05 00:00:00,56.95093643098831,-76.62256532217107,8.0,0,21.2,0.0,21.1,52.0,37.2,15.235714285714286,2.0
2024-06-05 00:00:00,52.31580000000008,-67.74749999999995,6.0,1,25.6,2.7,13.7,39.0,76.60000000000001,13.785714285714286,6.0
2018-07-24 00:00:00,48.4915401759384,-60.85890526185474,7.0,0,19.8,8.5,37.6,82.0,15.6,15.135714285714284,1.0
2023-05-13 00:00:00,54.92778096994909,-61.8834475578178,5.0,0,4.7,8.1,22.7,79.0,3.5,2.664285714285714,6.0
2021-05-05 00:00:00,52.11331942013539,-73.79431118732654,5.0,0,3.9,7.6,16.5,76.0,29.8,3.542857142857143,3.0
2024-05-26 00:00:00,57.35771789726261,-58.38519834922494,5.0,0,2.2,0.0,21.4,83.0,5.0,2.6,7.0
2019-06-23 00:00:00,48.50050000110816,-71.04800000034712,6.0,1,22.7,0.0,23.9,26.0,49.5,20.13571428571429,4.0
2020-09-23 00:00:00,45.14170000111319,-72.60139999961794,9.0,1,18.3,1.6,18.0,68.0,12.2,16.285714285714285,6.0
2020-08-11 00:00:00,46.26516885455474,-58.01749835231632,8.0,0,19.7,0.0,30.3,91.0,24.0,18.550000000000004,11.0
2020-07-26 00:00:00,55.13232930168836,-70.91601162456558,7.0,0,18.8,0.0,20.9,47.0,56.7,17.728571428571428,3.0
2018-06-19 00:00:00,49.84804466550531,-57.91586749644826,6.0,0,14.4,17.1,23.9,80.0,47.0,10.785714285714286,1.0
2022-09-20 00:00:00,49.226000000000056,-72.9923,9.0,1,15.2,0.0,18.4,54.0,40.0,19.72857142857143,6.0
2024-06-07 00:00:00,45.89994449968798,-69.87848141983345,6.0,0,17.1,14.0,14.6,91.0,21.0,20.957142857142856,1.0
2023-06-09 00:00:00,46.38659999989011,-73.70310000006492,6.0,1,16.3,1.5,12.4,55.0,16.4,22.92142857142857,1.0
2019-08-21 00:00:00,54.652293815569806,-63.43778529855036,8.0,0,12.9,11.7,21.1,74.0,94.2,17.385714285714283,1.0
2018-05-13 00:00:00,52.06142358399989,-63.29909069869741,5.0,0,2.2,0.8,24.9,41.0,41.9,3.3642857142857143,2.0
2018-05-23 00:00:00,47.69070000076058,-72.74979999967391,5.0,1,16.6,0.4,15.5,26.0,27.2,16.549999999999997,1.0
2020-05-28 00:00:00,49.01950000066492,-71.6629000003344,5.0,1,30.1,0.0,18.0,36.0,3.7,17.128571428571426,1.0
2022-07-06 00:00:00,50.42609231122324,-79.4740753251069,7.0,0,18.4,0.0,12.0,42.0,40.3,20.692857142857143,1.0
2021-05-18 00:00:00,57.43428634173433,-67.65483301372684,5.0,0,6.7,7.6,22.5,58.0,8.5,6.157142857142857,2.0
2023-08-21 00:00:00,55.23119696592479,-76.48942707342778,8.0,0,11.8,2.1,32.4,70.0,101.7,19.62857142857143,1.0
2021-06-05 00:00:00,46.97150000050632,-73.53479999968019,6.0,1,23.0,3.5,23.4,62.0,33.6,18.90714285714285,2.0
2018-05-22 00:00:00,48.717700000934926,-78.94910000041529,5.0,1,22.9,0.0,18.0,29.0,26.9,14.278571428571428,3.0
2021-09-08 00:00:00,50.34241301948664,-74.7621728712662,9.0,0,20.1,10.4,18.2,56.0,59.5,17.72142857142857,1.0
2021-05-06 00:00:00,56.41379276896478,-59.70536222921591,5.0,0,0.5,0.0,25.5,90.0,48.0,0.892857142857143,1.0
2021-08-03 00:00:00,52.93836384414431,-73.47608211588057,8.0,0,11.1,5.6,23.9,70.0,55.1,17.12142857142857,1.0
2018-07-31 00:00:00,51.39900000053621,-63.39790000050018,7.0,1,25.8,4.5,13.3,45.0,40.5,24.285714285714285,1.0
2020-09-24 00:00:00,55.84204863116599,-71.02655210959377,9.0,0,4.2,3.3,36.5,70.0,44.6,8.892857142857144,1.0
2019-08-07 00:00:00,51.562244479065065,-77.24723540732026,8.0,0,24.4,0.0,19.7,42.0,43.3,20.135714285714283,1.0
2024-08-13 00:00:00,48.77070000000004,-67.12959999999998,8.0,1,21.3,0.7,14.1,61.0,49.1,22.62857142857143,3.0
2019-07-26 00:00:00,53.798703138400526,-62.384625983388624,7.0,0,19.6,0.9,29.3,49.0,40.7,16.657142857142855,1.0
2018-07-05 00:00:00,47.12250000122575,-79.11869999949933,7.0,1,31.3,1.5,22.5,43.0,48.7,26.357142857142858,4.0
2019-06-26 00:00:00,45.26471998671097,-75.26626042314636,6.0,0,28.1,2.1,21.4,48.0,32.6,22.907142857142865,1.0
2019-07-13 00:00:00,48.66250000120996,-77.8363999994631,7.0,1,21.5,9.0,16.5,65.0,19.9,25.36428571428572,2.0
2024-07-27 00:00:00,45.91820000000007,-70.34149999999994,7.0,1,23.9,0.0,12.5,45.0,29.8,23.142857142857142,2.0
2021-07-22 00:00:00,57.40782019079415,-78.93437128749873,7.0,0,5.1,0.0,16.0,92.0,1.3,3.9928571428571424,14.0
2024-07-25 00:00:00,55.75421727284931,-69.34235503496585,7.0,0,17.4,3.5,32.8,57.0,50.6,16.67142857142857,4.0
2021-07-25 00:00:00,47.26150000109075,-73.64749999979057,7.0,1,24.4,23.3,25.8,56.0,40.5,23.807142857142857,5.0
2024-07-22 00:00:00,53.19358896843495,-63.5489501923212,7.0,0,15.1,2.6,22.6,54.0,87.3,21.514285714285712,1.0
2020-09-21 00:00:00,53.16277396884821,-60.963584592228216,9.0,0,16.6,0.0,22.2,44.0,34.3,14.028571428571428,4.0
2021-05-01 00:00:00,51.21822063626472,-63.10779411114612,5.0,0,4.8,0.7,19.4,62.0,75.8,4.228571428571429,1.0
2022-07-18 00:00:00,52.56204006122157,-65.61914655223265,7.0,0,20.1,1.5,23.1,54.0,96.3,14.342857142857142,1.0
2023-06-05 00:00:00,50.678000000299846,-72.83550000042464,6.0,1,19.6,0.8,21.6,38.0,23.5,18.02857142857143,4.0
2021-06-02 00:00:00,45.78350000067898,-73.9685999999876,6.0,1,25.9,0.0,16.1,28.0,6.6,22.65714285714285,3.0
2021-07-03 00:00:00,58.35499272711912,-59.06291609915671,7.0,0,6.6,0.0,21.3,86.0,5.7,6.128571428571428,4.0
2023-09-05 00:00:00,50.15050000027486,-78.30859999989002,9.0,1,32.5,0.0,16.9,40.0,22.0,20.87857142857143,3.0
2024-07-08 00:00:00,51.47080000000005,-63.4294,7.0,1,28.5,0.8,15.8,32.0,48.8,19.8,4.0
2022-05-02 00:00:00,49.75188727586568,-75.53431464133675,5.0,0,14.9,0.0,14.5,33.0,38.4,4.928571428571429,5.0
2018-06-28 00:00:00,49.04640000118545,-75.84110000038298,6.0,1,27.1,0.6,16.9,37.0,16.4,21.292857142857144,4.0
2018-06-03 00:00:00,48.49680000080872,-67.48230000050795,6.0,1,11.3,0.0,16.3,27.0,52.8,16.442857142857143,2.0
2020-05-21 00:00:00,46.09910000099118,-71.5596999999257,5.0,1,22.8,0.0,20.0,28.0,30.9,12.064285714285717,5.0
2023-09-11 00:00:00,55.03469385236295,-74.28081998909451,9.0,0,10.1,0.1,15.0,55.0,52.4,14.77857142857143,5.0
2022-06-05 00:00:00,51.97534073927187,-69.64470471491111,6.0,0,15.4,0.0,15.3,36.0,44.9,9.264285714285714,8.0
2020-06-22 00:00:00,49.2780000008531,-69.42549999976978,6.0,1,28.1,4.8,12.1,60.0,24.0,22.735714285714284,2.0
2023-06-16 00:00:00,45.541628921294894,-59.69247455023751,6.0,0,11.5,0.7,26.5,93.0,56.3,9.07857142857143,1.0
2024-06-25 00:00:00,50.61220000000003,-68.73889999999994,6.0,1,27.5,0.0,20.7,24.0,26.5,22.964285714285715,4.0
2022-09-28 00:00:00,48.00477127020643,-72.41340207936263,9.0,0,12.8,2.3,16.8,65.0,57.1,13.892857142857142,1.0
2020-05-21 00:00:00,46.54450000083007,-72.14689999959728,5.0,1,25.1,0.0,23.8,26.0,9.6,13.435714285714289,6.0
2022-07-03 00:00:00,55.86706279828125,-68.81381750724445,7.0,0,9.5,6.4,19.0,72.0,59.8,15.042857142857144,1.0
2024-06-09 00:00:00,53.63680000000005,-69.33709999999995,6.0,1,21.5,10.0,20.5,51.0,57.3,17.928571428571427,8.0
2019-07-08 00:00:00,49.81710000078134,-63.97020000016983,7.0,1,21.8,0.0,26.6,47.0,7.3,19.764285714285712,10.0
2018-07-05 00:00:00,48.04990000101408,-71.81450000012414,7.0,1,31.5,1.4,22.7,35.0,13.9,23.357142857142858,3.0
2022-05-09 00:00:00,50.91728200571585,-78.44759682679057,5.0,0,22.3,0.0,23.9,24.0,24.7,7.885714285714286,6.0
2023-06-01 00:00:00,48.461099999665294,-73.82339999981008,6.0,1,30.0,1.5,13.1,31.0,46.1,16.907142857142855,8.0
2021-07-01 00:00:00,54.06213881533921,-72.05901275528007,7.0,0,18.1,0.0,21.0,39.0,38.5,16.828571428571426,2.0
2019-06-24 00:00:00,46.488905592902526,-66.46625029810477,6.0,0,20.9,0.0,14.0,37.0,57.5,21.33571428571429,3.0
2018-09-10 00:00:00,46.35770000068854,-76.32549999963065,9.0,1,15.9,4.2,15.6,53.0,31.3,22.135714285714283,4.0
2019-09-02 00:00:00,48.965098797099536,-72.17824285647389,9.0,0,19.3,3.6,15.3,63.0,62.1,21.728571428571428,3.0
2023-05-05 00:00:00,47.82010104855481,-79.43307599274493,5.0,0,14.9,0.3,11.5,42.0,103.6,8.292857142857143,2.0
2024-08-28 00:00:00,57.10151660429024,-67.23953534384076,8.0,0,11.1,6.7,35.3,70.0,29.3,19.428571428571427,1.0
2023-06-08 00:00:00,49.33623676969965,-70.19497139333532,6.0,0,8.5,7.9,16.6,86.0,34.4,17.85,1.0
2019-08-23 00:00:00,47.13182053571472,-70.09974553351827,8.0,0,18.0,0.6,23.1,50.0,62.6,20.97857142857143,2.0
2019-08-14 00:00:00,45.9107940583145,-59.73435239249602,8.0,0,20.1,0.0,18.8,64.0,23.6,19.65,1.0
2022-08-05 00:00:00,49.04892419310833,-79.1255866022153,8.0,0,23.1,0.0,14.8,44.0,64.9,22.32857142857143,2.0
2024-07-08 00:00:00,49.26491192273412,-65.90531480859181,7.0,0,28.9,0.1,13.9,53.0,45.0,23.6,4.0
2021-06-14 00:00:00,45.617800000596034,-76.07510000055865,6.0,1,23.4,37.3,12.0,64.0,11.5,25.457142857142856,6.0
2024-08-06 00:00:00,49.027300000000025,-68.62179999999995,8.0,1,21.0,1.1,19.4,36.0,20.1,24.8,6.0
2018-07-01 00:00:00,47.38020000094782,-72.6575000002253,7.0,1,26.7,4.0,14.8,63.0,46.6,22.15714285714285,1.0
2019-06-18 00:00:00,51.55845374497791,-62.23106740751005,6.0,0,15.3,0.1,12.5,50.0,53.3,11.914285714285713,1.0
2021-09-01 00:00:00,45.82443884096294,-75.21109919437191,9.0,0,20.8,0.0,14.8,42.0,35.0,26.1,2.0
2019-09-16 00:00:00,52.28905003660933,-59.37714526753106,9.0,0,9.3,5.2,20.6,79.0,66.6,12.357142857142858,1.0
2020-05-11 00:00:00,46.14040000116434,-75.53749999979641,5.0,1,5.8,0.0,15.3,40.0,32.2,10.285714285714286,8.0
2018-05-25 00:00:00,54.751883999975405,-72.73272580912604,5.0,0,0.3,0.2,29.1,83.0,37.2,-2.55,1.0
2023-05-30 00:00:00,45.6955999999401,-76.20409999981513,5.0,1,25.7,0.0,12.2,37.0,39.4,18.042857142857144,6.0
2020-07-11 00:00:00,51.96973049211547,-76.795377333009,7.0,0,20.7,40.6,14.8,88.0,25.0,25.800000000000004,1.0
2023-07-05 00:00:00,52.10649999967529,-78.05649999977516,7.0,1,29.4,10.1,18.7,56.0,16.6,26.6,4.0
2020-05-13 00:00:00,46.18130000099998,-76.86190000028522,5.0,1,12.4,0.0,13.9,26.0,36.0,9.52142857142857,5.0
2023-05-09 00:00:00,48.41639999956038,-68.29870000040466,5.0,1,10.0,0.1,18.4,30.0,13.2,12.271428571428569,1.0
2020-06-22 00:00:00,47.3215000005314,-73.13740000025841,6.0,1,30.7,2.5,14.4,39.0,9.4,24.592857142857145,11.0
2020-05-13 00:00:00,47.06240000085145,-70.81459999989895,5.0,1,11.3,0.0,18.4,28.0,57.0,9.914285714285713,1.0
2024-05-24 00:00:00,54.56699423965846,-60.85424580158579,5.0,0,2.4,9.6,17.1,84.0,39.1,8.792857142857143,1.0
2021-09-28 00:00:00,51.13790318379318,-70.57300649233355,9.0,0,7.6,3.1,15.8,72.0,62.6,14.207142857142856,1.0
2023-05-14 00:00:00,46.26640000025986,-76.0136000003397,5.0,1,15.3,0.0,17.5,29.0,62.8,15.642857142857144,2.0
2018-07-16 00:00:00,47.761300000649534,-78.60739999980352,7.0,1,27.4,0.9,18.0,55.0,33.1,26.292857142857144,3.0
2022-06-01 00:00:00,52.570545416182746,-67.03675778010762,6.0,0,9.7,0.0,26.0,41.0,54.3,7.578571428571427,2.0
2018-08-17 00:00:00,50.005960300362666,-70.85125659099494,8.0,0,22.9,0.0,11.7,44.0,53.4,23.278571428571432,2.0
2022-05-09 00:00:00,45.9697000000001,-73.84280000000001,5.0,1,19.1,0.0,13.8,21.0,12.8,13.592857142857143,5.0
2019-07-27 00:00:00,51.95500000055672,-63.61169999971664,7.0,1,27.1,0.7,20.7,43.0,41.7,19.24285714285714,3.0
2022-05-05 00:00:00,46.327000000000055,-73.60379999999992,5.0,1,14.0,0.0,17.7,32.0,26.5,11.728571428571428,1.0
2022-05-13 00:00:00,46.98309999999998,-72.58969999999994,5.0,1,31.7,0.0,17.8,19.0,6.2,17.264285714285712,9.0
2020-05-21 00:00:00,46.072900001327774,-73.81520000015664,5.0,1,23.2,0.0,17.4,24.0,13.0,12.3,6.0
2019-06-19 00:00:00,49.22323501042884,-77.55265581420119,6.0,0,18.9,2.5,14.1,43.0,83.7,17.985714285714284,4.0
2020-05-17 00:00:00,47.98420000094443,-69.20559999937575,5.0,1,12.4,0.0,22.1,34.0,29.4,7.971428571428571,1.0
2021-06-18 00:00:00,45.988600001031664,-73.29010000061893,6.0,1,27.8,5.2,23.5,36.0,25.9,26.592857142857145,3.0
2021-09-05 00:00:00,56.18389590326008,-70.29946083827292,9.0,0,16.7,0.0,14.9,54.0,40.6,15.028571428571428,5.0
2021-05-29 00:00:00,48.13940000116072,-70.99139999957514,5.0,1,11.5,0.0,10.8,38.0,58.2,18.56428571428572,3.0
2020-05-13 00:00:00,45.64090000058184,-75.13959999938899,5.0,1,13.0,0.0,15.3,25.0,33.4,11.685714285714283,4.0
2020-08-19 00:00:00,46.72127013742727,-66.58576699442936,8.0,0,19.7,0.0,17.1,51.0,19.3,24.35,1.0
2020-08-13 00:00:00,48.44730000100315,-68.366499999782,8.0,1,24.0,0.0,12.8,48.0,31.7,24.90000000000001,1.0
2019-09-12 00:00:00,53.72945544690796,-71.7409144695147,9.0,0,6.9,1.8,25.9,75.0,50.9,10.021428571428572,3.0
2021-06-08 00:00:00,46.613500000940455,-75.0579000004977,6.0,1,29.1,0.0,14.8,48.0,35.5,20.485714285714284,3.0
2020-08-22 00:00:00,48.44240000058029,-73.48069999968482,8.0,1,18.4,1.6,14.5,57.0,28.8,20.914285714285715,3.0
2021-08-27 00:00:00,46.110600000959,-70.69150000026572,8.0,1,21.2,0.0,17.6,45.0,24.9,26.664285714285715,1.0
2023-09-08 00:00:00,56.50520375574423,-68.7583805516832,9.0,0,9.2,0.0,16.4,56.0,27.8,14.65,2.0
2020-06-05 00:00:00,51.13966677384768,-66.26864136873638,6.0,0,9.6,0.3,14.7,57.0,36.2,13.257142857142856,1.0
2024-07-09 00:00:00,49.45730000000003,-68.66459999999995,7.0,1,26.5,11.0,11.7,55.0,35.3,23.092857142857145,5.0
2020-05-12 00:00:00,46.29490000117937,-72.06180000010058,5.0,1,8.4,0.0,20.5,25.0,35.6,11.978571428571428,4.0
2020-06-21 00:00:00,45.53730000052256,-71.58429999969164,6.0,1,30.9,0.0,10.7,39.0,6.800000000000001,23.107142857142858,10.0
2018-09-22 00:00:00,54.35879562145624,-66.71658988218485,9.0,0,4.0,25.3,55.9,70.0,21.9,9.757142857142856,1.0
2021-06-14 00:00:00,48.684500001015074,-74.4469999994923,6.0,1,22.0,1.7,10.7,47.0,14.8,20.692857142857143,9.0
2021-06-22 00:00:00,45.25039803805664,-58.0834395317453,6.0,0,14.5,3.3,37.2,91.0,18.0,10.842857142857143,2.0
2024-06-19 00:00:00,49.79860000000008,-74.42889999999994,6.0,1,30.9,7.8,31.2,50.0,87.9,20.77142857142857,2.0
2018-06-28 00:00:00,51.914700000542,-68.56629999951627,6.0,1,25.8,3.9,15.9,33.0,24.0,14.142857142857144,2.0
2018-06-22 00:00:00,51.74300182664159,-58.59834835163787,6.0,0,13.7,0.0,16.8,44.0,56.3,9.971428571428572,1.0
2018-09-11 00:00:00,52.11625455729198,-77.75854687685158,9.0,0,20.2,0.9,22.3,59.0,27.0,16.542857142857144,4.0
2022-05-10 00:00:00,46.96330000000006,-71.34659999999997,5.0,1,20.6,0.0,12.2,23.0,21.5,11.321428571428571,6.0
2021-05-19 00:00:00,53.62412047117835,-77.17909802716845,5.0,0,23.9,0.5,25.2,43.0,24.7,7.142857142857143,1.0
2023-06-03 00:00:00,46.38390000038476,-72.51600000019982,6.0,1,18.5,0.0,25.8,30.0,22.6,23.428571428571427,1.0
2022-09-02 00:00:00,52.34860000000009,-77.48969999999997,9.0,1,25.3,10.6,27.1,56.0,45.0,18.47142857142857,1.0
2024-05-20 00:00:00,51.74629695398773,-76.26254946504635,5.0,0,20.5,0.0,29.1,31.0,32.8,13.628571428571428,1.0
2018-05-28 00:00:00,48.41508711797967,-67.60976664654854,5.0,0,13.8,5.8,19.0,56.0,45.9,13.021428571428574,3.0
2024-06-12 00:00:00,50.05912735914607,-71.1217774367252,6.0,0,20.6,0.2,16.3,50.0,14.8,19.214285714285715,2.0
2023-09-20 00:00:00,50.11659999999006,-73.6025999996902,9.0,1,15.4,0.0,17.9,54.0,25.1,17.7,6.0
2022-08-12 00:00:00,51.80889026905143,-78.6191889572279,8.0,0,22.6,0.0,14.5,40.0,127.4,19.464285714285715,1.0
2020-07-12 00:00:00,46.88026971548148,-71.40154999898343,7.0,0,25.7,14.6,19.3,68.0,52.7,25.971428571428568,1.0
2021-06-09 00:00:00,46.64550000134408,-72.97190000018978,6.0,1,24.2,0.0,19.5,25.0,19.5,21.692857142857147,3.0
2018-07-24 00:00:00,45.43227686933217,-67.37245619715245,7.0,0,29.2,0.2,23.3,46.0,21.7,26.75714285714286,1.0
2018-07-22 00:00:00,57.02387819444773,-65.2330838935896,7.0,0,19.8,0.0,9.1,41.0,42.5,16.035714285714285,2.0
2018-06-27 00:00:00,46.80400000116081,-69.92899999999594,6.0,1,24.8,0.0,16.8,30.0,62.3,20.38571428571429,2.0
2022-05-06 00:00:00,56.81429936602665,-61.25082477575626,5.0,0,-3.4,0.0,27.3,69.0,51.4,-0.7000000000000003,1.0
2024-05-31 00:00:00,46.95840000000004,-71.36619999999994,5.0,1,20.8,0.0,17.1,28.0,62.2,20.685714285714283,3.0
2022-08-02 00:00:00,49.12099999999992,-68.53409999999997,8.0,1,22.9,2.1,23.0,59.0,79.4,21.607142857142858,4.0
2024-05-21 00:00:00,46.69929328993285,-71.38655197732119,5.0,0,26.0,0.0,14.0,46.0,44.1,18.61428571428571,3.0
2019-08-27 00:00:00,47.94552190169785,-70.42202662145903,8.0,0,21.9,0.0,9.6,43.0,22.0,18.178571428571427,4.0
2019-05-14 00:00:00,48.10010000106035,-79.26169999990616,5.0,1,18.7,0.0,15.6,22.0,37.6,9.885714285714284,4.0
2019-05-20 00:00:00,55.57287079801967,-65.97514554111268,5.0,0,6.4,0.0,16.3,60.0,35.5,7.571428571428571,9.0
2023-08-27 00:00:00,50.40345534056231,-77.66933424371936,8.0,0,19.7,0.0,12.2,42.0,30.1,20.771428571428576,2.0
2022-06-06 00:00:00,52.41652088428688,-63.71233874051261,6.0,0,14.3,0.0,15.3,31.0,30.4,7.214285714285714,8.0
2020-07-05 00:00:00,46.578134226102485,-70.48093287306489,7.0,0,19.5,2.3,10.4,54.0,40.6,21.60714285714285,6.0
2018-07-01 00:00:00,47.140300000506166,-72.94499999969364,7.0,1,27.5,3.5,15.4,62.0,34.4,22.90714285714285,1.0
2020-06-11 00:00:00,54.01180279789298,-78.8598743535728,6.0,0,12.0,19.1,40.0,75.0,29.7,8.885714285714284,1.0
2019-09-22 00:00:00,50.207400000534335,-66.20150000048653,9.0,1,16.8,5.8,29.6,80.0,30.2,14.349999999999998,2.0
2019-05-01 00:00:00,49.56153318545383,-76.14472367015307,5.0,0,3.4,0.0,11.5,31.0,85.1,5.564285714285715,4.0
2023-07-01 00:00:00,47.4890577459561,-64.41710199094807,7.0,0,17.3,0.0,31.0,85.0,32.5,15.571428571428571,3.0
2024-06-02 00:00:00,49.57660679733896,-77.03325050910276,6.0,0,23.1,5.4,14.0,43.0,49.8,19.307142857142857,5.0
2021-06-17 00:00:00,51.84211225559573,-72.67006457537067,6.0,0,16.9,1.3,23.1,41.0,67.9,13.921428571428567,1.0
2018-07-15 00:00:00,54.93311267718664,-68.61443295386556,7.0,0,16.4,2.4,32.8,78.0,58.5,14.5,1.0
2021-07-13 00:00:00,45.9437000008972,-75.89230000022593,7.0,1,24.4,17.8,19.6,76.0,43.4,23.0,5.0
2022-05-06 00:00:00,46.02030000000008,-71.56040000000002,5.0,1,9.4,0.0,14.3,38.0,33.4,11.421428571428573,2.0
2022-07-02 00:00:00,45.71820000000002,-76.17429999999996,7.0,1,23.9,0.0,24.4,38.0,47.1,22.45714285714286,1.0
2023-08-09 00:00:00,50.14080429462872,-58.48781090870714,8.0,0,17.4,2.6,32.9,76.0,21.9,17.164285714285715,3.0
2022-06-01 00:00:00,50.02331652923475,-68.44206460081918,6.0,0,17.3,0.0,13.8,26.0,44.5,12.19285714285714,4.0
2022-06-23 00:00:00,48.93268128759093,-76.3250339352708,6.0,0,22.9,0.0,12.0,40.0,57.1,19.971428571428568,2.0
2022-09-21 00:00:00,47.80497497360279,-64.42899113706451,9.0,0,14.3,3.4,31.7,81.0,22.5,17.342857142857145,1.0
2020-05-27 00:00:00,45.98382097597476,-71.0711089038372,5.0,0,31.3,0.0,13.8,38.0,12.9,18.235714285714288,11.0
2024-06-02 00:00:00,58.59463074997404,-59.361293518879776,6.0,0,5.6,0.0,28.0,78.0,11.0,2.621428571428571,5.0
2021-08-20 00:00:00,48.6463000012357,-71.19959999979542,8.0,1,27.9,0.3,12.0,54.0,51.6,26.21428571428571,7.0
2019-06-11 00:00:00,51.665653923146685,-71.91162137672416,6.0,0,18.4,11.7,23.8,59.0,46.4,9.72857142857143,6.0
2023-07-08 00:00:00,48.19662328032,-75.48807766221412,7.0,0,25.7,0.6,9.2,38.0,111.8,24.90714285714285,1.0
2021-06-03 00:00:00,49.678800001062434,-68.58059999987037,6.0,1,22.1,0.0,19.2,39.0,28.8,16.585714285714282,2.0
2018-08-14 00:00:00,48.31760000118008,-78.9040999997329,8.0,1,29.2,0.4,19.0,51.0,34.6,24.7,3.0
2024-07-26 00:00:00,53.06660514370161,-63.66691068733997,7.0,0,17.2,1.6,19.7,37.0,80.8,19.27142857142857,1.0
2018-05-25 00:00:00,53.42922049541314,-62.70486999535829,5.0,0,3.0,0.2,23.0,65.0,55.1,-1.1785714285714284,3.0
2023-06-21 00:00:00,54.52910000016493,-77.74439999995997,6.0,1,28.0,0.0,29.0,34.0,0.6,23.085714285714285,14.0
2023-05-31 00:00:00,50.57320000037976,-68.9130999995653,5.0,1,29.1,0.0,19.3,23.0,26.2,13.142857142857142,7.0
2018-05-10 00:00:00,46.717300000879774,-71.72609999938248,5.0,1,24.3,6.4,27.1,32.0,122.5,13.599999999999998,5.0
2024-07-08 00:00:00,51.44530000000003,-70.05799999999994,7.0,1,26.4,0.5,28.0,40.0,50.3,19.435714285714287,4.0
2024-08-26 00:00:00,51.49350000000004,-78.68399999999997,8.0,1,31.2,31.5,19.7,37.0,4.1000000000000005,22.77857142857143,3.0
2019-06-07 00:00:00,48.33900000072736,-64.74870000056355,6.0,1,18.0,0.2,19.6,39.0,23.1,14.592857142857143,2.0
2022-07-04 00:00:00,52.38920093014224,-63.109919261414674,7.0,0,9.5,5.3,28.1,61.0,34.5,16.642857142857146,2.0
2024-09-17 00:00:00,47.20060000000007,-77.53989999999999,9.0,1,25.3,0.0,13.0,44.0,48.2,20.728571428571428,9.0
2024-07-02 00:00:00,50.63830000000007,-63.11139999999994,7.0,1,27.6,0.3,11.8,31.0,38.0,22.357142857142858,2.0
2023-06-06 00:00:00,55.57875007040008,-69.30967269420607,6.0,0,12.4,0.0,20.9,37.0,28.1,11.857142857142858,2.0
2018-06-26 00:00:00,47.64540000110612,-79.22850000015352,6.0,1,23.0,0.0,11.4,30.0,37.3,22.38571428571429,6.0
2018-05-06 00:00:00,49.735434884473285,-62.01814497691301,5.0,0,4.8,0.0,41.9,65.0,45.8,4.078571428571428,1.0
2021-05-15 00:00:00,45.59740000121918,-75.63820000001614,5.0,1,21.3,0.5,17.2,27.0,29.5,13.32142857142857,4.0
2021-09-05 00:00:00,50.84920000067246,-77.65359999987203,9.0,1,18.4,8.7,19.0,61.0,40.3,18.77142857142857,1.0
2018-07-06 00:00:00,45.957200001109086,-75.74999999974985,7.0,1,24.4,1.5,25.3,42.0,46.6,25.75,4.0
2019-05-12 00:00:00,53.81510046815856,-66.06632056619911,5.0,0,2.6,0.8,12.3,83.0,66.4,0.3000000000000001,1.0
2020-06-03 00:00:00,55.655866335657336,-75.40275513280412,6.0,0,0.8,1.9,28.4,80.0,24.3,2.192857142857143,3.0
2024-07-09 00:00:00,48.92330000000005,-77.58539999999994,7.0,1,23.9,14.7,14.0,63.0,44.1,21.821428571428573,6.0
2024-06-22 00:00:00,50.51170000000007,-66.22169999999994,6.0,1,23.2,0.7,15.9,29.0,12.9,20.92142857142857,3.0
2020-05-14 00:00:00,57.45294255292491,-78.3082190099873,5.0,0,1.6,0.0,28.1,74.0,24.8,-2.185714285714285,2.0
2024-05-28 00:00:00,52.94742520190503,-77.3064121440443,5.0,0,12.5,0.5,28.0,40.0,33.0,13.864285714285714,1.0
2022-05-09 00:00:00,46.440900000000056,-72.72519999999997,5.0,1,21.8,0.0,13.4,16.0,13.7,15.100000000000003,5.0
2018-06-24 00:00:00,56.945151865714045,-67.68047442298284,6.0,0,6.1,0.3,16.3,62.0,37.4,7.857142857142856,1.0
2019-06-18 00:00:00,53.9442739813984,-71.92343108507687,6.0,0,5.0,5.7,23.0,84.0,63.0,11.521428571428572,1.0
2023-09-11 00:00:00,46.68490000003504,-73.99360000023978,9.0,1,22.1,0.0,8.7,44.0,8.9,23.25714285714286,3.0
2023-09-22 00:00:00,45.5147932496151,-72.36312420326979,9.0,0,20.6,0.0,9.8,54.0,52.6,18.714285714285715,3.0
2022-07-31 00:00:00,46.26790000000005,-75.79610000000002,7.0,1,26.4,0.0,13.9,43.0,36.6,24.76428571428572,3.0
2019-08-07 00:00:00,46.30020000128907,-74.7168000001016,8.0,1,23.1,0.7,7.6,71.0,16.9,24.31428571428572,1.0
2023-05-13 00:00:00,46.66669999980519,-73.98619999983009,5.0,1,10.6,0.0,25.4,43.0,50.3,13.921428571428574,10.0
2021-06-18 00:00:00,47.90810000125067,-77.9330000006761,6.0,1,26.6,6.6,20.8,42.0,12.2,23.264285714285712,13.0
2019-06-24 00:00:00,46.42100000087912,-72.82449999945847,6.0,1,24.0,0.0,14.4,31.0,56.4,22.07857142857143,4.0
2023-09-25 00:00:00,49.79626684893134,-59.30608786185081,9.0,0,12.9,0.1,46.7,66.0,67.5,15.7,1.0
2023-09-16 00:00:00,51.24426456227305,-66.85453050064348,9.0,0,17.5,0.0,10.8,53.0,46.2,18.678571428571427,2.0
2024-09-14 00:00:00,54.50376608512108,-78.93201267763459,9.0,0,20.9,0.0,29.2,66.0,22.6,13.442857142857145,9.0
2020-05-09 00:00:00,45.85809001997622,-65.12860201070052,5.0,0,5.6,17.3,24.6,63.0,33.2,10.292857142857144,1.0
2023-06-12 00:00:00,47.79650489069096,-58.99560061346926,6.0,0,13.5,0.0,23.0,47.0,62.9,11.771428571428572,1.0
2021-08-23 00:00:00,46.89370000104821,-78.97209999999127,8.0,1,27.9,0.1,10.5,48.0,20.3,26.185714285714287,6.0
2021-06-01 00:00:00,46.08060000115454,-75.15880000044554,6.0,1,20.9,0.0,18.4,40.0,8.2,21.142857142857142,6.0
2020-06-23 00:00:00,46.30760000062564,-73.75910000047647,6.0,1,28.5,6.7,15.3,55.0,17.1,23.992857142857144,1.0
2024-07-08 00:00:00,51.44320000000005,-70.05699999999997,7.0,1,26.4,0.5,28.0,40.0,50.3,19.435714285714287,4.0
2023-05-10 00:00:00,48.90440000006004,-76.78220000042961,5.0,1,19.5,0.0,17.8,32.0,38.5,12.078571428571427,9.0
2018-05-18 00:00:00,48.44100000104503,-72.40179999935378,5.0,1,10.0,0.0,12.9,33.0,29.8,12.557142857142855,2.0
2023-07-02 00:00:00,56.93190000038476,-67.58710000016481,7.0,1,24.6,6.3,18.7,49.0,9.6,20.842857142857145,5.0
2023-06-20 00:00:00,45.74229465989527,-74.51831050923087,6.0,0,23.2,0.7,13.9,58.0,48.1,20.0,2.0
2020-08-12 00:00:00,53.11532311263868,-67.64912105614921,8.0,0,20.8,1.9,27.7,51.0,65.60000000000001,19.435714285714287,1.0
2020-08-01 00:00:00,46.09320000109132,-73.87379999960251,8.0,1,26.3,0.7,11.2,50.0,50.3,25.77142857142857,2.0
2021-06-03 00:00:00,52.63170000070586,-71.98869999941468,6.0,1,20.3,3.3,30.7,44.0,49.3,11.542857142857144,2.0
2024-07-02 00:00:00,51.8029354516709,-61.20789662967056,7.0,0,23.2,0.8,16.8,39.0,50.2,18.63571428571429,2.0
2024-06-03 00:00:00,51.790400000000034,-68.21809999999994,6.0,1,26.5,0.0,20.0,32.0,75.0,14.814285714285717,4.0
2019-06-10 00:00:00,47.39909490492849,-71.40105603356787,6.0,0,24.7,0.0,17.5,38.0,48.5,12.65,3.0
2018-06-18 00:00:00,47.57821091163205,-76.46737711579847,6.0,0,21.6,12.1,20.5,50.0,78.6,19.285714285714285,1.0
2023-06-02 00:00:00,52.92853173726793,-78.46786315031203,6.0,0,22.8,0.0,17.5,24.0,10.4,14.65,6.0
2020-07-04 00:00:00,45.45390000088524,-75.77100000009855,7.0,1,28.5,0.0,14.8,23.0,24.2,28.178571428571427,1.0
2022-05-09 00:00:00,46.21120000000002,-75.47159999999997,5.0,1,20.8,0.0,12.9,21.0,46.6,12.485714285714286,5.0
2024-05-23 00:00:00,48.37290000000007,-77.21689999999995,5.0,1,19.5,0.4,36.0,27.0,28.1,19.678571428571427,1.0
2023-05-23 00:00:00,46.08599999980021,-72.1615000002248,5.0,1,21.5,0.0,13.8,31.0,36.5,17.38571428571429,2.0
2021-06-01 00:00:00,49.11060000047774,-72.47110000022813,6.0,1,20.8,3.4,18.5,42.0,34.9,18.307142857142857,6.0
2022-07-06 00:00:00,48.51683355194422,-75.40403514301137,7.0,0,18.1,0.3,16.2,39.0,68.8,21.67142857142857,1.0
2023-05-20 00:00:00,53.80274225276855,-68.97993386079594,5.0,0,11.7,0.0,41.3,52.0,22.1,4.364285714285713,1.0
2024-07-05 00:00:00,46.58215320247052,-72.0388645337068,7.0,0,27.0,3.7,10.2,49.0,150.0,23.978571428571428,1.0
2023-05-22 00:00:00,47.56560000033977,-78.15429999974515,5.0,1,14.8,0.0,13.7,35.0,26.3,14.835714285714284,2.0
2023-05-26 00:00:00,46.96832936420044,-62.93346080581889,5.0,0,5.8,11.3,33.6,84.0,23.6,8.357142857142858,1.0
2022-09-06 00:00:00,54.00804969527953,-72.28583433681828,9.0,0,19.4,0.0,20.1,63.0,51.6,14.79285714285714,1.0
2022-07-06 00:00:00,48.19850361272424,-58.14450744832189,7.0,0,15.2,13.8,30.5,69.0,61.400000000000006,19.214285714285715,2.0
2018-09-27 00:00:00,50.7819048506372,-78.53061659449132,9.0,0,13.1,3.6,21.0,48.0,98.5,13.428571428571429,1.0
2019-06-06 00:00:00,48.13780000137408,-78.1523999995866,6.0,1,17.1,0.3,10.8,38.0,52.9,14.578571428571426,3.0
2022-06-14 00:00:00,55.14809999999994,-74.4842999999999,6.0,1,25.2,0.0,17.9,19.0,9.4,17.82857142857143,6.0
2018-06-09 00:00:00,47.37291949206449,-74.52029980785144,6.0,0,16.2,0.0,19.4,30.0,63.9,19.67142857142857,1.0
2022-08-06 00:00:00,48.082700000000045,-78.07339999999994,8.0,1,28.8,0.0,26.0,48.0,51.4,22.550000000000004,2.0
2022-05-07 00:00:00,45.89920000000012,-74.3435,5.0,1,11.4,0.0,16.8,30.0,21.9,11.95,3.0
2024-07-12 00:00:00,57.75583512531888,-68.87535089467414,7.0,0,14.4,0.8,38.9,61.0,29.6,15.249999999999998,4.0
2021-06-19 00:00:00,48.117300000802445,-69.84719999954476,6.0,1,21.2,19.0,11.6,66.0,44.3,20.12142857142857,1.0
2024-07-15 00:00:00,55.9797218386849,-58.11014331911167,7.0,0,8.5,0.0,26.1,87.0,14.8,9.978571428571428,3.0
2022-05-07 00:00:00,45.852200000000096,-73.9844,5.0,1,12.5,0.0,16.1,27.0,21.5,13.342857142857143,3.0
2020-07-03 00:00:00,50.51740887650186,-78.4118685264962,7.0,0,22.4,0.0,20.9,33.0,57.8,24.12857142857143,1.0
2022-06-25 00:00:00,46.909200000000055,-70.1483,6.0,1,24.7,0.0,14.7,44.0,45.9,19.45,2.0
2023-06-01 00:00:00,47.69530000009496,-74.06659999959027,6.0,1,29.7,2.4,13.9,32.0,44.5,18.485714285714284,8.0
2020-09-10 00:00:00,53.00322288742522,-67.22081276103421,9.0,0,8.1,0.9,13.3,66.0,55.0,11.171428571428573,1.0
2021-07-09 00:00:00,53.77861638253096,-76.56447485393247,7.0,0,16.9,0.7,19.6,50.0,38.9,18.757142857142856,3.0
2024-07-18 00:00:00,51.92780528649948,-67.27922975166588,7.0,0,20.7,31.0,18.9,62.0,52.2,22.59285714285715,1.0
2023-09-04 00:00:00,54.6475820740262,-73.040291508433,9.0,0,19.0,0.0,40.0,55.0,51.2,14.114285714285716,1.0
2023-05-27 00:00:00,49.73449999977521,-74.5377999996702,5.0,1,26.9,3.5,20.1,33.0,21.1,11.035714285714288,4.0
2020-05-15 00:00:00,53.45235658759938,-78.89264322131336,5.0,0,6.6,0.0,14.1,65.0,9.1,-1.1285714285714283,5.0
2020-05-14 00:00:00,47.39650000132854,-72.78459999963842,5.0,1,16.3,0.0,10.3,22.0,32.5,9.107142857142858,7.0
2019-08-15 00:00:00,52.7789587794667,-75.66251697302957,8.0,0,20.1,0.0,22.5,42.0,65.0,16.42142857142857,1.0
2023-07-05 00:00:00,54.63589999968531,-72.35759999984009,7.0,1,31.8,2.3,33.8,27.0,29.2,23.207142857142856,3.0
2024-08-01 00:00:00,52.94600857319978,-62.655026885922254,8.0,0,24.0,19.9,16.2,50.0,71.7,20.87857142857143,1.0
2021-08-13 00:00:00,47.83720000091243,-69.44929999945451,8.0,1,28.3,0.0,19.7,53.0,14.2,22.71428571428572,2.0
2024-06-05 00:00:00,51.76410000000004,-68.18709999999999,6.0,1,26.7,0.1,11.6,37.0,69.2,15.35,6.0
2024-09-03 00:00:00,51.51906470469843,-76.13220092930959,9.0,0,19.7,0.0,15.5,43.0,53.2,19.88571428571429,1.0
2019-06-08 00:00:00,48.59520000080486,-68.17309999959461,6.0,1,15.4,0.0,17.9,42.0,60.1,13.971428571428572,1.0
2024-09-09 00:00:00,52.95090482492871,-66.08535502736648,9.0,0,10.7,23.2,34.1,74.0,38.1,17.685714285714287,1.0
2023-05-12 00:00:00,45.73410000011495,-74.51410000031473,5.0,1,22.9,2.9,21.7,39.0,68.9,15.0,9.0
2018-07-01 00:00:00,50.37110000071748,-79.00310000052542,7.0,1,27.0,7.7,17.0,69.0,39.8,21.45,3.0
2024-07-22 00:00:00,49.21692049451331,-61.52589414380493,7.0,0,19.3,1.2,34.3,64.0,5.3,19.607142857142858,5.0
2021-06-27 00:00:00,45.72240000072517,-72.01150000047086,6.0,1,29.3,0.5,28.7,48.0,94.9,21.55,1.0
2023-06-01 00:00:00,48.77119999988014,-64.50549999962521,6.0,1,30.8,0.1,13.1,30.0,55.4,18.192857142857143,6.0
2021-08-23 00:00:00,49.187900000982815,-68.23879999953958,8.0,1,26.5,0.1,9.1,61.0,26.7,23.571428571428573,9.0
2023-05-10 00:00:00,53.37048980840353,-72.86201114853431,5.0,0,10.7,0.0,16.7,55.0,8.2,9.135714285714286,9.0
2023-07-19 00:00:00,54.18798259725148,-60.94805418280707,7.0,0,20.5,7.5,15.6,73.0,30.9,24.31428571428572,2.0
2020-06-01 00:00:00,46.38428652422829,-65.0944584855185,6.0,0,13.0,0.0,15.8,38.0,7.699999999999999,20.642857142857142,5.0
2023-06-09 00:00:00,55.04290091499901,-59.8068276218857,6.0,0,16.0,0.0,20.0,57.0,22.7,9.435714285714283,8.0
2020-05-16 00:00:00,48.806700000613375,-71.94670000010882,5.0,1,18.4,0.2,17.4,29.0,15.6,8.52142857142857,8.0
2022-07-10 00:00:00,53.38121134981151,-66.51319723397083,7.0,0,12.8,7.8,24.5,73.0,65.5,14.335714285714284,1.0
2024-05-11 00:00:00,46.392300000000034,-72.57139999999998,5.0,1,18.0,0.1,13.4,32.0,36.8,15.678571428571429,2.0
2019-07-06 00:00:00,52.45825167825876,-66.65331936844768,7.0,0,19.4,0.8,32.1,53.0,25.4,18.664285714285715,1.0
2021-05-21 00:00:00,45.61170000092479,-74.47459999937671,5.0,1,30.2,0.0,12.3,37.0,7.2,19.878571428571423,10.0
2020-06-18 00:00:00,48.24020000115198,-75.10929999970689,6.0,1,31.5,0.0,18.1,25.0,16.5,18.62142857142857,6.0
2022-08-05 00:00:00,53.64688476660343,-64.68798288194256,8.0,0,16.6,0.2,41.1,46.0,96.9,18.25,1.0
2018-08-23 00:00:00,53.30576518046064,-57.58925509926463,8.0,0,22.5,4.8,20.8,70.0,40.9,20.828571428571426,2.0
2024-09-05 00:00:00,47.37078490282734,-57.61033001952376,9.0,0,16.8,0.0,22.4,73.0,26.9,18.27142857142857,3.0
2020-05-05 00:00:00,52.944711245240015,-71.52739160209487,5.0,0,-1.7,0.1,23.9,74.0,34.0,-2.378571428571429,4.0
2021-08-04 00:00:00,46.11611377355849,-58.23231317326977,8.0,0,17.3,0.0,35.8,82.0,27.7,17.049999999999997,2.0
2019-06-05 00:00:00,55.197066271837286,-70.0603456889609,6.0,0,4.9,2.7,23.0,71.0,57.7,5.292857142857143,1.0
2018-06-29 00:00:00,47.24590000045039,-79.26060000052753,6.0,1,30.9,0.0,18.6,27.0,9.3,23.86428571428572,5.0
2024-06-14 00:00:00,50.068371750518125,-74.60800213241865,6.0,0,14.3,14.6,28.5,61.0,69.4,21.90714285714285,1.0
2021-06-07 00:00:00,49.62500000133145,-71.34169999965839,6.0,1,30.1,0.3,30.0,39.0,23.3,17.22142857142857,2.0
2023-06-01 00:00:00,49.32829999974524,-72.41410000001497,6.0,1,29.3,0.7,18.0,36.0,31.8,18.178571428571427,8.0
2019-07-09 00:00:00,47.07980000136192,-72.00420000021847,7.0,1,24.5,0.0,18.3,36.0,86.5,23.13571428571429,3.0
2019-05-24 00:00:00,53.88745307337407,-59.11851142243299,5.0,0,8.3,0.3,10.5,53.0,6.4,5.671428571428571,1.0
2024-08-03 00:00:00,49.57790000000006,-70.89139999999998,8.0,1,25.7,5.0,17.4,51.0,42.7,23.35,3.0
2022-07-11 00:00:00,45.043101431433776,-64.90021389137327,7.0,0,26.0,0.0,14.1,39.0,66.4,22.871428571428577,5.0
2018-07-14 00:00:00,49.09970000112452,-78.56579999982081,7.0,1,27.0,8.3,16.5,52.0,43.5,25.964285714285715,1.0
2021-07-13 00:00:00,52.77995958473545,-72.9835891325928,7.0,0,26.1,0.0,22.5,36.0,36.6,18.485714285714288,6.0
2018-05-18 00:00:00,48.87870000070375,-72.95879999958767,5.0,1,9.9,0.0,13.5,33.0,32.5,10.907142857142857,2.0
2024-05-24 00:00:00,48.63746968801824,-77.8491022673509,5.0,0,13.6,1.8,22.6,48.0,23.9,19.91428571428571,2.0
2020-05-18 00:00:00,46.28700000102118,-76.0098000003764,5.0,1,17.4,0.0,14.2,24.0,10.8,10.264285714285714,3.0
2021-05-20 00:00:00,46.1208000012354,-74.60659999947755,5.0,1,26.4,0.4,17.1,38.0,11.3,16.771428571428572,9.0
2022-05-22 00:00:00,49.18739999999997,-68.23900000000003,5.0,1,14.5,7.1,23.9,66.0,55.2,15.057142857142855,1.0
2020-07-07 00:00:00,46.28660000055962,-77.47730000017201,7.0,1,31.6,3.6,15.1,34.0,38.1,25.27857142857143,2.0
2018-05-06 00:00:00,52.46317780188556,-75.61914892993963,5.0,0,-3.6,0.4,23.3,62.0,19.1,4.735714285714286,1.0
2020-06-13 00:00:00,53.54511176521576,-61.37402155217718,6.0,0,9.2,3.8,17.8,51.0,60.1,7.757142857142858,2.0
2023-09-19 00:00:00,46.280500000274856,-74.28509999976512,9.0,1,13.6,7.4,17.2,80.0,31.5,21.02142857142857,1.0
2018-06-26 00:00:00,48.1624000009779,-67.13230000052032,6.0,1,21.4,0.0,14.4,34.0,59.3,20.15,1.0
2023-06-24 00:00:00,53.67589999998506,-71.47920000037965,6.0,1,16.0,0.6,27.2,61.0,39.2,20.6,1.0
2019-08-17 00:00:00,58.33921418241191,-74.38278701446649,8.0,0,15.7,0.0,23.7,54.0,34.7,14.85,1.0
2021-06-18 00:00:00,54.50706243943645,-69.68604361555208,6.0,0,16.7,1.1,28.1,64.0,37.8,8.685714285714287,1.0
2024-05-04 00:00:00,51.88930008839879,-57.57834707037178,5.0,0,6.7,0.0,20.7,49.0,64.8,2.8142857142857145,2.0
2021-06-12 00:00:00,47.08390000089091,-73.25750000048625,6.0,1,23.0,0.0,13.0,21.0,17.5,21.621428571428577,6.0
2023-06-01 00:00:00,49.38789999988512,-77.06470000040468,6.0,1,32.0,1.1,15.3,26.0,12.3,18.371428571428577,9.0
2024-08-03 00:00:00,50.29610000000008,-66.43959999999998,8.0,1,24.4,0.2,10.0,71.0,39.2,22.264285714285712,2.0
2020-05-27 00:00:00,46.37750000092685,-72.59590000041017,5.0,1,33.8,0.1,19.9,34.0,11.3,20.11428571428571,12.0
2020-05-19 00:00:00,48.17850000054585,-78.97330000020871,5.0,1,17.6,0.0,15.7,25.0,5.5,7.671428571428572,5.0
2023-06-05 00:00:00,49.35039999996008,-73.36399999980011,6.0,1,22.2,0.3,16.6,32.0,17.5,20.092857142857145,4.0
2020-06-04 00:00:00,50.11519086256108,-57.55422117036886,6.0,0,14.4,2.0,25.5,58.0,65.1,12.87142857142857,1.0
2019-07-17 00:00:00,53.18026212586266,-63.69927977476434,7.0,0,21.6,7.1,32.9,59.0,36.9,19.35,2.0
2018-05-12 00:00:00,49.124100000714655,-79.22410000018557,5.0,1,14.6,0.0,23.0,26.0,22.6,10.485714285714286,2.0
2020-06-25 00:00:00,53.397073032722346,-64.33539542917558,6.0,0,18.3,15.4,25.1,81.0,80.3,15.60714285714286,1.0
2023-05-06 00:00:00,45.69760000043971,-72.92290000013486,5.0,1,22.1,0.0,17.0,28.0,96.1,14.399999999999997,2.0
2023-07-06 00:00:00,51.46510000006498,-66.85870000040467,7.0,1,30.3,0.5,13.7,39.0,83.2,22.6,3.0
2018-05-31 00:00:00,48.61710000112747,-77.62830000050876,5.0,1,26.8,0.9,31.0,57.0,30.4,19.764285714285712,3.0
2020-08-28 00:00:00,52.66469027375093,-60.39466581328293,8.0,0,10.8,14.4,18.9,78.0,70.4,17.72142857142857,1.0
2022-09-19 00:00:00,57.99782593517647,-58.43096212431168,9.0,0,5.9,2.0,50.1,78.0,43.6,8.1,1.0
2023-05-28 00:00:00,56.78482392340304,-63.92447514142722,5.0,0,-0.8,15.6,42.4,79.0,25.5,3.0071428571428576,4.0
2024-09-19 00:00:00,56.26924137611225,-67.3256209346778,9.0,0,11.1,0.1,10.5,63.0,65.3,11.914285714285713,3.0
2022-05-08 00:00:00,46.57730000000009,-72.92349999999988,5.0,1,16.2,0.0,12.2,23.0,12.4,13.007142857142854,4.0
2023-06-01 00:00:00,49.32780000007,-72.419499999925,6.0,1,29.3,0.7,18.0,36.0,31.8,18.178571428571427,8.0
2021-05-06 00:00:00,56.47810640401639,-70.71112240318476,5.0,0,2.6,5.4,30.0,83.0,25.0,0.9214285714285714,3.0
2020-06-22 00:00:00,49.20820000050361,-70.95419999939176,6.0,1,27.2,7.1,16.8,52.0,16.3,21.885714285714283,2.0
2020-08-20 00:00:00,49.006756869172975,-57.64058940349538,8.0,0,19.6,5.5,21.4,72.0,20.6,23.785714285714285,1.0
2021-08-09 00:00:00,50.68819896130218,-77.91549005896421,8.0,0,27.0,12.4,20.1,59.0,44.7,18.77142857142857,3.0
2022-05-10 00:00:00,45.7645,-74.17380000000003,5.0,1,21.3,0.0,12.5,23.0,14.4,13.828571428571426,6.0
2024-07-07 00:00:00,54.32008501638664,-66.27898152250752,7.0,0,20.7,3.2,25.2,49.0,43.3,16.742857142857144,3.0
2019-05-12 00:00:00,46.84340000080754,-76.14140000030156,5.0,1,15.7,0.0,15.9,27.0,48.2,9.864285714285716,2.0
2023-06-01 00:00:00,48.89970000005502,-74.35169999985504,6.0,1,30.4,0.4,14.7,29.0,33.6,16.535714285714285,8.0
2018-05-24 00:00:00,48.96012431189418,-68.55721195678684,5.0,0,10.6,2.8,15.1,49.0,18.5,12.035714285714285,2.0
2019-06-01 00:00:00,48.765405491033846,-71.78100121280576,6.0,0,14.5,0.3,13.4,52.0,66.2,15.300000000000002,2.0
2020-06-16 00:00:00,45.27300000085471,-72.96820000045726,6.0,1,26.2,0.0,9.0,31.0,29.2,21.82857142857143,5.0
2023-07-02 00:00:00,56.85180000007,-66.28459999989002,7.0,1,24.3,1.6,11.5,50.0,10.8,20.264285714285712,5.0
2021-05-02 00:00:00,46.06140000080664,-73.7368000002387,5.0,1,13.7,0.0,18.0,27.0,40.1,12.285714285714286,2.0
2018-07-06 00:00:00,46.43015027594839,-75.50446666360244,7.0,0,22.3,0.2,24.1,44.0,45.2,25.04285714285714,1.0
2022-07-16 00:00:00,49.99939999999998,-77.31729999999993,7.0,1,24.5,0.9,16.1,46.0,40.5,19.142857142857142,4.0
2018-07-09 00:00:00,50.1194000009218,-68.70550000047724,7.0,1,23.5,1.1,23.2,51.0,52.2,22.692857142857147,3.0
2020-06-16 00:00:00,49.78480000124899,-68.0276999995353,6.0,1,26.3,0.0,20.0,26.0,13.9,14.985714285714286,4.0
2024-08-14 00:00:00,50.45946362818209,-73.43146296651024,8.0,0,25.1,0.0,12.1,49.0,48.6,20.735714285714288,3.0
2019-07-13 00:00:00,49.318200000848265,-75.33260000005689,7.0,1,21.8,5.2,17.9,64.0,31.0,24.38571428571429,1.0
2018-07-17 00:00:00,56.23937915276218,-77.35230151538762,7.0,0,3.7,0.0,21.6,91.0,64.0,5.628571428571429,1.0
2020-06-28 00:00:00,50.22450000113419,-66.54069999985852,6.0,1,17.7,1.8,18.6,77.0,13.4,22.557142857142857,1.0
2022-09-06 00:00:00,55.66671850196936,-68.35754487542623,9.0,0,16.9,0.6,8.7,56.0,83.0,14.135714285714284,1.0
2018-06-28 00:00:00,49.58870000118914,-74.70159999964842,6.0,1,26.7,0.0,15.5,38.0,26.8,20.61428571428572,4.0
2022-08-02 00:00:00,47.357700000000136,-72.91970000000003,8.0,1,22.4,2.8,16.4,52.0,42.2,25.185714285714287,3.0
2018-07-10 00:00:00,56.19080613046523,-77.36190894583923,7.0,0,3.6,0.6,24.5,93.0,90.1,5.2,1.0
2023-08-28 00:00:00,58.26014203945614,-77.34591690181745,8.0,0,9.1,1.0,23.6,64.0,70.89999999999999,14.514285714285716,1.0
2021-09-27 00:00:00,47.70675719181703,-62.4726571676721,9.0,0,17.0,0.1,43.7,71.0,33.2,16.02857142857143,1.0
2019-05-16 00:00:00,51.438675399828576,-57.68764114252977,5.0,0,6.4,1.7,21.6,54.0,0.7,7.092857142857143,14.0
2019-07-04 00:00:00,55.58618351100293,-59.68015959831943,7.0,0,3.1,0.0,14.5,94.0,58.2,3.15,6.0
2019-09-07 00:00:00,48.109714389482825,-63.76842716777082,9.0,0,14.5,17.1,82.3,62.0,65.5,17.978571428571428,4.0
2020-06-01 00:00:00,51.1328587277789,-68.71341491705164,6.0,0,6.2,0.5,11.8,47.0,39.6,12.228571428571428,1.0
2020-05-20 00:00:00,46.30040000061531,-74.16149999968718,5.0,1,20.5,0.0,11.6,30.0,9.1,9.007142857142856,5.0
2018-07-06 00:00:00,52.792489168223895,-78.59338432656182,7.0,0,14.3,1.0,25.3,54.0,39.0,19.57857142857143,1.0
2021-07-17 00:00:00,49.79340000066856,-78.94439999965235,7.0,1,29.7,0.0,12.7,38.0,44.3,23.164285714285715,3.0
2018-05-15 00:00:00,48.08015296496247,-75.9678424659136,5.0,0,11.0,1.1,21.3,36.0,31.7,10.721428571428572,5.0
2018-07-12 00:00:00,46.518149330126505,-63.01495935221212,7.0,0,17.0,0.0,23.9,64.0,34.6,23.300000000000004,6.0
2023-07-08 00:00:00,53.47884305611484,-58.29844082461021,7.0,0,25.4,8.8,15.9,65.0,86.3,20.685714285714287,5.0
2023-05-29 00:00:00,50.01859999979024,-74.21660000018983,5.0,1,19.2,0.0,10.8,23.0,23.4,12.528571428571428,2.0
2020-05-23 00:00:00,48.64030000137995,-71.00860000019544,5.0,1,12.9,0.0,15.9,33.0,4.1,10.657142857142857,13.0
2020-07-09 00:00:00,49.31330000119935,-69.80079999943939,7.0,1,26.6,1.7,10.4,48.0,36.6,22.2,1.0
2023-07-05 00:00:00,53.05940000020991,-77.96860000038964,7.0,1,27.2,5.1,14.3,57.0,2.6,24.985714285714288,4.0
2021-05-26 00:00:00,53.67300000081275,-71.75130000017627,5.0,1,15.9,6.2,50.3,75.0,31.4,9.142857142857142,1.0
2021-05-14 00:00:00,45.64540000054612,-75.812000000171,5.0,1,20.5,0.0,14.6,26.0,49.9,12.05714285714286,3.0
2023-06-01 00:00:00,49.586699999905136,-68.45340000010987,6.0,1,28.8,1.1,19.2,32.0,39.9,16.292857142857144,7.0
2018-08-19 00:00:00,48.73610000092271,-69.08260000005778,8.0,1,19.8,0.0,11.4,57.0,32.8,23.142857142857142,2.0
2021-07-21 00:00:00,52.956851444801245,-63.86202674657336,7.0,0,13.4,0.3,10.7,60.0,71.5,16.735714285714284,2.0
2023-06-01 00:00:00,46.340499999975066,-76.91329999999499,6.0,1,31.8,0.0,12.3,26.0,28.4,20.66428571428571,8.0
2021-05-20 00:00:00,49.74030000135522,-67.93739999970664,5.0,1,21.5,0.9,12.2,49.0,30.0,11.228571428571426,1.0
2020-07-11 00:00:00,56.80041725743221,-65.24035518707447,7.0,0,20.8,9.5,10.2,76.0,19.9,17.892857142857146,1.0
2018-07-10 00:00:00,55.63701318908946,-63.124855983684384,7.0,0,12.6,11.3,18.8,70.0,44.0,13.03571428571429,1.0
2020-08-07 00:00:00,53.64758852573531,-63.57891775002258,8.0,0,21.7,0.0,22.2,47.0,45.1,18.507142857142856,1.0
2020-05-21 00:00:00,46.40010000082258,-73.34689999962336,5.0,1,24.8,0.0,16.9,20.0,13.4,12.592857142857143,6.0
2023-06-05 00:00:00,51.09449999957536,-73.16459999998995,6.0,1,18.0,0.0,31.6,44.0,11.4,15.95,8.0
2024-07-07 00:00:00,45.635298129825614,-58.22120315808401,7.0,0,16.0,0.7,39.0,95.0,133.8,14.392857142857144,1.0
2019-09-20 00:00:00,45.54350000076485,-75.89719999960587,9.0,1,24.0,0.0,7.8,52.0,30.3,19.078571428571426,6.0
2023-06-01 00:00:00,49.42640000006003,-76.51399999980009,6.0,1,30.6,0.3,19.8,29.0,14.9,18.40714285714285,9.0
2018-07-06 00:00:00,56.571776379907234,-77.48501241111171,7.0,0,5.2,2.9,57.3,82.0,63.50000000000001,4.271428571428571,1.0
2019-09-13 00:00:00,46.01685373010859,-59.92036646126784,9.0,0,14.0,1.8,21.0,57.0,52.3,19.607142857142858,1.0
2019-05-13 00:00:00,46.14150000111051,-71.73679999940599,5.0,1,14.8,0.0,16.1,39.0,34.6,12.94285714285714,3.0
2019-09-12 00:00:00,45.57520000110674,-75.62370000001813,9.0,1,18.7,0.2,13.6,41.0,49.5,19.878571428571423,1.0
2019-08-03 00:00:00,45.77890000118274,-75.59019999988291,8.0,1,23.7,0.7,13.6,62.0,8.9,25.86428571428572,4.0
2018-08-19 00:00:00,54.60754605146828,-68.01652118983782,8.0,0,17.9,0.0,32.4,47.0,46.4,15.142857142857142,2.0
2023-06-05 00:00:00,49.73849999987516,-74.3091999995803,6.0,1,20.7,0.0,24.6,37.0,20.2,19.428571428571427,9.0
2020-08-26 00:00:00,57.25477459814833,-74.78327574622931,8.0,0,9.8,1.5,41.9,70.0,38.9,15.52142857142857,1.0
2021-05-21 00:00:00,45.23720000124896,-74.11309999973997,5.0,1,30.2,0.0,16.8,39.0,8.2,19.37142857142857,10.0
2019-09-09 00:00:00,46.05850000127816,-76.87809999964377,9.0,1,14.3,0.0,7.6,56.0,41.9,19.628571428571423,2.0
2024-09-17 00:00:00,48.797600000000045,-71.50739999999996,9.0,1,25.0,0.2,11.9,60.0,11.4,21.164285714285715,8.0
2019-07-27 00:00:00,49.36050000074365,-68.66070000065585,7.0,1,28.7,0.0,16.0,38.0,51.9,21.72857142857143,4.0
2023-08-10 00:00:00,50.92930000039473,-79.13099999975014,8.0,1,20.8,3.4,17.3,63.0,37.9,21.72142857142857,1.0
2024-09-19 00:00:00,46.40140000000008,-72.70369999999997,9.0,1,25.1,0.0,15.6,61.0,12.9,23.085714285714285,7.0
2018-07-16 00:00:00,46.943600000991616,-79.30630000041648,7.0,1,27.3,4.4,20.7,55.0,14.2,28.142857142857142,3.0
2023-06-01 00:00:00,49.653299999995056,-69.6103000003447,6.0,1,28.4,2.5,20.7,36.0,30.4,16.021428571428572,8.0
2018-05-24 00:00:00,45.87820000060156,-75.6713000002832,5.0,1,22.5,0.0,17.7,28.0,26.3,17.28571428571429,4.0
2023-07-05 00:00:00,53.259199999580346,-76.97750000002492,7.0,1,27.8,12.5,21.2,50.0,1.0,25.721428571428568,14.0
2019-07-07 00:00:00,47.926600000678775,-74.63270000035817,7.0,1,20.8,0.0,12.9,32.0,42.4,23.36428571428572,1.0
2020-07-14 00:00:00,49.16000000115273,-66.37629999980021,7.0,1,18.8,0.1,14.5,42.0,59.2,22.914285714285715,1.0
2021-08-08 00:00:00,54.975998237293496,-76.49230411906396,8.0,0,18.5,0.0,26.6,49.0,48.1,14.585714285714287,2.0
2019-07-10 00:00:00,50.478400001262166,-75.05830000048246,7.0,1,24.5,0.0,19.1,42.0,24.2,21.54285714285714,9.0
2021-09-18 00:00:00,51.191840894134366,-73.40482840119874,9.0,0,14.2,8.5,31.5,57.0,96.9,15.014285714285716,3.0
2020-05-28 00:00:00,46.95326918365465,-67.5007301757743,5.0,0,30.4,0.6,17.3,48.0,13.0,18.75,1.0
2021-06-18 00:00:00,47.544600000489815,-76.77860000034974,6.0,1,22.5,7.8,21.7,50.0,9.4,23.67142857142857,4.0
2024-07-13 00:00:00,47.64258436359582,-62.9879264885826,7.0,0,21.3,0.0,26.9,85.0,43.6,18.928571428571427,2.0
2019-06-06 00:00:00,53.03619553005271,-67.21570997696742,6.0,0,2.9,0.9,29.9,74.0,86.9,3.3642857142857143,2.0
2019-09-24 00:00:00,48.88530775185211,-65.89020814943484,9.0,0,11.1,8.3,15.9,63.0,41.4,14.44285714285714,1.0
2019-08-06 00:00:00,50.40114033531135,-79.3289321135972,8.0,0,23.1,8.0,14.5,48.0,60.9,22.4,1.0
2019-05-15 00:00:00,49.22843076202358,-65.36786154140978,5.0,0,5.0,3.8,15.2,63.0,19.9,7.957142857142857,3.0
2020-09-22 00:00:00,47.26126977625146,-62.35760002091418,9.0,0,12.7,19.0,55.7,52.0,16.8,15.507142857142856,5.0
2018-06-12 00:00:00,49.25940000116477,-69.52879999987562,6.0,1,25.2,0.7,37.9,24.0,27.1,15.664285714285716,4.0
2018-05-24 00:00:00,46.29110000129908,-70.63520000042436,5.0,1,15.2,0.0,14.9,26.0,22.7,16.135714285714283,1.0
2020-05-18 00:00:00,58.18301807285363,-74.61139229050066,5.0,0,1.9,0.2,22.2,78.0,29.8,-1.4357142857142853,6.0
2021-06-07 00:00:00,49.82200000073672,-69.4613000005729,6.0,1,28.4,1.9,32.6,42.0,21.5,15.578571428571433,2.0
2023-07-16 00:00:00,48.08488534456973,-63.85753874720744,7.0,0,20.8,1.2,34.2,88.0,16.2,17.321428571428573,4.0
2023-07-09 00:00:00,58.230259059955486,-64.7528862592226,7.0,0,20.7,0.0,23.6,50.0,40.3,19.707142857142856,1.0
2018-06-21 00:00:00,54.73179474385065,-69.69283904905328,6.0,0,3.7,0.6,21.7,66.0,30.4,4.264285714285714,1.0
2018-07-21 00:00:00,45.255700000949695,-74.1041000005044,7.0,1,30.3,0.0,22.3,28.0,8.3,28.68571428571429,4.0
2020-06-22 00:00:00,49.29610000048785,-69.66999999959819,6.0,1,27.4,4.8,11.6,55.0,19.5,21.342857142857145,2.0
2022-07-01 00:00:00,51.58734253659468,-76.55567689168399,7.0,0,15.2,3.8,18.4,51.0,58.4,19.17142857142857,1.0
2019-06-12 00:00:00,47.08972518198018,-72.5202169757854,6.0,0,22.1,0.0,20.0,32.0,45.3,17.178571428571427,1.0
2021-06-08 00:00:00,49.09690000078943,-68.55729999976134,6.0,1,25.7,0.0,20.7,35.0,12.4,16.464285714285715,3.0
2021-08-16 00:00:00,48.911576647061175,-64.36570929488411,8.0,0,21.8,0.0,20.7,45.0,23.4,22.54285714285714,2.0
2020-08-01 00:00:00,49.39403509736169,-76.3593672218919,8.0,0,25.3,0.4,7.8,54.0,74.5,24.11428571428571,2.0
2019-07-10 00:00:00,49.82798461502969,-59.53549374453162,7.0,0,11.4,0.9,33.2,73.0,18.5,11.364285714285714,4.0
2022-07-16 00:00:00,50.23300000000012,-76.33589999999998,7.0,1,22.0,21.8,14.9,49.0,43.8,18.56428571428572,5.0
2024-05-22 00:00:00,48.953700000000026,-78.74409999999993,5.0,1,27.1,1.7,23.8,48.0,6.7,18.24285714285714,3.0
2018-05-27 00:00:00,58.71844477418204,-65.2871920144483,5.0,0,-1.3,0.3,18.6,66.0,52.5,-5.950000000000001,1.0
2018-08-21 00:00:00,50.36230000071536,-74.47169999982678,8.0,1,22.5,8.6,13.4,68.0,23.0,22.00714285714285,1.0
2021-09-01 00:00:00,47.765700000724834,-69.31570000038727,9.0,1,16.4,0.7,12.9,59.0,13.9,25.335714285714285,2.0
2019-07-10 00:00:00,57.74155155893666,-66.67415507442206,7.0,0,18.4,0.0,13.3,51.0,65.10000000000001,17.50714285714286,2.0
2024-08-01 00:00:00,45.92110679301404,-66.36369132707634,8.0,0,27.0,35.9,14.8,75.0,29.7,25.528571428571432,1.0
2023-06-01 00:00:00,47.614399999760224,-76.59139999971018,6.0,1,31.0,0.5,12.9,33.0,30.1,18.82857142857143,8.0
2019-08-26 00:00:00,47.12658223141352,-77.03248455617506,8.0,0,24.2,0.0,13.1,45.0,23.4,21.57142857142857,4.0
2018-06-14 00:00:00,51.57829142447419,-66.02183175736658,6.0,0,15.2,0.0,16.1,34.0,20.1,7.764285714285714,2.0
2023-06-05 00:00:00,46.19409999991512,-73.36210000031474,6.0,1,23.3,0.0,11.4,30.0,13.3,23.192857142857143,3.0
2023-09-14 00:00:00,56.06650400416803,-69.68024178937142,9.0,0,11.8,7.1,16.9,76.0,18.7,13.492857142857144,3.0
2020-05-13 00:00:00,56.99356123207667,-60.66528641622212,5.0,0,0.5,11.2,50.4,83.0,62.7,0.7285714285714286,2.0
2019-07-15 00:00:00,48.30660846377392,-76.10265247209178,7.0,0,26.1,0.0,13.8,35.0,38.6,24.807142857142853,2.0
2020-06-20 00:00:00,49.96230000118885,-76.93629999984267,6.0,1,29.9,3.0,10.8,45.0,16.5,20.214285714285715,8.0
2019-08-16 00:00:00,56.81533094209915,-64.36574488146522,8.0,0,15.9,4.7,39.3,69.0,34.0,11.278571428571428,4.0
2019-06-08 00:00:00,56.17887146997992,-72.80984996026226,6.0,0,9.0,0.2,18.2,57.0,63.8,6.328571428571429,2.0
2021-06-06 00:00:00,48.4027000009224,-77.78060000013149,6.0,1,29.2,0.0,19.2,46.0,41.7,18.300000000000004,1.0
2024-09-18 00:00:00,55.43041249281532,-75.17145564660703,9.0,0,17.3,0.1,18.5,55.0,19.4,14.014285714285716,2.0
2021-08-06 00:00:00,55.229693601389535,-71.4559506309108,8.0,0,12.1,6.1,18.0,78.0,45.7,15.421428571428573,1.0
2018-08-19 00:00:00,50.283400001259615,-75.02690000051547,8.0,1,24.7,0.0,17.8,31.0,21.2,22.478571428571428,2.0
2024-05-17 00:00:00,58.10704603019621,-78.19973847877401,5.0,0,2.9,0.0,30.3,85.0,25.8,1.457142857142857,4.0
2022-05-12 00:00:00,45.34780000000012,-72.20289999999994,5.0,1,29.0,0.0,13.8,19.0,12.8,14.842857142857142,8.0
2020-06-15 00:00:00,57.528265532737066,-64.86986770850419,6.0,0,5.3,9.0,26.3,80.0,50.3,1.735714285714286,1.0
2024-08-27 00:00:00,49.97520000000002,-78.21779999999995,8.0,1,22.9,2.3,25.3,63.0,7.2,24.242857142857137,3.0
2019-07-08 00:00:00,49.60990000079241,-69.31449999960486,7.0,1,21.4,0.1,33.1,33.0,38.0,21.37857142857143,2.0
2021-05-10 00:00:00,49.6095000005491,-73.84909999947565,5.0,1,10.6,2.6,14.1,51.0,17.2,9.607142857142858,5.0
2018-07-05 00:00:00,46.15500000111696,-77.52670000066627,7.0,1,33.6,1.1,18.0,41.0,29.0,26.228571428571424,3.0
2020-06-18 00:00:00,46.63530000080827,-73.20540000055304,6.0,1,32.2,0.0,13.2,29.0,12.8,20.807142857142857,7.0
2021-07-25 00:00:00,51.135985474525086,-72.26408278888994,7.0,0,17.3,12.8,26.4,57.0,48.3,20.571428571428573,6.0
2022-05-16 00:00:00,51.619553452683625,-78.6869272621435,5.0,0,16.4,0.2,18.9,50.0,7.899999999999999,15.0,2.0
2021-08-03 00:00:00,53.68891003000724,-74.40029235233423,8.0,0,11.6,7.0,25.4,69.0,69.4,16.985714285714284,1.0
2021-08-03 00:00:00,47.9385270493424,-71.95927000207375,8.0,0,18.4,7.6,22.2,65.0,43.1,19.071428571428573,2.0
2021-08-23 00:00:00,46.0193000011505,-77.186399999989,8.0,1,26.8,3.3,10.1,73.0,44.0,26.285714285714285,1.0
2024-06-09 00:00:00,52.96580000000006,-72.23669999999998,6.0,1,23.9,10.0,17.2,37.0,21.6,20.135714285714283,12.0
2021-05-13 00:00:00,45.06290000126191,-72.69039999965273,5.0,1,16.8,0.0,15.8,36.0,72.1,12.457142857142856,1.0
2021-06-02 00:00:00,46.52790000113313,-74.48949999990295,6.0,1,23.2,0.0,17.1,27.0,17.099999999999998,19.214285714285715,7.0
2020-05-20 00:00:00,46.05640000094383,-74.29589999987371,5.0,1,20.8,0.0,12.3,30.0,15.1,10.285714285714286,5.0
2023-07-14 00:00:00,56.53620590434393,-68.06685166946285,7.0,0,23.2,3.2,29.0,62.0,49.400000000000006,24.721428571428568,2.0
2024-05-22 00:00:00,48.19930000000006,-79.34099999999995,5.0,1,24.7,1.7,25.8,58.0,9.3,18.728571428571428,5.0
2021-08-25 00:00:00,47.21930000111482,-78.58749999996937,8.0,1,25.9,4.7,15.5,69.0,11.8,25.87142857142857,3.0
2024-05-24 00:00:00,49.14140358659824,-62.10495217262766,5.0,0,14.1,1.2,13.0,78.0,13.1,13.914285714285716,1.0
2023-07-08 00:00:00,45.64999095754078,-60.88977746400887,7.0,0,27.7,0.0,11.8,62.0,37.3,20.485714285714288,1.0
2022-05-07 00:00:00,46.118600000000015,-74.4728,5.0,1,12.7,0.0,13.5,28.0,34.0,12.150000000000002,3.0
2018-08-20 00:00:00,47.65496588403506,-64.79043899968029,8.0,0,21.8,0.0,18.1,50.0,51.2,24.242857142857137,2.0
2021-05-18 00:00:00,53.26168574115263,-73.39554574425817,5.0,0,7.2,0.0,20.5,47.0,21.4,8.564285714285713,1.0
2020-05-13 00:00:00,47.74241005697509,-66.40932349919146,5.0,0,5.8,0.6,32.0,29.0,58.1,6.964285714285714,1.0
2018-09-03 00:00:00,58.32146285021541,-70.86069884803742,9.0,0,8.3,6.9,29.6,79.0,28.9,10.35,2.0
2023-06-01 00:00:00,49.22780000026984,-76.55670000030472,6.0,1,32.2,0.8,18.6,25.0,19.2,18.478571428571428,9.0
2020-07-05 00:00:00,48.35110467139496,-69.90468910067261,7.0,0,21.0,6.6,8.6,62.0,39.0,24.12142857142857,3.0
2018-08-11 00:00:00,58.11116084548564,-60.13339476242018,8.0,0,6.2,0.9,35.1,85.0,3.7,6.6428571428571415,11.0
2024-05-06 00:00:00,56.61168628295944,-65.94816961574384,5.0,0,4.8,5.9,19.9,65.0,25.6,-0.3642857142857145,1.0
2018-06-04 00:00:00,48.78529090123693,-78.1217506663766,6.0,0,16.0,26.6,22.0,82.0,27.4,21.892857142857142,1.0
2018-08-13 00:00:00,54.276169904954166,-78.3298854467743,8.0,0,10.5,6.1,19.9,67.0,43.5,17.0,1.0
2019-06-09 00:00:00,46.20750000058372,-77.00360000052264,6.0,1,26.3,0.0,13.6,30.0,20.6,17.214285714285715,6.0
2022-07-10 00:00:00,48.44731100427905,-61.39019553206247,7.0,0,15.0,0.0,44.4,72.0,66.4,15.457142857142856,1.0
2024-05-22 00:00:00,48.39690000000007,-69.34889999999996,5.0,1,21.9,0.0,17.0,40.0,18.3,15.992857142857142,4.0
2020-05-21 00:00:00,48.25066461278266,-69.7463003369224,5.0,0,25.3,0.0,20.4,25.0,6.5,9.007142857142856,9.0
2020-07-26 00:00:00,57.83563760529776,-69.18691324294218,7.0,0,13.3,0.0,20.8,72.0,41.0,18.000000000000004,2.0
2023-09-06 00:00:00,46.00090000003502,-75.7958000000699,9.0,1,30.0,1.2,11.6,55.0,11.7,23.15,7.0
2021-08-29 00:00:00,49.10120000118154,-68.71440000053673,8.0,1,20.7,0.0,9.4,46.0,2.1,24.52857142857143,14.0
2023-07-19 00:00:00,51.81144592902321,-75.63356080629542,7.0,0,15.2,0.6,18.5,56.0,81.0,23.72142857142857,1.0
2021-09-07 00:00:00,45.74990000061615,-74.41710000044061,9.0,1,20.5,0.0,16.8,48.0,54.5,22.79285714285714,1.0
2020-05-22 00:00:00,46.79820000061029,-73.97790000051457,5.0,1,23.5,0.0,15.2,29.0,12.3,11.521428571428572,7.0
2020-06-09 00:00:00,49.75880000099513,-67.17079999971973,6.0,1,14.8,0.0,13.6,25.0,19.2,18.242857142857144,6.0
2022-09-17 00:00:00,49.74363277623268,-67.81333262962673,9.0,0,14.4,0.0,26.7,45.0,24.1,19.885714285714283,2.0
2020-06-20 00:00:00,48.86730000126742,-72.34960000039673,6.0,1,30.6,0.5,14.3,43.0,13.0,22.792857142857144,10.0
2018-05-09 00:00:00,46.37770000059907,-75.90519999966986,5.0,1,23.4,0.0,17.2,31.0,55.9,14.664285714285716,5.0
2022-08-08 00:00:00,58.14487402242318,-67.8215423864805,8.0,0,15.7,1.2,18.9,57.0,48.4,17.52857142857143,1.0
2019-08-21 00:00:00,47.07824451929818,-65.70769519257088,8.0,0,28.7,0.0,20.1,37.0,31.3,24.328571428571426,3.0
2019-08-26 00:00:00,50.28610000123706,-66.32310000055823,8.0,1,25.0,0.0,10.7,49.0,29.7,20.935714285714287,4.0
2021-09-18 00:00:00,53.23669402418816,-62.28480985998098,9.0,0,15.5,6.2,34.0,66.0,74.5,13.428571428571429,2.0
2023-05-27 00:00:00,47.36778576459033,-78.81368029596274,5.0,0,25.9,0.0,16.3,25.0,39.2,14.657142857142857,3.0
2023-09-02 00:00:00,47.15907572216671,-74.21274351747996,9.0,0,21.5,1.3,24.4,58.0,41.0,18.86428571428571,3.0
2019-08-18 00:00:00,46.27544195721195,-67.65719063057145,8.0,0,23.4,4.8,11.2,70.0,53.6,22.75714285714286,1.0
2023-09-02 00:00:00,47.62622693075252,-70.95356003656835,9.0,0,18.2,0.3,27.8,60.0,47.5,16.8,3.0
2024-08-03 00:00:00,50.207700000000045,-66.34399999999994,8.0,1,22.6,0.2,11.8,82.0,40.3,20.935714285714287,2.0
2024-07-13 00:00:00,55.8477367453422,-66.95186237068609,7.0,0,15.4,0.2,19.5,43.0,39.2,17.20714285714286,1.0
2020-05-19 00:00:00,45.7842000013382,-76.14790000035742,5.0,1,17.5,0.0,13.6,31.0,13.3,11.014285714285714,4.0
2023-08-11 00:00:00,50.121734585017656,-72.3186369891426,8.0,0,15.0,14.6,15.9,86.0,96.3,17.22142857142857,1.0
2024-06-26 00:00:00,57.21815942268248,-63.58024610658131,6.0,0,6.3,8.8,25.7,74.0,55.5,12.764285714285716,1.0
2019-06-28 00:00:00,47.644223573351496,-60.31901748385376,6.0,0,10.4,0.8,11.0,89.0,94.7,9.485714285714286,4.0
2024-09-13 00:00:00,48.89590000000004,-72.40679999999998,9.0,1,24.8,0.0,13.0,41.0,37.9,20.785714285714285,1.0
2018-08-18 00:00:00,47.40720000070187,-78.53679999934673,8.0,1,22.2,0.0,13.0,45.0,24.3,24.892857142857142,1.0
2020-08-22 00:00:00,46.7351765687994,-78.73347989525206,8.0,0,24.7,0.2,14.0,59.0,70.3,22.81428571428571,2.0
2020-05-20 00:00:00,48.16520000102247,-66.25640000060463,5.0,1,19.6,0.0,13.1,30.0,13.4,9.485714285714286,8.0
2020-06-18 00:00:00,47.59730000093956,-71.09480000047975,6.0,1,28.1,0.0,15.9,34.0,24.1,16.13571428571429,5.0
2019-07-27 00:00:00,51.25450000102055,-64.84480000010113,7.0,1,26.9,0.5,18.1,42.0,42.4,20.178571428571427,3.0
2020-08-28 00:00:00,48.19470000104004,-78.21500000064822,8.0,1,17.1,0.0,9.8,54.0,33.5,20.428571428571427,3.0
2019-06-15 00:00:00,45.43774381607382,-68.28424790871134,6.0,0,23.2,1.1,18.5,42.0,34.1,20.81428571428572,2.0
2024-08-08 00:00:00,56.88190456661281,-77.03705681144933,8.0,0,8.1,0.0,14.8,95.0,49.0,11.271428571428572,2.0
2024-09-26 00:00:00,45.210919050006986,-72.37983966781357,9.0,0,16.8,28.1,19.5,86.0,4.6,22.142857142857142,1.0
2020-06-01 00:00:00,49.02524394586327,-61.81399119288245,6.0,0,11.4,0.1,14.1,72.0,3.2,12.585714285714284,6.0
2018-08-23 00:00:00,48.83093165076242,-79.27692920358544,8.0,0,25.4,0.0,18.2,46.0,18.2,23.25714285714286,1.0
2019-08-11 00:00:00,49.22712169430529,-77.96153756645015,8.0,0,22.2,12.5,16.9,71.0,37.8,22.36428571428571,1.0
2019-08-21 00:00:00,54.727107189653296,-66.81363877017618,8.0,0,15.5,4.9,11.2,57.0,74.2,17.12857142857143,1.0
2022-06-22 00:00:00,53.37135273017313,-58.95653332901051,6.0,0,13.2,3.9,16.0,62.0,43.2,14.30714285714286,1.0
2023-05-12 00:00:00,45.99429999964531,-76.09219999983009,5.0,1,23.5,0.4,17.7,38.0,69.6,15.10714285714286,8.0
2019-07-21 00:00:00,47.11942373583602,-74.66682894595631,7.0,0,23.3,10.3,16.9,39.0,34.0,24.79285714285714,1.0
2024-06-03 00:00:00,46.56367293625374,-75.45581991157862,6.0,0,27.4,0.0,10.4,32.0,29.8,20.935714285714287,6.0
2021-05-18 00:00:00,47.57140000085183,-73.4080000001172,5.0,1,20.8,1.5,16.2,16.0,33.3,14.742857142857144,2.0
2022-07-11 00:00:00,58.04674132531417,-76.54485390423845,7.0,0,14.8,0.9,18.3,57.0,21.7,12.185714285714283,2.0
2020-05-21 00:00:00,45.77790000070624,-74.0988999994767,5.0,1,23.9,0.0,15.9,20.0,13.9,13.007142857142858,6.0
2022-09-07 00:00:00,46.9113000000001,-71.89799999999997,9.0,1,24.5,0.0,10.8,45.0,66.9,20.57857142857143,4.0
2023-06-02 00:00:00,49.38839999956036,-71.99080000011986,6.0,1,23.9,0.0,18.1,28.0,33.800000000000004,19.685714285714287,1.0
2019-06-05 00:00:00,56.3798710820992,-75.14170286237957,6.0,0,4.4,2.7,19.1,73.0,54.5,6.428571428571429,1.0
2019-06-28 00:00:00,58.23145211929855,-70.9797405657591,6.0,0,19.3,0.0,26.5,64.0,16.0,14.657142857142858,6.0
2019-06-27 00:00:00,50.19877190721593,-59.47320849298205,6.0,0,10.1,0.0,17.6,83.0,97.9,9.785714285714286,3.0
2020-06-01 00:00:00,52.636222438036285,-70.60091509671092,6.0,0,0.2,0.9,9.3,69.0,56.2,6.942857142857143,1.0
2023-06-01 00:00:00,49.49940000030984,-69.58959999993999,6.0,1,27.9,2.6,16.3,37.0,30.0,15.95,8.0
2021-06-18 00:00:00,48.892813276821,-79.15040514917489,6.0,0,27.8,0.0,20.1,28.0,8.0,21.90714285714285,5.0
2020-05-23 00:00:00,47.340900001264544,-72.19669999938598,5.0,1,19.1,0.0,16.9,19.0,7.2,12.62857142857143,7.0
2023-09-04 00:00:00,45.79196269666533,-76.06183418677351,9.0,0,27.5,0.0,10.4,63.0,8.4,22.257142857142856,5.0
2022-09-10 00:00:00,47.7985000000001,-78.63459999999998,9.0,1,26.2,0.0,16.6,46.0,33.0,22.02857142857143,7.0
2019-08-19 00:00:00,47.3992113665295,-64.88548860121712,8.0,0,23.5,0.1,22.4,71.0,28.0,22.85,2.0
2024-07-08 00:00:00,50.96780000000007,-74.94079999999997,7.0,1,26.6,1.0,19.7,47.0,36.7,20.278571428571432,4.0
2022-08-02 00:00:00,45.0652932243633,-59.09206874818648,8.0,0,20.9,1.4,39.2,82.0,35.8,19.285714285714285,3.0
2022-09-12 00:00:00,46.49763659140257,-71.49027668314808,9.0,0,25.8,0.6,8.9,58.0,47.1,23.54285714285714,4.0
2024-08-08 00:00:00,46.11960000000005,-70.64649999999995,8.0,1,24.5,0.0,13.5,45.0,52.7,25.857142857142858,3.0
2021-09-12 00:00:00,45.99875176550832,-64.33464960670705,9.0,0,21.8,2.4,34.0,62.0,122.9,20.257142857142856,2.0
2019-06-12 00:00:00,55.20444969079852,-66.19354855094052,6.0,0,11.6,12.2,34.5,85.0,68.7,6.764285714285715,5.0
2022-09-04 00:00:00,47.79769999999996,-69.58069999999998,9.0,1,19.1,1.1,19.2,62.0,21.4,21.25714285714286,4.0
2022-05-28 00:00:00,48.10736047588446,-78.61579266094813,5.0,0,19.7,0.3,15.7,41.0,54.1,17.728571428571428,1.0
2023-06-01 00:00:00,52.895900000284826,-73.40549999982511,6.0,1,17.9,0.0,16.4,48.0,21.0,13.257142857142856,5.0
2021-06-18 00:00:00,52.630100001236485,-76.85880000032465,6.0,1,23.9,5.2,16.2,46.0,17.8,17.07857142857143,1.0
2022-08-07 00:00:00,52.5050716651164,-67.26228615277603,8.0,0,16.5,10.8,42.1,71.0,79.0,17.721428571428568,1.0
2018-05-19 00:00:00,46.07580000073754,-74.60100000003595,5.0,1,17.1,7.3,19.9,41.0,10.3,16.514285714285712,9.0
2020-07-05 00:00:00,55.152214488510886,-69.49315439229821,7.0,0,18.6,0.0,14.5,36.0,73.0,18.58571428571429,2.0
2021-05-22 00:00:00,47.12230000108829,-76.60949999955257,5.0,1,25.5,1.7,17.4,52.0,26.0,18.235714285714284,2.0
2023-07-19 00:00:00,57.95806162835643,-57.53375070681459,7.0,0,13.0,4.9,28.0,85.0,18.8,9.928571428571429,1.0
2021-06-15 00:00:00,47.89456183282865,-75.63695385964418,6.0,0,17.4,0.0,26.6,27.0,21.0,22.935714285714283,1.0
2018-08-20 00:00:00,48.78240000132439,-79.35759999980472,8.0,1,23.9,0.5,17.7,64.0,14.0,23.31428571428572,11.0
2019-09-24 00:00:00,45.79180852594478,-75.82213365911856,9.0,0,15.2,1.2,17.7,62.0,29.7,20.035714285714285,1.0
2020-05-28 00:00:00,48.26790000084153,-68.49880000043788,5.0,1,31.9,0.0,16.9,36.0,13.3,17.45,1.0
2018-09-09 00:00:00,45.36875291762287,-59.38876171451887,9.0,0,16.5,0.1,30.0,45.0,9.8,20.442857142857143,3.0
2021-09-04 00:00:00,47.77400000085628,-72.9475999994818,9.0,1,21.6,0.0,11.3,30.0,26.2,22.61428571428571,2.0
2018-08-23 00:00:00,51.83240972331112,-61.63889177655666,8.0,0,20.5,18.6,22.3,66.0,42.2,21.27857142857143,2.0
2023-07-07 00:00:00,51.04547825626848,-69.87591056279167,7.0,0,21.9,1.4,16.6,66.0,43.2,22.1,5.0
2018-05-22 00:00:00,48.77660000068923,-79.0366000003896,5.0,1,22.4,0.0,20.1,31.0,28.8,14.02142857142857,3.0
2022-07-01 00:00:00,54.28023300463318,-75.41212565744178,7.0,0,11.9,6.2,26.4,61.0,56.2,16.278571428571432,1.0
2024-08-06 00:00:00,55.698087098128966,-61.21322320960828,8.0,0,16.9,1.4,14.8,55.0,40.8,19.28571428571428,1.0
2024-07-13 00:00:00,48.93140000000005,-69.06569999999994,7.0,1,29.8,2.2,11.6,43.0,29.9,25.07142857142857,4.0
2024-05-24 00:00:00,47.84019488283675,-72.98468783057231,5.0,0,14.4,1.4,22.7,52.0,21.6,19.892857142857142,2.0
2020-06-13 00:00:00,56.4283583158776,-79.29213549810393,6.0,0,4.7,0.0,26.6,77.0,10.5,2.871428571428571,2.0
2024-06-16 00:00:00,53.81833670217692,-63.414095045957886,6.0,0,14.1,0.0,32.6,41.0,10.7,21.36428571428572,2.0
2023-06-09 00:00:00,45.149916674530665,-67.96396092601923,6.0,0,16.2,6.0,7.9,70.0,63.8,18.871428571428577,1.0
2018-06-16 00:00:00,48.10039107196569,-65.82136298064641,6.0,0,16.8,0.1,14.7,51.0,15.7,16.014285714285712,4.0
2022-05-11 00:00:00,47.27560000000011,-72.71209999999996,5.0,1,26.8,0.0,12.7,19.0,7.4,13.392857142857142,7.0
2023-06-01 00:00:00,48.05710000036476,-75.26460000028976,6.0,1,30.9,0.0,12.7,30.0,49.1,18.06428571428572,8.0
2020-09-05 00:00:00,55.14266625625649,-66.75351444983691,9.0,0,8.2,5.6,29.1,79.0,104.0,11.7,1.0
2018-07-19 00:00:00,47.39700000125963,-72.73729999991677,7.0,1,25.5,0.0,16.3,38.0,48.4,25.307142857142853,2.0
2022-07-13 00:00:00,54.85991146433044,-70.52280017998874,7.0,0,16.9,0.0,22.0,40.0,95.7,11.878571428571432,1.0
2018-08-22 00:00:00,48.02853614199859,-76.41882942682062,8.0,0,16.5,52.7,26.2,40.0,34.0,22.77857142857143,1.0
2023-05-07 00:00:00,48.01250000037476,-66.74389999978513,5.0,1,19.3,0.0,19.1,32.0,16.4,10.735714285714286,3.0
2022-06-28 00:00:00,49.55805677135743,-62.12446404215195,6.0,0,15.8,0.2,39.3,77.0,40.9,14.135714285714284,1.0
2023-05-29 00:00:00,47.58800000000008,-69.59489999973516,5.0,1,17.6,0.0,17.4,35.0,31.6,16.1,4.0
2021-06-05 00:00:00,47.347517567649234,-78.19721358960629,6.0,0,21.5,7.3,20.4,69.0,14.8,18.95,2.0
2018-06-28 00:00:00,51.94470000099039,-68.63470000030806,6.0,1,25.8,3.9,15.9,33.0,24.0,14.142857142857144,2.0
2023-05-28 00:00:00,50.61659999989013,-66.00770000005491,5.0,1,18.7,1.9,30.1,45.0,35.4,13.528571428571428,4.0
2021-07-01 00:00:00,54.35134154200209,-78.86004072543254,7.0,0,21.3,0.0,23.0,34.0,67.9,15.385714285714284,5.0
2019-08-13 00:00:00,45.99802095182529,-62.38670121398946,8.0,0,23.7,1.6,23.2,64.0,23.3,25.571428571428577,1.0
2022-09-13 00:00:00,45.18469269916347,-57.463618695372446,9.0,0,18.4,0.0,28.5,84.0,10.7,20.085714285714285,3.0
2022-05-21 00:00:00,46.98920000000004,-76.92669999999998,5.0,1,22.8,3.1,24.0,41.0,17.4,20.95,4.0
2023-06-02 00:00:00,47.774300000045,-76.69539999961023,6.0,1,27.8,0.0,16.2,20.0,33.5,20.06428571428572,9.0
2023-05-09 00:00:00,45.951232087188416,-58.877912507555095,5.0,0,3.4,8.4,57.8,75.0,26.4,3.621428571428571,1.0
2021-07-10 00:00:00,46.0901000011857,-73.95779999954726,7.0,1,24.2,0.0,11.2,37.0,72.6,22.357142857142858,1.0
2023-06-01 00:00:00,47.22689999963535,-74.85719999978011,6.0,1,31.5,0.0,10.7,29.0,36.0,19.42142857142857,8.0
2021-05-04 00:00:00,47.48182888715068,-64.68799471389373,5.0,0,7.4,0.0,25.9,51.0,47.6,5.692857142857143,3.0
2018-08-11 00:00:00,57.50048528686861,-75.90176705280075,8.0,0,16.7,0.0,20.6,51.0,37.5,15.828571428571433,1.0
2021-07-15 00:00:00,58.33787222333309,-70.00914340365414,7.0,0,10.7,33.1,14.5,88.0,30.9,16.70714285714286,1.0
2020-07-02 00:00:00,45.79950431867916,-60.14071300303175,7.0,0,24.1,2.2,16.0,76.0,34.8,21.62857142857143,2.0
2023-05-11 00:00:00,45.92079999972026,-73.88780000006989,5.0,1,23.8,0.0,16.9,25.0,91.6,14.485714285714286,7.0
2022-05-08 00:00:00,46.43990000000008,-71.37099999999992,5.0,1,15.3,0.0,10.9,26.0,25.9,13.228571428571428,4.0
2021-09-18 00:00:00,46.293300000772525,-72.69419999978967,9.0,1,21.5,0.8,17.2,42.0,47.9,21.485714285714288,3.0
2018-06-12 00:00:00,46.28560000066367,-74.01640000048334,6.0,1,23.7,0.0,23.6,32.0,35.3,20.10714285714285,5.0
2022-08-24 00:00:00,50.79216493612891,-73.82275725281832,8.0,0,17.5,2.2,17.8,53.0,30.8,21.800000000000004,3.0
2022-09-20 00:00:00,49.66399999999999,-74.2944,9.0,1,16.6,0.0,15.2,51.0,30.0,19.185714285714287,6.0
2018-06-18 00:00:00,47.67019999112323,-59.93256769322217,6.0,0,9.4,12.6,52.0,81.0,22.1,6.771428571428571,5.0
2020-07-08 00:00:00,53.15420000089288,-77.04340000043253,7.0,1,25.1,0.8,18.6,37.0,50.9,22.56428571428572,1.0
2021-08-06 00:00:00,53.41059525476408,-59.01915246473506,8.0,0,23.3,4.5,20.9,62.0,40.5,18.0,2.0
2021-06-07 00:00:00,48.188300000773225,-78.46909999954009,6.0,1,30.2,0.9,25.9,42.0,23.6,20.057142857142857,2.0
2023-08-21 00:00:00,47.62757243506906,-57.52442319562967,8.0,0,20.3,9.5,24.4,83.0,117.9,20.12857142857143,1.0
2020-06-23 00:00:00,55.49030982047396,-59.37675441089964,6.0,0,3.9,1.1,21.6,95.0,30.7,4.728571428571429,1.0
2019-06-14 00:00:00,50.48863050182273,-70.64129197454363,6.0,0,10.6,14.1,18.9,87.0,28.9,12.714285714285712,3.0
2024-09-25 00:00:00,53.34725029708109,-65.22729673109306,9.0,0,15.1,0.0,18.4,54.0,12.4,14.135714285714286,9.0
2022-08-11 00:00:00,47.74236253629108,-62.81587967712146,8.0,0,19.3,0.5,22.7,83.0,27.2,20.735714285714288,2.0
2024-06-05 00:00:00,52.19980000000004,-67.87729999999993,6.0,1,25.2,7.6,11.3,40.0,75.10000000000001,13.728571428571428,6.0
2024-06-05 00:00:00,51.15310000000005,-69.93869999999998,6.0,1,25.0,0.1,12.8,37.0,59.0,15.792857142857144,6.0
2019-08-16 00:00:00,47.00990000131919,-71.34240000000277,8.0,1,20.6,1.2,11.3,62.0,79.5,21.092857142857145,4.0
2020-07-16 00:00:00,51.17414949830592,-63.05655052730295,7.0,0,22.9,0.0,14.6,32.0,47.6,19.085714285714285,3.0
2020-07-01 00:00:00,58.424941203484885,-65.66884336723157,7.0,0,9.0,0.2,23.5,76.0,23.8,12.028571428571428,1.0
2024-07-08 00:00:00,51.60590000000008,-76.33969999999992,7.0,1,26.9,2.5,19.0,47.0,66.8,20.221428571428568,4.0
2020-05-01 00:00:00,45.32365404190088,-63.0665033748154,5.0,0,12.9,2.7,25.4,64.0,52.8,7.878571428571428,2.0
2019-06-27 00:00:00,57.88063425559874,-59.07512598184025,6.0,0,4.1,0.0,12.7,93.0,25.7,4.971428571428571,2.0
2020-06-16 00:00:00,48.8502000009694,-67.44650000013509,6.0,1,25.9,0.0,19.7,29.0,20.4,15.749999999999998,5.0
2023-05-14 00:00:00,46.13299999985014,-73.50060000028975,5.0,1,16.1,0.0,19.7,24.0,80.1,16.492857142857144,10.0
2020-06-19 00:00:00,45.78670000082749,-75.09750000029275,6.0,1,30.7,0.0,10.0,37.0,29.6,22.607142857142858,6.0
2020-05-12 00:00:00,45.68740000135728,-75.01120000035742,5.0,1,8.2,0.0,17.0,24.0,29.1,12.092857142857142,3.0
2021-05-13 00:00:00,48.90840000126984,-70.45749999980085,5.0,1,12.4,0.5,23.6,27.0,30.1,7.671428571428573,7.0
2020-08-12 00:00:00,49.530600000573486,-72.0358000000531,8.0,1,25.3,0.7,14.4,52.0,114.7,23.65,1.0
2018-06-16 00:00:00,49.306300001073645,-69.64530000032063,6.0,1,23.4,0.0,13.7,27.0,27.0,14.928571428571429,2.0
2023-07-28 00:00:00,57.15341465257139,-68.16246492015472,7.0,0,9.5,0.8,16.2,70.0,87.6,21.05,1.0
2024-09-24 00:00:00,58.57266455235767,-57.75365489866407,9.0,0,8.1,0.0,13.7,82.0,17.9,7.178571428571429,7.0
2022-06-11 00:00:00,48.93668156886193,-66.14488166840647,6.0,0,17.7,2.4,20.2,55.0,36.6,12.957142857142856,1.0
2018-05-08 00:00:00,46.44770000056268,-73.02489999989632,5.0,1,21.6,0.0,16.4,30.0,83.10000000000001,14.092857142857143,3.0
2021-07-21 00:00:00,53.15214612637424,-67.54397567119307,7.0,0,13.7,0.4,13.0,59.0,34.2,15.607142857142858,5.0
2020-08-17 00:00:00,58.26910296592774,-77.08410719063895,8.0,0,19.2,0.7,22.9,60.0,27.2,19.65714285714285,1.0
2020-05-09 00:00:00,47.50900000084719,-72.78939999997041,5.0,1,4.3,0.5,25.3,37.0,34.1,11.428571428571429,2.0
2018-08-05 00:00:00,46.2711000012202,-73.55330000061187,8.0,1,29.4,0.0,13.9,54.0,106.8,24.435714285714287,1.0
2022-06-14 00:00:00,57.86090000000007,-68.19479999999999,6.0,1,23.6,0.0,16.8,27.0,2.9,15.585714285714284,3.0
2023-05-08 00:00:00,48.6749999999501,-78.11650000037469,5.0,1,12.1,0.0,15.6,31.0,57.5,11.528571428571428,6.0
2018-07-02 00:00:00,49.67061332201367,-60.93204651051676,7.0,0,9.8,0.0,29.4,97.0,71.3,10.35714285714286,1.0
2024-06-01 00:00:00,45.99600000000004,-74.13789999999995,6.0,1,24.9,0.0,11.3,29.0,41.1,20.86428571428571,4.0
2023-05-27 00:00:00,53.05049999987517,-75.32550000012486,5.0,1,22.6,4.1,26.0,47.0,16.9,7.35,4.0
2020-09-23 00:00:00,48.7005539363569,-57.89319764022017,9.0,0,17.9,10.8,30.4,85.0,40.0,14.007142857142856,1.0
2018-05-19 00:00:00,45.928600000788585,-74.39840000016598,5.0,1,16.1,6.6,20.3,39.0,7.6,16.128571428571426,9.0
2021-06-05 00:00:00,45.87680000056265,-74.00420000027238,6.0,1,25.4,4.1,22.7,62.0,12.2,20.792857142857144,2.0
2024-06-02 00:00:00,46.33706225147333,-73.4139372417363,6.0,0,25.5,0.0,13.0,38.0,50.4,22.77142857142857,5.0
2024-06-05 00:00:00,51.15120000000008,-69.59769999999997,6.0,1,26.2,0.8,10.2,38.0,57.2,16.428571428571427,6.0
2023-07-06 00:00:00,48.008099999815215,-67.51389999968518,7.0,1,30.3,0.9,12.9,45.0,47.3,24.321428571428573,2.0
2023-09-13 00:00:00,46.87819134826952,-65.26766170692757,9.0,0,21.4,1.5,12.6,84.0,42.0,22.985714285714288,2.0
2022-09-21 00:00:00,47.531600000000026,-69.8082,9.0,1,12.9,0.0,13.3,82.0,8.7,17.557142857142857,7.0
2020-07-25 00:00:00,54.8484151091174,-70.00584487550242,7.0,0,15.5,0.1,12.2,62.0,56.2,17.114285714285717,2.0
2024-05-04 00:00:00,47.58765085763019,-70.61287272192222,5.0,0,13.7,0.5,10.4,57.0,13.7,10.15,6.0
2021-09-14 00:00:00,54.29855057908591,-71.72184521420849,9.0,0,8.5,0.0,29.8,54.0,54.0,14.042857142857144,1.0
2021-06-04 00:00:00,45.27428758832848,-71.98508315003686,6.0,0,23.6,0.8,17.4,50.0,23.7,20.685714285714287,1.0
2023-06-01 00:00:00,49.50839999986016,-75.28759999974017,6.0,1,30.1,1.7,16.6,31.0,18.6,17.57857142857143,9.0
2021-09-08 00:00:00,58.479652779226434,-60.01359208434445,9.0,0,5.5,0.1,15.1,98.0,1.4,6.535714285714286,14.0
2019-09-11 00:00:00,52.87040091812168,-62.340576600742025,9.0,0,11.6,1.6,9.0,53.0,68.9,13.621428571428572,1.0
2024-06-10 00:00:00,55.77250000000004,-74.12969999999996,6.0,1,10.8,0.0,30.5,48.0,13.2,19.29285714285714,1.0
2022-08-28 00:00:00,47.908209137330175,-75.2860741005744,8.0,0,23.7,0.0,19.9,47.0,21.7,21.871428571428577,2.0
2021-08-12 00:00:00,48.99793758007744,-76.83364618807931,8.0,0,27.2,7.2,21.4,39.0,61.9,21.514285714285712,2.0
2023-06-02 00:00:00,45.67579999967029,-76.67250000027474,6.0,1,28.0,0.1,17.0,40.0,33.7,23.02142857142857,9.0
2019-07-26 00:00:00,47.58430000053559,-69.77739999995559,7.0,1,26.5,0.0,16.2,55.0,63.7,23.88571428571429,3.0
2020-08-16 00:00:00,46.16977916519178,-71.07617511293869,8.0,0,24.4,0.2,11.0,39.0,52.2,23.7,4.0
2018-08-01 00:00:00,50.43570000073034,-68.69999999956802,8.0,1,26.3,8.2,16.6,40.0,60.5,23.87142857142857,1.0
2021-06-08 00:00:00,49.65620000086044,-68.82360000047534,6.0,1,22.9,0.0,18.9,36.0,23.6,17.642857142857142,1.0
2023-06-01 00:00:00,49.16779999967031,-71.83709999976514,6.0,1,29.0,0.9,18.8,34.0,39.1,17.59285714285714,8.0
2021-07-13 00:00:00,51.58285899958656,-78.9605074847254,7.0,0,29.7,0.0,19.6,37.0,14.4,18.5,3.0
2018-06-11 00:00:00,45.288773918047184,-78.40506808509258,6.0,0,20.9,0.0,12.2,32.0,35.2,20.56428571428572,4.0
2018-07-11 00:00:00,49.69490000072047,-68.18800000046345,7.0,1,15.8,0.0,14.0,47.0,38.8,23.72142857142857,2.0
2021-08-17 00:00:00,47.929017891491455,-77.45323718238326,8.0,0,24.7,1.8,12.1,51.0,36.1,23.935714285714287,5.0
2021-07-04 00:00:00,45.62628723700855,-67.51928873770329,7.0,0,13.5,31.3,18.4,89.0,56.1,23.65714285714285,2.0
2024-05-11 00:00:00,54.26080000000008,-76.12859999999995,5.0,1,15.6,0.0,14.5,29.0,60.6,7.335714285714286,5.0
2024-09-04 00:00:00,46.16878044795996,-63.15579277188624,9.0,0,21.5,0.1,18.7,43.0,11.8,22.22142857142857,2.0
2018-09-11 00:00:00,49.98140098610132,-59.68174281054959,9.0,0,14.8,1.4,40.0,76.0,39.9,16.228571428571428,5.0
2018-08-06 00:00:00,45.351430450504445,-61.35038978498768,8.0,0,24.5,0.0,14.8,70.0,14.7,24.13571428571429,1.0
2023-07-08 00:00:00,49.581748233140445,-67.13324228976195,7.0,0,26.5,0.0,13.8,60.0,51.7,21.542857142857144,6.0
2023-06-01 00:00:00,49.079200000379785,-75.00289999993498,6.0,1,29.3,1.6,18.0,31.0,30.6,17.09285714285714,8.0
2019-08-13 00:00:00,46.18230000085341,-76.89129999968165,8.0,1,23.2,0.0,13.1,37.0,37.1,23.92142857142857,3.0
2020-06-22 00:00:00,49.201900000518144,-69.72759999984902,6.0,1,26.7,4.8,14.0,58.0,16.1,20.6,2.0
2024-09-09 00:00:00,56.06011668713397,-71.35516545065485,9.0,0,7.3,4.5,27.1,87.0,63.4,12.69285714285714,1.0
2021-09-14 00:00:00,47.49157062065489,-62.04040241955354,9.0,0,16.1,0.1,41.5,57.0,188.9,18.157142857142865,2.0
2020-08-15 00:00:00,50.79121635985143,-68.70024532572515,8.0,0,22.5,0.0,10.5,36.0,71.89999999999999,22.50714285714286,3.0
2022-05-23 00:00:00,53.18137041047506,-76.69308885351214,5.0,0,12.8,1.7,27.7,36.0,6.4,12.414285714285716,3.0
2022-05-10 00:00:00,48.19060000000013,-79.24469999999997,5.0,1,24.7,0.0,26.3,21.0,10.4,11.914285714285716,7.0
2022-05-08 00:00:00,45.86770000000007,-73.96419999999995,5.0,1,16.2,0.0,15.5,21.0,17.0,13.914285714285713,4.0
2019-06-06 00:00:00,50.96410746832609,-58.49656644133104,6.0,0,6.9,0.7,25.7,88.0,53.2,5.950000000000001,2.0
2022-09-04 00:00:00,47.6803000000001,-77.12919999999986,9.0,1,15.8,0.0,12.4,51.0,63.8,20.842857142857145,1.0
2024-09-04 00:00:00,45.62460000000005,-76.19589999999995,9.0,1,23.5,0.0,14.3,47.0,40.7,22.84285714285715,3.0
2018-05-09 00:00:00,46.13130000124527,-74.57590000064054,5.0,1,22.7,0.0,15.5,31.0,59.7,14.44285714285714,4.0
2023-05-05 00:00:00,53.59143573312164,-60.908982828787686,5.0,0,8.2,0.0,14.6,64.0,0.7,8.364285714285714,14.0
2024-08-26 00:00:00,54.2058411128834,-75.2659255261861,8.0,0,24.9,1.1,28.8,52.0,6.0,21.29285714285714,2.0
2024-06-17 00:00:00,47.954379324204666,-68.25818241415216,6.0,0,21.2,0.7,19.4,46.0,37.1,20.09285714285713,3.0
2021-07-21 00:00:00,49.0817087268517,-72.13815729351812,7.0,0,22.1,0.2,12.6,43.0,68.5,22.97857142857143,5.0
2023-08-28 00:00:00,52.71991217001039,-64.49702619848996,8.0,0,19.4,0.0,16.9,55.0,48.2,17.37142857142857,2.0
2021-07-24 00:00:00,45.86780489248574,-77.96826168872192,7.0,0,22.9,21.2,24.0,49.0,52.6,24.42142857142857,2.0
2023-07-12 00:00:00,49.36796601287317,-69.46277628410732,7.0,0,22.5,5.6,19.8,62.0,169.3,23.76428571428572,1.0
2024-07-07 00:00:00,52.39330000000007,-72.09689999999995,7.0,1,25.4,0.1,22.1,40.0,51.5,19.050000000000004,3.0
2024-05-12 00:00:00,49.51404061791308,-68.84018473927364,5.0,0,15.0,0.0,12.0,35.0,10.0,10.571428571428571,6.0
2023-09-03 00:00:00,47.50230293960588,-72.49380408070806,9.0,0,26.1,0.0,13.8,53.0,25.3,19.81428571428572,1.0
2018-07-27 00:00:00,48.7554000008605,-72.38249999987234,7.0,1,27.3,0.7,16.1,43.0,91.5,26.82857142857144,2.0
2023-05-19 00:00:00,47.39430000044473,-72.58950000012487,5.0,1,19.6,0.1,24.4,43.0,6.2,14.142857142857142,2.0
2021-07-08 00:00:00,50.33098759624954,-70.89506632437956,7.0,0,18.4,0.0,12.8,36.0,56.3,19.585714285714285,2.0
2021-08-22 00:00:00,47.463300001199165,-73.46500000050499,8.0,1,27.0,1.6,10.9,67.0,22.700000000000003,26.41428571428571,2.0
2018-05-27 00:00:00,48.76013903207823,-72.0238852742036,5.0,0,20.5,0.6,24.7,42.0,17.1,13.650000000000002,4.0
2021-06-27 00:00:00,58.55354890854462,-64.06969073378515,6.0,0,8.5,1.4,14.0,70.0,25.6,6.971428571428572,1.0
2019-08-27 00:00:00,46.20060000105623,-75.57340000010113,8.0,1,23.7,0.6,20.3,49.0,25.6,22.185714285714287,6.0
2024-05-23 00:00:00,46.30800000000005,-74.67859999999996,5.0,1,20.7,14.8,24.7,37.0,13.5,19.307142857142857,2.0
2021-09-14 00:00:00,56.48090991974486,-79.07658406120618,9.0,0,10.3,0.8,41.0,62.0,7.8,10.485714285714286,2.0
2021-09-28 00:00:00,48.401513561725565,-65.42150082387245,9.0,0,14.0,2.7,16.5,51.0,68.4,17.757142857142856,1.0
2024-05-19 00:00:00,46.01020000000005,-74.14959999999996,5.0,1,22.0,0.0,10.9,50.0,33.5,17.192857142857143,1.0
2022-05-09 00:00:00,57.312641442830696,-78.23407486873093,5.0,0,3.5,0.0,32.8,74.0,17.7,-2.7785714285714285,5.0
2018-05-30 00:00:00,49.024000000745865,-72.3060000006491,5.0,1,24.3,0.0,13.9,31.0,33.7,15.685714285714289,2.0
2023-07-02 00:00:00,56.70810000041473,-66.90349999972517,7.0,1,23.1,6.0,12.5,60.0,9.0,20.17142857142857,5.0
2018-05-18 00:00:00,45.35710000103073,-72.62699999997908,5.0,1,13.3,0.0,11.2,34.0,18.9,16.74285714285714,3.0
2024-08-25 00:00:00,49.00630324714826,-72.09807355935538,8.0,0,22.4,3.0,9.9,68.0,52.9,23.971428571428568,1.0
2019-06-09 00:00:00,57.32823948181563,-77.78538966915931,6.0,0,8.2,2.5,40.5,80.0,50.6,2.457142857142857,3.0
2021-06-28 00:00:00,47.46174502030962,-68.20182683641687,6.0,0,25.9,6.6,11.5,53.0,69.4,21.59285714285713,1.0
2021-05-25 00:00:00,46.1507000008622,-74.78899999958887,5.0,1,24.9,3.0,17.6,54.0,9.1,20.264285714285712,14.0
2024-05-07 00:00:00,57.74851982468255,-74.22226404917511,5.0,0,-0.7,0.0,36.5,82.0,30.1,-2.5357142857142856,1.0
2023-05-31 00:00:00,48.26019999993008,-70.4204999996752,5.0,1,30.0,0.0,14.2,27.0,36.7,16.864285714285717,7.0
2022-05-01 00:00:00,46.73889999999994,-72.58449999999999,5.0,1,19.0,0.0,17.4,35.0,37.7,9.671428571428573,4.0
2023-06-15 00:00:00,45.561602566626455,-71.95950555499415,6.0,0,19.5,16.9,11.7,71.0,58.1,20.742857142857144,1.0
2019-09-18 00:00:00,47.52075311035863,-57.51366281620575,9.0,0,11.7,0.0,43.4,64.0,39.6,14.614285714285716,1.0
2022-05-22 00:00:00,57.20929646787155,-65.68293802338587,5.0,0,2.0,1.3,35.9,68.0,48.9,5.678571428571429,1.0
2018-07-02 00:00:00,49.19730000080485,-72.81810000046974,7.0,1,33.2,1.8,29.3,43.0,10.6,23.764285714285712,1.0
2019-07-27 00:00:00,51.18020000056643,-67.29930000009833,7.0,1,24.6,1.2,18.3,46.0,56.7,17.464285714285715,4.0
2021-06-27 00:00:00,54.473960886725,-67.28311447165031,6.0,0,16.6,0.4,20.6,58.0,50.4,14.050000000000002,1.0
2021-05-14 00:00:00,46.21180000058375,-70.60859999957532,5.0,1,17.7,1.1,16.6,41.0,54.7,12.035714285714286,2.0
2021-08-25 00:00:00,48.41490000051586,-67.23600000044777,8.0,1,26.5,0.0,10.2,48.0,34.6,25.65714285714285,1.0
2023-06-23 00:00:00,45.63387276963962,-71.84252937163615,6.0,0,27.7,0.0,11.7,35.0,76.7,20.45,5.0
2023-05-30 00:00:00,50.20559999974023,-66.35910000006493,5.0,1,16.5,0.0,21.8,49.0,29.5,12.164285714285716,5.0
2019-06-17 00:00:00,58.394896792357066,-62.64112559886883,6.0,0,3.5,0.9,16.9,98.0,33.5,5.864285714285716,2.0
2024-08-13 00:00:00,57.79471574584179,-62.51228504953022,8.0,0,15.8,0.0,8.4,48.0,35.2,11.62857142857143,1.0
2021-06-22 00:00:00,56.68596230726422,-75.98687388965782,6.0,0,4.1,38.7,43.3,91.0,29.8,8.871428571428572,1.0
2018-08-28 00:00:00,46.53919881306922,-67.28768774360296,8.0,0,26.8,0.9,20.9,63.0,70.6,22.128571428571423,1.0
2020-05-28 00:00:00,49.924200001176,-67.20479999974955,5.0,1,31.9,0.1,11.6,37.0,3.9,15.542857142857144,2.0
2018-05-25 00:00:00,46.51440000098948,-73.13680000051976,5.0,1,28.1,0.0,22.3,32.0,10.9,17.28571428571429,5.0
2022-09-09 00:00:00,47.62470000000013,-77.9169,9.0,1,25.6,0.0,18.2,48.0,38.9,21.285714285714285,6.0
2024-05-23 00:00:00,47.90160000000003,-69.85899999999998,5.0,1,24.3,25.0,16.7,50.0,21.9,17.3,3.0
2018-06-12 00:00:00,46.385600001348095,-71.87829999950138,6.0,1,24.9,0.0,27.4,31.0,44.0,20.87857142857143,4.0
2023-06-04 00:00:00,47.069968005748976,-74.89138882971865,6.0,0,20.8,0.0,16.3,19.0,18.2,21.72857142857143,11.0
2020-08-08 00:00:00,58.51891431562592,-65.20893587504527,8.0,0,16.8,8.6,13.4,73.0,3.1,17.814285714285713,14.0
2022-05-02 00:00:00,46.56369999999998,-72.93899999999991,5.0,1,19.4,0.1,17.7,36.0,38.7,9.964285714285714,5.0
2020-06-18 00:00:00,58.57062298173524,-78.23604613544758,6.0,0,10.9,0.0,24.1,57.0,3.9,7.75,4.0
2020-09-09 00:00:00,53.23857204833924,-57.87603722779632,9.0,0,13.6,0.3,29.9,49.0,75.9,15.907142857142858,1.0
2021-08-09 00:00:00,49.18049226655153,-64.03101707156287,8.0,0,16.6,0.0,36.0,68.0,32.4,17.714285714285715,2.0
2020-08-26 00:00:00,49.24939920318584,-67.99176479696672,8.0,0,15.3,2.5,29.4,35.0,62.6,20.285714285714285,1.0
2021-05-19 00:00:00,49.09140000056995,-72.04629999978415,5.0,1,22.4,0.0,14.3,34.0,26.8,14.8,1.0
2024-07-27 00:00:00,47.25222893553213,-72.25591912189134,7.0,0,26.8,0.0,14.8,45.0,86.8,23.4,2.0
2019-07-01 00:00:00,50.928500000551146,-78.05179999931244,7.0,1,24.2,2.4,21.7,55.0,27.0,18.335714285714285,2.0
2020-08-17 00:00:00,54.40729411581904,-64.78104785875239,8.0,0,24.4,0.0,15.6,34.0,30.2,20.714285714285715,6.0
2023-08-11 00:00:00,52.709650007793314,-77.24291786598698,8.0,0,20.2,5.0,16.3,64.0,29.4,20.285714285714285,1.0
2022-08-11 00:00:00,56.53036995087212,-58.40332292877777,8.0,0,11.3,0.1,32.7,74.0,35.3,8.707142857142859,4.0
2021-09-24 00:00:00,57.15737640279906,-76.63049944388047,9.0,0,10.9,8.7,55.3,60.0,51.4,9.671428571428573,2.0
2021-06-17 00:00:00,48.24890000119305,-79.05139999957208,6.0,1,25.7,0.0,24.0,30.0,12.0,22.15,4.0
2023-06-01 00:00:00,49.346100000414765,-67.96890000003492,6.0,1,27.7,1.0,15.8,45.0,33.7,14.492857142857142,7.0
2023-07-07 00:00:00,51.74249999957539,-78.43030000034469,7.0,1,23.3,0.0,11.8,33.0,38.8,24.7,2.0
2020-07-15 00:00:00,54.858312559306725,-76.07473340620525,7.0,0,25.0,7.3,49.0,37.0,22.7,22.264285714285712,4.0
2020-07-05 00:00:00,49.570200000851074,-69.65309999990572,7.0,1,18.0,3.8,12.2,60.0,38.2,23.271428571428576,3.0
2020-06-27 00:00:00,49.7225000009988,-63.66099999975453,6.0,1,24.2,11.2,11.4,58.0,9.6,23.142857142857142,6.0
2024-09-14 00:00:00,49.27750000000003,-68.29279999999994,9.0,1,15.8,0.0,11.6,53.0,28.4,18.06428571428572,6.0
2020-06-20 00:00:00,50.59830000082965,-74.13329999974886,6.0,1,23.7,6.5,9.0,71.0,15.9,18.321428571428573,8.0
2021-05-28 00:00:00,45.98160000106702,-76.81580000045442,5.0,1,11.9,0.0,13.8,30.0,5.4,22.235714285714284,2.0
2021-05-15 00:00:00,45.65526484740938,-63.73912435978099,5.0,0,15.6,0.0,14.8,32.0,96.2,11.857142857142858,3.0
2020-05-13 00:00:00,46.31520000073247,-73.56289999943425,5.0,1,11.8,0.0,21.0,25.0,41.5,10.4,6.0
2018-05-29 00:00:00,48.54550000130452,-72.30009999945439,5.0,1,17.4,0.1,27.9,34.0,27.5,15.221428571428572,1.0
2021-09-08 00:00:00,54.87260021009452,-64.34267345473883,9.0,0,15.6,1.0,20.1,66.0,53.5,13.907142857142857,8.0
2021-08-13 00:00:00,56.86820486212599,-64.56045372437225,8.0,0,21.0,2.0,26.3,56.0,48.8,14.657142857142857,1.0
2024-07-09 00:00:00,51.81520000000006,-66.71529999999996,7.0,1,21.7,10.3,14.8,64.0,70.7,19.071428571428573,5.0
2023-06-12 00:00:00,45.20589224778554,-69.40942035160916,6.0,0,25.3,0.0,11.3,50.0,68.3,18.87857142857143,2.0
2024-07-11 00:00:00,48.746800000000064,-69.09919999999994,7.0,1,23.6,0.0,17.4,49.0,21.9,23.678571428571427,2.0
2024-05-05 00:00:00,51.04545680590468,-68.23700566665013,5.0,0,12.0,3.1,26.7,58.0,42.8,3.1928571428571426,7.0
2018-07-03 00:00:00,50.21580000068509,-76.45380000027971,7.0,1,26.9,0.0,22.8,34.0,14.7,22.17142857142857,1.0
2024-05-21 00:00:00,56.35879821171874,-73.8057367207976,5.0,0,4.8,0.0,22.8,73.0,30.4,2.8928571428571432,1.0
2024-06-21 00:00:00,48.30776191846181,-78.53321929908566,6.0,0,24.8,0.0,11.1,39.0,30.7,21.107142857142858,2.0
2019-09-13 00:00:00,48.88005658977304,-75.61615583743165,9.0,0,15.8,2.5,24.6,41.0,57.3,13.69285714285714,2.0
2023-05-31 00:00:00,46.39320000027982,-72.56770000025477,5.0,1,29.8,0.0,14.3,32.0,24.1,19.54285714285714,7.0
2020-06-22 00:00:00,47.29700000111669,-74.89590000004256,6.0,1,28.7,0.2,17.4,45.0,20.5,22.692857142857143,11.0
2021-08-26 00:00:00,48.01270000062309,-66.75930000053289,8.0,1,29.1,4.2,15.8,56.0,38.3,27.36428571428572,2.0
2023-05-16 00:00:00,52.49566055388279,-70.14932024497381,5.0,0,-2.5,2.2,26.5,50.0,24.2,6.514285714285713,1.0
2024-07-02 00:00:00,46.4613809982333,-77.17230665490239,7.0,0,25.3,0.0,14.8,40.0,82.7,23.192857142857143,2.0
2020-05-23 00:00:00,45.5368000009304,-75.89900000021957,5.0,1,26.0,0.0,16.7,17.0,16.7,15.750000000000002,8.0
2022-05-14 00:00:00,50.03080000000011,-66.84389999999996,5.0,1,17.9,0.0,17.2,26.0,16.3,9.664285714285713,1.0
2024-07-13 00:00:00,48.62810000000008,-78.9593,7.0,1,27.2,0.0,18.4,56.0,64.1,23.514285714285712,4.0
2024-05-16 00:00:00,58.15482917093386,-59.50432641047925,5.0,0,2.4,0.6,26.8,81.0,29.4,1.442857142857143,9.0
2018-07-17 00:00:00,54.13742586403403,-65.07178629317875,7.0,0,16.9,12.6,23.2,87.0,48.4,14.89285714285714,1.0
2021-06-26 00:00:00,46.327516462965136,-60.03855640150702,6.0,0,19.8,0.1,31.7,80.0,12.9,16.7,4.0
2021-05-12 00:00:00,53.4347743696344,-65.07124947110455,5.0,0,0.8,0.6,20.5,82.0,37.4,1.2071428571428573,1.0
2020-09-22 00:00:00,45.72810000130503,-75.77169999985026,9.0,1,17.7,0.0,11.7,54.0,18.1,15.25,6.0
2024-05-06 00:00:00,45.62597685466117,-79.10674903558996,5.0,0,17.2,0.0,12.0,39.0,29.3,13.964285714285715,1.0
2023-06-03 00:00:00,46.33370000025485,-75.48460000038966,6.0,1,21.4,0.0,16.3,26.0,34.7,21.964285714285715,1.0
2021-07-23 00:00:00,49.56900000116358,-68.84399999954856,7.0,1,21.9,1.0,12.8,43.0,78.9,21.92142857142857,1.0
2021-07-22 00:00:00,50.53590000098196,-75.47250000016503,7.0,1,21.6,2.5,15.1,49.0,24.4,21.835714285714285,3.0
2019-09-18 00:00:00,48.09990000080815,-77.82009999997156,9.0,1,21.5,0.1,14.8,59.0,73.1,15.085714285714287,4.0
2020-09-16 00:00:00,54.72644091440743,-69.20215863897056,9.0,0,6.1,6.8,29.6,78.0,102.5,9.650000000000002,1.0
2024-08-02 00:00:00,49.75670000000007,-78.39419999999997,8.0,1,30.9,2.0,15.9,47.0,57.1,24.15714285714285,1.0
2023-06-22 00:00:00,48.00099999975026,-77.92840000005992,6.0,1,30.1,0.0,12.1,31.0,20.4,22.62142857142857,4.0
2021-07-23 00:00:00,46.38537953309375,-66.05047725618687,7.0,0,23.2,2.4,11.4,46.0,141.7,24.08571428571429,1.0
2024-07-09 00:00:00,53.97502449543029,-68.36302088239243,7.0,0,18.8,2.0,25.0,42.0,47.4,16.985714285714284,1.0
2021-05-21 00:00:00,48.84830000072324,-72.27960000010889,5.0,1,26.4,2.4,17.8,47.0,10.4,18.357142857142858,1.0
2022-07-10 00:00:00,50.47353202267304,-58.66889183396785,7.0,0,13.9,0.0,37.4,75.0,36.7,12.435714285714283,1.0
2023-08-27 00:00:00,46.74339999981021,-70.10250000027474,8.0,1,17.5,0.0,13.0,49.0,46.2,18.99285714285714,1.0
2019-06-03 00:00:00,53.71081702459412,-73.70003102902851,6.0,0,6.7,8.0,17.6,65.0,42.6,9.585714285714287,2.0
2022-07-06 00:00:00,47.392409520161976,-60.81701545156896,7.0,0,17.4,38.9,46.2,70.0,38.0,15.464285714285712,3.0
2018-07-13 00:00:00,45.35440000135066,-73.66409999985467,7.0,1,29.0,0.0,12.5,35.0,27.1,29.464285714285715,7.0
2023-07-07 00:00:00,53.04290000013498,-77.13980000036969,7.0,1,21.9,0.0,12.1,38.0,25.1,24.228571428571428,2.0
2019-08-15 00:00:00,48.1552000010327,-70.28790000050896,8.0,1,18.3,0.0,10.8,49.0,61.5,19.142857142857142,2.0
2020-05-17 00:00:00,48.01140000050564,-66.7394000000347,5.0,1,14.2,0.0,21.0,29.0,44.9,9.45,5.0
2021-05-15 00:00:00,47.47190000082996,-69.25649999967567,5.0,1,19.8,0.4,15.9,29.0,31.8,11.435714285714283,4.0
2018-08-12 00:00:00,46.740601700614775,-61.96784883823547,8.0,0,23.6,0.0,23.3,63.0,44.2,23.278571428571432,2.0
2020-09-23 00:00:00,56.090163038570026,-60.75116919140158,9.0,0,13.8,1.5,16.7,77.0,39.8,11.214285714285714,1.0
2022-07-16 00:00:00,48.59230000000002,-68.25709999999998,7.0,1,24.4,0.0,23.9,51.0,28.8,20.707142857142856,4.0
2024-07-09 00:00:00,49.45910000000004,-68.54209999999995,7.0,1,25.7,13.3,13.3,56.0,45.6,22.614285714285707,5.0
2021-09-20 00:00:00,46.13340000138512,-73.91689999982985,9.0,1,20.1,0.0,11.7,49.0,41.9,18.557142857142857,5.0
2020-07-03 00:00:00,49.37930000132926,-67.987400000296,7.0,1,21.0,0.7,9.1,64.0,33.6,24.10714285714286,1.0
2020-05-13 00:00:00,45.221000000833584,-72.695800000082,5.0,1,11.0,0.0,20.8,31.0,24.7,11.642857142857142,2.0
2020-05-24 00:00:00,50.30140000051218,-66.39219999952921,5.0,1,12.8,0.0,12.6,32.0,2.9,10.692857142857145,12.0
2021-06-25 00:00:00,45.43410000066196,-73.20549999957417,6.0,1,26.5,0.1,24.3,41.0,39.1,24.54285714285714,4.0
2022-05-01 00:00:00,47.43900000000002,-70.47899999999987,5.0,1,8.8,0.0,12.5,54.0,29.2,6.814285714285712,4.0
2021-06-05 00:00:00,48.57470000104306,-64.9156000001257,6.0,1,20.7,5.5,21.0,65.0,54.2,16.064285714285713,1.0
2021-09-06 00:00:00,49.4066000013087,-68.82950000002197,9.0,1,16.7,11.2,18.1,74.0,25.1,20.02142857142857,1.0
2019-09-03 00:00:00,47.369323010218245,-73.29814942840608,9.0,0,15.5,0.0,12.7,46.0,22.5,21.078571428571426,4.0
2023-05-21 00:00:00,48.8355913983946,-77.37041608702076,5.0,0,10.5,0.0,21.2,36.0,9.4,14.45,2.0
2018-07-16 00:00:00,45.90160000054758,-75.91390000031305,7.0,1,31.1,1.8,13.0,37.0,16.900000000000002,28.27857142857143,2.0
2020-08-16 00:00:00,45.67320000083344,-76.34109999959048,8.0,1,22.7,19.3,16.6,69.0,94.3,24.59285714285713,5.0
2021-06-18 00:00:00,46.57770000079898,-77.5341999999233,6.0,1,21.5,8.9,21.5,49.0,7.3,24.085714285714285,13.0
2023-06-01 00:00:00,49.76039999986017,-69.0523999995603,6.0,1,27.2,0.4,15.8,37.0,30.9,15.328571428571427,8.0
2023-06-01 00:00:00,47.13050000037475,-73.72719999988004,6.0,1,30.0,0.5,12.0,33.0,29.3,19.457142857142856,8.0
2019-09-03 00:00:00,50.36748268777808,-70.15609112579872,9.0,0,11.7,0.0,16.9,50.0,60.1,19.24285714285714,1.0
2023-08-09 00:00:00,56.14444062801094,-64.71043613480835,8.0,0,16.0,3.6,19.2,66.0,37.9,15.107142857142858,1.0
2024-07-08 00:00:00,51.39860000000004,-76.46599999999995,7.0,1,26.4,11.4,20.1,49.0,63.7,20.121428571428577,4.0
2019-09-14 00:00:00,51.09625313182463,-77.27216988646664,9.0,0,14.1,6.0,22.7,89.0,53.1,12.457142857142856,1.0
2024-05-10 00:00:00,45.94700000000005,-73.95599999999996,5.0,1,15.7,0.0,12.7,34.0,43.4,14.707142857142856,2.0
2021-05-24 00:00:00,54.6688753592144,-64.9863661888775,5.0,0,4.7,1.1,37.7,65.0,14.9,3.735714285714286,2.0
2018-05-12 00:00:00,46.29810000101519,-72.64909999988932,5.0,1,15.7,0.0,17.0,34.0,71.5,15.792857142857144,2.0
2024-09-22 00:00:00,48.91440721879636,-77.74398432239545,9.0,0,21.8,1.8,21.3,61.0,13.9,23.07857142857143,14.0
2023-05-09 00:00:00,45.431232144502616,-78.12417442590548,5.0,0,15.0,0.0,14.7,34.0,65.3,10.885714285714288,2.0
2023-09-21 00:00:00,48.55119999978024,-68.02809999971515,9.0,1,14.2,0.0,13.3,59.0,82.6,19.592857142857145,1.0
2019-06-20 00:00:00,47.5610496570019,-68.5793031296928,6.0,0,17.9,13.7,5.2,78.0,34.2,19.835714285714285,1.0
2022-07-22 00:00:00,49.09422168594045,-68.07445289818442,7.0,0,14.3,0.4,36.1,81.0,90.7,15.507142857142856,1.0
2019-07-07 00:00:00,54.14038232697995,-78.25046963477537,7.0,0,18.8,0.3,26.3,55.0,29.4,18.75714285714286,2.0
2021-05-22 00:00:00,45.983200000659146,-74.10280000021787,5.0,1,24.6,0.9,21.3,59.0,11.4,18.56428571428572,6.0
2018-06-28 00:00:00,52.23060000061258,-68.77460000009047,6.0,1,24.8,3.3,18.1,36.0,23.6,12.921428571428567,2.0
2023-06-01 00:00:00,47.200800000219886,-72.78460000038967,6.0,1,29.8,1.0,10.6,34.0,31.4,19.135714285714283,8.0
2022-09-23 00:00:00,46.71414102070188,-76.16218474208415,9.0,0,11.3,0.1,22.2,48.0,77.5,18.571428571428573,1.0
2023-06-03 00:00:00,55.16790277469719,-70.35461032960367,6.0,0,15.9,0.0,11.3,39.0,39.9,10.121428571428572,3.0
2024-07-08 00:00:00,51.65030000000007,-63.91479999999997,7.0,1,27.7,0.6,16.6,32.0,48.1,19.428571428571427,4.0
2024-08-05 00:00:00,47.694644206943074,-60.67086140990763,8.0,0,20.8,5.0,24.4,80.0,39.7,20.90714285714285,3.0
2019-06-18 00:00:00,48.97001317314193,-73.39870685143664,6.0,0,18.4,0.0,14.5,39.0,27.200000000000003,16.864285714285714,3.0
2023-05-30 00:00:00,45.03520000008001,-72.45410000011486,5.0,1,28.5,0.0,11.6,28.0,19.4,19.442857142857143,6.0
2024-07-13 00:00:00,47.86690000000004,-70.25699999999993,7.0,1,25.9,3.1,11.5,48.0,38.0,21.63571428571429,2.0
2023-07-22 00:00:00,54.89273759064663,-61.91054085412257,7.0,0,20.5,5.0,18.4,60.0,19.7,24.17857142857144,2.0
2018-06-18 00:00:00,48.549700001088965,-67.51629999971405,6.0,1,22.4,35.5,18.0,87.0,30.2,15.957142857142856,1.0
2019-05-25 00:00:00,52.31886735474483,-70.56181206036958,5.0,0,4.7,0.0,22.7,67.0,33.9,3.728571428571428,4.0
2018-05-30 00:00:00,46.28420000136218,-76.0734000002614,5.0,1,27.0,0.0,11.5,33.0,31.6,20.735714285714288,2.0
2023-05-15 00:00:00,57.379357291083686,-61.7220861351673,5.0,0,1.7,1.7,24.2,78.0,13.6,1.107142857142857,2.0
2024-09-02 00:00:00,48.66550000000007,-71.44289999999997,9.0,1,13.9,1.2,20.5,54.0,85.5,21.592857142857145,1.0
2018-05-24 00:00:00,45.487192990958576,-69.8554118372212,5.0,0,17.9,0.0,13.1,23.0,13.7,17.764285714285712,1.0
2020-07-07 00:00:00,46.26980000093669,-74.71549999946055,7.0,1,29.6,4.9,13.9,43.0,52.7,24.71428571428572,5.0
2018-07-16 00:00:00,48.05220000070599,-79.4193999999666,7.0,1,27.9,1.0,22.2,53.0,23.9,27.107142857142858,2.0
2019-07-24 00:00:00,46.69470000129628,-79.07989999979613,7.0,1,24.2,0.1,16.3,39.0,26.9,26.27142857142857,5.0
2020-05-15 00:00:00,56.4430695113788,-65.2181812219745,5.0,0,2.4,0.0,12.4,67.0,55.0,-0.5928571428571429,1.0
2023-06-30 00:00:00,47.2587000002049,-79.40949999962527,6.0,1,23.8,6.9,18.7,64.0,22.700000000000003,25.58571428571429,3.0
2024-08-22 00:00:00,58.15826687009604,-70.16886925950884,8.0,0,20.6,0.0,21.9,52.0,28.3,17.821428571428573,4.0
2022-05-07 00:00:00,47.60642114172534,-70.55811822461109,5.0,0,9.5,0.0,13.0,31.0,13.1,8.542857142857143,3.0
2021-09-06 00:00:00,48.74680000125685,-72.67490000004064,9.0,1,21.0,3.6,11.9,58.0,30.4,22.478571428571428,1.0
2024-06-05 00:00:00,49.64930000000004,-69.58939999999996,6.0,1,26.2,0.7,8.6,37.0,19.1,17.978571428571428,8.0
2018-06-09 00:00:00,53.094112544826224,-71.41504814592251,6.0,0,2.2,0.0,23.3,63.0,26.8,5.028571428571429,2.0
2023-07-03 00:00:00,52.30128365549324,-64.73078277019589,7.0,0,22.9,3.9,13.7,59.0,46.2,20.307142857142857,1.0
2018-07-05 00:00:00,46.9182000011575,-79.18399999964322,7.0,1,32.6,1.4,20.7,41.0,40.8,27.18571428571428,4.0
2019-05-05 00:00:00,46.25930000109131,-76.03309999970631,5.0,1,19.3,0.0,12.4,30.0,57.1,11.457142857142856,2.0
2019-05-23 00:00:00,45.97070000082723,-73.84089999944224,5.0,1,17.7,16.6,19.5,55.0,60.3,13.471428571428572,3.0
2022-07-07 00:00:00,52.882555939277424,-57.3651613229021,7.0,0,13.7,0.0,20.7,65.0,26.3,20.99285714285714,3.0
2018-05-08 00:00:00,46.227300001045,-71.04459999953677,5.0,1,18.2,0.0,19.8,30.0,129.3,13.507142857142856,3.0
2020-07-24 00:00:00,57.412070444696525,-63.445829882455904,7.0,0,14.3,8.4,15.5,70.0,51.1,17.15714285714286,1.0
2020-08-25 00:00:00,54.89692902997501,-67.63650969986541,8.0,0,11.2,21.5,29.9,71.0,44.7,16.664285714285715,1.0
2018-05-14 00:00:00,54.48255829816362,-68.58682988717463,5.0,0,2.1,4.9,33.8,82.0,55.5,-0.5285714285714286,1.0
2018-07-01 00:00:00,49.13040000060639,-75.13499999960425,7.0,1,30.9,1.2,15.6,47.0,20.2,21.785714285714285,1.0
2022-07-02 00:00:00,48.2159253474568,-74.94848070209946,7.0,0,19.9,4.7,29.3,39.0,52.8,20.95,1.0
2018-09-11 00:00:00,56.730131757015045,-69.35271811432615,9.0,0,15.6,5.4,24.2,63.0,38.7,11.028571428571428,1.0
2024-07-20 00:00:00,55.11485324113322,-78.00080948042554,7.0,0,10.3,19.3,32.4,79.0,30.7,16.44285714285714,1.0
2020-06-22 00:00:00,51.870380446091296,-60.0583637978271,6.0,0,19.2,6.1,20.0,77.0,29.2,14.885714285714286,3.0
2020-07-30 00:00:00,48.49250000059679,-74.06300000017254,7.0,1,20.1,11.6,13.4,72.0,102.5,23.34285714285713,1.0
2022-07-21 00:00:00,48.1179061801319,-67.49506682638463,7.0,0,28.6,3.7,24.6,51.0,32.1,22.27142857142857,2.0
2020-06-19 00:00:00,46.244200000888696,-71.84419999940087,6.0,1,32.0,0.0,16.0,32.0,30.4,23.642857142857142,8.0
2019-09-20 00:00:00,45.92210000080456,-73.52490000044088,9.0,1,24.7,0.0,16.5,54.0,19.6,19.67142857142857,6.0
2019-08-12 00:00:00,46.44407610231436,-68.51348253978121,8.0,0,21.7,2.5,13.7,59.0,40.0,25.16428571428572,1.0
2023-06-19 00:00:00,48.25950000002501,-78.98559999994,6.0,1,25.7,0.0,8.8,34.0,19.5,20.67142857142857,6.0
2018-06-17 00:00:00,49.539872005261536,-62.37827294383354,6.0,0,15.8,0.0,22.6,42.0,18.1,12.992857142857146,5.0
2023-09-19 00:00:00,53.94957843625362,-74.50266131009924,9.0,0,12.4,0.0,14.9,66.0,44.2,15.635714285714284,2.0
2018-06-28 00:00:00,52.82580000118126,-76.92719999988103,6.0,1,26.5,0.5,23.5,36.0,17.0,16.621428571428574,2.0
2020-06-23 00:00:00,46.0530000005715,-73.71949999973845,6.0,1,31.5,1.1,13.8,45.0,18.4,25.57857142857143,12.0
2024-09-02 00:00:00,57.084744755539575,-61.24467672854128,9.0,0,15.6,1.9,31.4,49.0,23.5,18.428571428571427,2.0
2022-08-16 00:00:00,49.36963663457508,-59.9920102850578,8.0,0,19.5,0.0,16.4,85.0,36.9,18.685714285714287,2.0
2024-07-08 00:00:00,49.96380000000005,-68.94229999999999,7.0,1,29.2,0.0,16.4,29.0,57.9,21.87142857142857,4.0
2020-05-27 00:00:00,46.41186011247868,-72.00584942151478,5.0,0,34.6,0.0,15.6,29.0,10.2,20.17142857142857,12.0
2020-09-25 00:00:00,45.66340000098411,-75.58130000045318,9.0,1,17.7,0.2,10.5,53.0,14.5,16.521428571428576,9.0
2023-07-09 00:00:00,54.171057915059976,-57.98843527493603,7.0,0,16.3,0.0,16.3,71.0,29.2,20.228571428571424,6.0
2022-05-22 00:00:00,48.7978538354142,-71.8658463960862,5.0,0,12.7,7.7,17.9,65.0,73.3,20.95714285714285,1.0
2023-06-04 00:00:00,48.72499999985018,-76.31470000010489,6.0,1,23.3,0.0,10.7,25.0,25.4,20.12857142857143,12.0
2022-06-11 00:00:00,53.76746645050476,-61.72780571265163,6.0,0,10.6,5.0,20.9,80.0,38.8,7.357142857142858,1.0
2024-09-19 00:00:00,48.54670000000005,-78.43549999999993,9.0,1,25.9,0.0,10.2,46.0,34.9,21.52857142857143,11.0
2023-06-24 00:00:00,46.339599999840175,-73.51019999963023,6.0,1,25.7,6.8,10.5,60.0,57.1,21.9,7.0
2019-09-09 00:00:00,50.57013791640131,-71.41162092382841,9.0,0,10.2,0.7,20.4,52.0,50.8,14.914285714285716,1.0
2024-07-08 00:00:00,51.87090000000006,-64.98439999999994,7.0,1,26.6,0.0,19.5,34.0,58.7,18.707142857142856,3.0
2018-09-20 00:00:00,46.09769223537246,-69.40366486257368,9.0,0,14.8,3.1,8.2,72.0,19.6,20.77857142857143,1.0
2019-07-29 00:00:00,48.967700001031176,-64.73549999976127,7.0,1,27.6,0.6,12.1,41.0,33.1,24.121428571428567,5.0
2024-07-08 00:00:00,46.67373367557797,-63.092911552619086,7.0,0,23.1,0.0,24.7,82.0,66.2,19.142857142857142,1.0
2020-09-05 00:00:00,48.77080000071823,-69.24989999984093,9.0,1,18.6,0.2,20.0,43.0,58.1,18.86428571428572,3.0
2023-06-01 00:00:00,46.94069999990512,-73.35270000030471,6.0,1,31.0,1.3,13.7,31.0,28.2,19.67142857142857,8.0
2022-09-07 00:00:00,45.969099225153954,-74.73043778482348,9.0,0,23.4,0.0,9.2,53.0,37.0,22.11428571428572,7.0
2018-07-14 00:00:00,55.69262531359927,-68.44104655121708,7.0,0,18.3,7.8,30.4,71.0,95.0,14.614285714285714,3.0
2020-05-23 00:00:00,45.26910000075581,-73.625000000233,5.0,1,23.2,0.0,23.7,18.0,20.3,16.264285714285712,8.0
2021-05-29 00:00:00,45.74130000072836,-74.23549999980112,5.0,1,16.5,0.0,16.0,28.0,6.4,23.057142857142853,3.0
2024-07-08 00:00:00,51.50220000000007,-70.27069999999998,7.0,1,26.3,0.7,24.9,41.0,53.5,19.357142857142858,4.0
2018-08-02 00:00:00,53.52463405705313,-58.03539872666366,8.0,0,13.6,25.3,16.0,92.0,90.7,21.37857142857143,1.0
2023-05-25 00:00:00,46.171100364220784,-57.8370949654651,5.0,0,5.5,16.2,48.0,92.0,19.8,6.114285714285713,3.0
2020-05-18 00:00:00,45.96260000058951,-74.90760000003971,5.0,1,17.8,0.0,15.3,24.0,16.6,10.078571428571427,3.0
2018-05-09 00:00:00,46.70694968856244,-64.66845460135418,5.0,0,11.1,0.0,25.6,50.0,66.4,13.607142857142858,2.0
2020-06-17 00:00:00,45.67210000090687,-73.14059999984093,6.0,1,31.1,0.0,17.1,19.0,29.0,23.450000000000006,6.0
2021-05-31 00:00:00,45.57010000064279,-75.76069999995659,5.0,1,22.9,0.0,11.2,24.0,4.5,22.571428571428577,5.0
2023-05-14 00:00:00,46.60259999989012,-74.80290000033472,5.0,1,14.5,0.0,18.3,28.0,42.8,14.785714285714285,11.0
2023-06-05 00:00:00,49.57939999961036,-67.86510000036469,6.0,1,18.0,0.0,14.5,28.0,12.8,17.88571428571429,3.0
2018-09-09 00:00:00,46.9373051651658,-61.14119487365214,9.0,0,15.0,0.2,27.9,51.0,10.8,20.685714285714287,5.0
2022-06-24 00:00:00,50.75319999999999,-68.66309999999999,6.0,1,21.7,0.7,18.4,52.0,45.1,17.307142857142857,1.0
2018-09-25 00:00:00,58.61491966345928,-76.40119179396933,9.0,0,4.2,6.4,30.9,79.0,31.5,5.342857142857143,3.0
2023-05-26 00:00:00,45.463500000324814,-74.09559999964023,5.0,1,20.4,0.0,14.0,32.0,28.4,18.02142857142857,2.0
2020-07-07 00:00:00,53.22948026182512,-60.70846277170784,7.0,0,25.8,0.0,14.4,33.0,71.9,19.342857142857145,3.0
2024-05-19 00:00:00,58.395652319643006,-59.77639408302078,5.0,0,0.4,0.0,13.9,82.0,26.6,1.15,12.0
2022-05-10 00:00:00,45.48070000000013,-76.26420000000002,5.0,1,23.8,0.0,14.6,22.0,23.8,14.785714285714286,6.0
2018-07-13 00:00:00,45.94200000117328,-72.74090000036234,7.0,1,28.2,0.0,10.4,37.0,39.4,28.87142857142857,3.0
2020-07-25 00:00:00,45.577327228282265,-76.10348128006018,7.0,0,29.3,0.0,14.3,34.0,57.1,26.22142857142857,2.0
2024-07-08 00:00:00,50.81210000000005,-60.38249999999993,7.0,1,29.0,0.0,16.8,37.0,48.8,21.6,3.0
2019-07-28 00:00:00,50.87730000096176,-65.86120000052387,7.0,1,25.8,0.7,21.4,45.0,39.3,21.67142857142857,4.0
2019-07-08 00:00:00,49.78630000051413,-72.85439999938995,7.0,1,22.5,0.3,29.2,37.0,51.9,22.842857142857145,2.0
2020-06-17 00:00:00,46.60590000057989,-71.24650000007398,6.0,1,29.7,0.0,17.3,28.0,24.2,21.878571428571423,6.0
2023-06-22 00:00:00,54.49049999987517,-77.33019999973016,6.0,1,29.9,0.2,25.9,35.0,0.4,24.33571428571429,14.0
2023-06-01 00:00:00,49.45809999961534,-72.57640000035968,6.0,1,28.8,1.4,17.6,37.0,34.1,17.599999999999998,8.0
2023-07-07 00:00:00,49.655399999710255,-68.73270000000497,7.0,1,25.7,15.0,13.8,63.0,134.7,23.792857142857144,1.0
2024-08-17 00:00:00,53.61840000000007,-71.37919999999997,8.0,1,25.6,1.5,26.6,42.0,24.9,19.02142857142857,10.0
2018-08-05 00:00:00,51.4986637893327,-75.53021572010924,8.0,0,25.3,2.8,26.1,65.0,46.9,23.4,2.0
2022-05-07 00:00:00,46.4683,-72.7444999999999,5.0,1,13.8,0.0,14.3,26.0,13.7,14.2,3.0
2024-07-08 00:00:00,53.25690000000004,-68.82939999999996,7.0,1,24.0,10.1,28.3,53.0,51.5,16.857142857142858,1.0
2018-05-21 00:00:00,48.34960000105384,-76.72900000021575,5.0,1,18.0,0.0,18.6,32.0,28.5,12.614285714285714,2.0
2023-08-08 00:00:00,53.49478535925472,-74.36840763311714,8.0,0,23.6,1.4,12.6,51.0,66.6,17.57142857142857,2.0
2021-07-03 00:00:00,49.07880000122052,-68.53900000051514,7.0,1,17.1,0.0,14.4,59.0,68.3,19.55,2.0
2019-08-04 00:00:00,51.29044566846797,-57.99666163093176,8.0,0,13.5,28.0,28.8,91.0,35.800000000000004,16.685714285714287,2.0
2023-05-08 00:00:00,47.03320000008,-72.20380000026978,5.0,1,10.8,0.0,25.9,29.0,61.8,12.471428571428572,4.0
2023-05-14 00:00:00,47.63319999978023,-69.6190999996652,5.0,1,14.5,0.0,19.2,24.0,42.4,13.335714285714284,2.0
2018-05-14 00:00:00,46.80520000098272,-71.55449999943585,5.0,1,20.7,0.0,23.3,38.0,77.8,14.592857142857143,4.0
2022-06-18 00:00:00,45.43071016554969,-65.95660552295962,6.0,0,22.6,2.3,13.4,68.0,69.5,19.71428571428572,1.0
2021-05-08 00:00:00,56.98724772474716,-57.29201176945082,5.0,0,2.3,0.0,13.9,85.0,59.5,3.042857142857143,3.0
2024-06-05 00:00:00,51.31530000000004,-66.67339999999996,6.0,1,23.9,0.8,10.6,41.0,48.5,13.271428571428572,1.0
2019-05-28 00:00:00,50.838041893360725,-65.58888469015776,5.0,0,4.0,0.3,14.5,50.0,20.8,7.049999999999999,1.0
2023-05-31 00:00:00,47.42710000036476,-75.91979999957027,5.0,1,29.3,0.0,12.7,28.0,31.9,17.071428571428573,7.0
2024-07-21 00:00:00,45.84499486609936,-76.0080106868618,7.0,0,22.4,0.0,10.0,43.0,41.6,25.59285714285713,1.0
2022-09-09 00:00:00,56.98628125149095,-76.239027077673,9.0,0,15.8,10.6,39.9,58.0,124.5,14.064285714285717,2.0
2023-06-21 00:00:00,46.98075187108572,-63.964271674506406,6.0,0,24.0,0.0,20.4,49.0,45.4,14.521428571428572,2.0
2021-05-17 00:00:00,48.832500000996944,-75.02839999934753,5.0,1,20.1,3.5,23.7,30.0,27.5,12.171428571428573,2.0
2018-09-28 00:00:00,57.54332438600095,-66.64785525571297,9.0,0,7.1,3.2,31.9,81.0,85.5,3.935714285714286,1.0
2023-06-06 00:00:00,54.9172128785316,-64.58103581163036,6.0,0,9.7,0.0,22.5,53.0,36.6,12.75,1.0
2019-07-27 00:00:00,51.8088000010825,-63.07919999947738,7.0,1,26.7,0.6,23.0,42.0,35.5,18.74285714285714,3.0
2024-05-18 00:00:00,49.88693615587508,-73.59501452184327,5.0,0,20.5,23.7,16.2,53.0,33.2,12.928571428571429,1.0
2024-06-19 00:00:00,54.12073129912144,-59.08353201337947,6.0,0,22.0,9.6,14.5,48.0,18.2,19.81428571428572,1.0
2020-06-27 00:00:00,48.37770000117131,-70.50659999998683,6.0,1,19.0,4.4,5.7,82.0,26.0,25.042857142857144,1.0
2019-08-04 00:00:00,45.95950000082952,-75.91090000001246,8.0,1,21.9,0.0,12.4,38.0,9.7,25.36428571428571,1.0
2018-07-01 00:00:00,58.20645159936539,-70.77337283033495,7.0,0,11.8,0.0,21.0,52.0,18.5,7.035714285714287,1.0
2019-09-12 00:00:00,56.23553805127895,-78.36908002984619,9.0,0,6.8,1.5,33.3,82.0,21.6,6.892857142857143,1.0
2019-08-05 00:00:00,46.44160000085748,-73.17390000000626,8.0,1,25.9,0.0,13.5,35.0,13.2,25.96428571428571,2.0
2020-05-21 00:00:00,46.61490000098576,-72.92999999955066,5.0,1,25.4,0.0,16.9,20.0,10.9,12.314285714285717,6.0
2022-06-15 00:00:00,52.33690000000013,-66.73230000000001,6.0,1,23.3,0.9,13.5,35.0,38.4,15.1,2.0
2022-06-04 00:00:00,47.108224457473554,-71.55542874886959,6.0,0,16.0,16.5,17.4,73.0,123.1,16.871428571428574,1.0
2020-06-23 00:00:00,47.633175296148224,-73.73725104418538,6.0,0,25.2,6.0,13.3,64.0,11.4,23.635714285714283,12.0
2020-06-20 00:00:00,50.06270000135839,-74.993100000114,6.0,1,28.9,3.9,10.0,46.0,18.0,19.757142857142856,9.0
2023-09-30 00:00:00,52.51800000039975,-78.45859999959026,9.0,1,15.7,1.3,21.8,57.0,3.2,17.95,14.0
2021-06-12 00:00:00,48.84960000073371,-72.28340000008345,6.0,1,23.8,0.0,18.7,19.0,10.8,22.45714285714286,7.0
2021-08-04 00:00:00,47.32543690906608,-57.55485288821351,8.0,0,16.9,0.0,31.6,72.0,56.3,15.72857142857143,1.0
2020-06-14 00:00:00,47.20550000128752,-73.24559999951542,6.0,1,18.4,0.0,14.1,28.0,18.7,16.72142857142857,3.0
2019-05-15 00:00:00,52.08124364779676,-71.71887061020955,5.0,0,7.3,0.0,11.6,53.0,17.3,2.171428571428572,4.0
2018-07-05 00:00:00,46.32530000058777,-78.35669999948631,7.0,1,34.1,2.1,18.0,36.0,15.2,27.092857142857145,3.0
2021-08-26 00:00:00,56.40388054733094,-74.92554425592196,8.0,0,14.5,0.0,25.8,50.0,41.2,15.428571428571429,2.0
2024-06-05 00:00:00,53.578700000000026,-69.21449999999999,6.0,1,25.0,0.0,18.2,42.0,92.3,12.421428571428573,6.0
2020-05-03 00:00:00,46.05240000074494,-73.68229999959841,5.0,1,18.1,1.5,18.8,42.0,48.6,9.971428571428572,2.0
2020-07-04 00:00:00,46.748000000489775,-72.62250000029519,7.0,1,27.1,0.0,14.9,28.0,27.2,27.042857142857144,2.0
2018-05-10 00:00:00,46.37900000096613,-72.60010000044899,5.0,1,23.2,5.0,29.8,41.0,82.7,14.992857142857144,6.0
2021-05-25 00:00:00,49.04579580247888,-75.75852886534939,5.0,0,19.5,5.0,23.5,50.0,36.6,18.735714285714288,2.0
2023-06-01 00:00:00,48.84130000039477,-72.26459999998997,6.0,1,29.9,0.8,16.3,37.0,38.8,18.585714285714285,8.0
2018-05-08 00:00:00,45.52740000103478,-72.1857999998621,5.0,1,19.0,0.0,15.6,29.0,72.0,15.328571428571427,4.0
2023-05-26 00:00:00,45.08470000030485,-72.33869999970517,5.0,1,17.2,0.0,14.6,32.0,24.7,16.714285714285715,2.0
2020-05-13 00:00:00,45.76920000089969,-74.59699999987708,5.0,1,11.5,0.0,17.0,27.0,27.1,10.464285714285712,4.0
2023-07-01 00:00:00,54.72909999976525,-70.49099999975016,7.0,1,23.0,3.9,25.0,60.0,39.4,19.15714285714285,4.0
2024-08-07 00:00:00,55.44019492945356,-79.16102220171264,8.0,0,9.8,0.3,34.2,81.0,31.4,12.285714285714286,1.0
2020-07-10 00:00:00,47.06540000114744,-76.54080000045343,7.0,1,31.7,0.0,16.9,42.0,29.0,25.871428571428577,2.0
2018-06-11 00:00:00,50.43522704701717,-73.79118022051972,6.0,0,15.4,0.0,12.3,36.0,32.2,14.728571428571426,4.0
2020-08-09 00:00:00,57.95788060322748,-57.38713783293634,8.0,0,10.7,0.7,26.2,85.0,17.7,10.021428571428572,6.0
2019-06-09 00:00:00,51.94903170988922,-61.51838627258451,6.0,0,8.4,0.2,22.6,56.0,48.5,7.95,1.0
2020-07-07 00:00:00,54.37615444031199,-75.71371581968823,7.0,0,20.9,11.5,16.7,53.0,41.9,22.25714285714286,10.0
2023-08-11 00:00:00,49.43074878452689,-69.38156844374001,8.0,0,13.2,25.1,23.1,90.0,104.5,17.65,2.0
2020-05-18 00:00:00,46.51530000114724,-74.99739999968264,5.0,1,16.8,0.0,15.8,23.0,9.5,9.507142857142856,3.0
2024-06-24 00:00:00,53.67370650373483,-60.050316343535215,6.0,0,17.0,1.0,19.9,63.0,29.9,19.87142857142857,4.0
2022-08-01 00:00:00,45.87579639509536,-70.44110210965698,8.0,0,25.9,0.6,14.5,48.0,59.5,25.107142857142858,2.0
2019-09-27 00:00:00,56.92755442373253,-58.99992857366759,9.0,0,5.7,4.1,41.2,89.0,33.4,6.4,4.0
2021-05-28 00:00:00,47.52930000084521,-78.47310000007668,5.0,1,11.9,0.0,11.6,31.0,30.2,20.84285714285713,3.0
2019-07-27 00:00:00,51.16940000130786,-67.64509999942695,7.0,1,27.1,0.7,14.8,41.0,61.6,19.485714285714288,4.0
2019-07-27 00:00:00,51.16880000066889,-64.73570000068038,7.0,1,27.2,0.0,15.9,44.0,38.2,20.52857142857143,6.0
2023-06-02 00:00:00,49.61593260383895,-66.61022100340203,6.0,0,10.7,7.6,37.2,78.0,36.8,10.821428571428571,1.0
2024-08-29 00:00:00,51.61910000000006,-70.00409999999994,8.0,1,17.0,0.0,16.0,39.0,47.2,20.7,1.0
2023-06-01 00:00:00,47.59520000017994,-76.59839999966022,6.0,1,31.0,0.5,12.9,33.0,30.1,18.82857142857143,8.0
2024-06-29 00:00:00,46.445100000000025,-72.73909999999994,6.0,1,19.3,12.7,19.1,62.0,77.5,24.51428571428572,2.0
2024-08-02 00:00:00,47.82430000000005,-78.81119999999999,8.0,1,30.7,0.6,11.9,48.0,67.60000000000001,24.39285714285714,2.0
2023-09-05 00:00:00,45.61085813068621,-71.25237892714388,9.0,0,27.3,0.4,8.9,67.0,38.6,21.31428571428572,6.0
2024-06-19 00:00:00,50.25950000000006,-66.90339999999998,6.0,1,34.1,0.5,19.5,38.0,10.6,20.81428571428571,5.0
2023-07-06 00:00:00,50.21240000035976,-66.31770000015484,7.0,1,18.8,0.0,13.4,86.0,61.2,20.01428571428571,1.0
2023-09-06 00:00:00,58.64447136250713,-59.38656922977179,9.0,0,8.4,2.0,49.3,82.0,16.099999999999998,7.828571428571427,3.0
2018-07-08 00:00:00,49.0663000011939,-73.96929999979366,7.0,1,28.0,0.0,28.1,40.0,28.3,24.85714285714285,2.0
2022-09-28 00:00:00,46.94737218537656,-65.42303545451222,9.0,0,18.7,0.3,13.3,56.0,107.3,17.164285714285715,1.0
2020-05-19 00:00:00,48.60812704417179,-59.01921753336546,5.0,0,4.6,1.3,17.3,68.0,64.4,5.385714285714286,2.0
2022-07-06 00:00:00,57.776498541419016,-65.37767428804622,7.0,0,10.6,0.7,15.5,67.0,85.8,13.064285714285711,2.0
2024-07-08 00:00:00,50.82390000000004,-60.48859999999996,7.0,1,29.4,0.1,16.4,36.0,50.0,21.9,3.0
2018-09-18 00:00:00,53.53906672664348,-69.42709526947641,9.0,0,3.2,0.0,20.3,52.0,25.0,12.078571428571427,1.0
2020-06-20 00:00:00,46.04295417523904,-76.03673686179398,6.0,0,30.8,0.0,11.9,41.0,23.9,22.078571428571426,9.0
2019-05-01 00:00:00,45.39080000129523,-73.6885999997288,5.0,1,6.2,10.9,23.8,42.0,79.4,12.378571428571432,4.0
2022-05-09 00:00:00,48.01260000000008,-66.74029999999999,5.0,1,17.4,0.0,12.8,23.0,26.2,10.064285714285717,5.0
2020-06-07 00:00:00,45.82550000140002,-73.91779999977132,6.0,1,20.5,0.0,16.6,30.0,27.0,22.942857142857143,1.0
2020-05-01 00:00:00,49.90456188164987,-69.9289369494019,5.0,0,5.1,21.4,18.3,82.0,35.0,1.6142857142857143,1.0
2020-09-27 00:00:00,45.3875000008867,-70.83419999981186,9.0,1,23.7,0.0,22.2,53.0,11.9,14.97857142857143,3.0
2023-06-01 00:00:00,47.58159999984019,-70.2004999995753,6.0,1,32.9,1.6,16.2,24.0,24.3,18.714285714285715,8.0
2021-09-07 00:00:00,46.14470000076062,-74.68010000028606,9.0,1,19.1,0.3,12.6,52.0,72.4,21.58571428571429,1.0
2020-06-25 00:00:00,49.127001122968224,-68.28456065813074,6.0,0,20.6,0.0,27.9,56.0,26.2,20.31428571428572,1.0
2024-09-15 00:00:00,47.08297468635678,-59.611694945475385,9.0,0,15.8,0.0,29.8,66.0,20.6,17.257142857142856,2.0
2018-09-20 00:00:00,47.50252687966745,-64.55273685414039,9.0,0,12.5,0.0,29.0,53.0,24.4,17.96428571428571,1.0
2024-06-05 00:00:00,51.58290000000005,-66.53959999999995,6.0,1,24.8,0.3,14.7,36.0,46.7,13.6,6.0
2021-05-10 00:00:00,58.22404698374037,-74.49621137021683,5.0,0,0.9,0.0,17.2,84.0,16.6,-0.1285714285714286,2.0
2023-07-06 00:00:00,52.96529491879485,-69.96287579851483,7.0,0,24.5,4.5,17.4,57.0,79.8,20.88571428571429,4.0
2024-06-12 00:00:00,45.23798901030324,-64.79123236972828,6.0,0,17.2,0.4,16.0,68.0,24.9,14.964285714285712,3.0
2024-06-05 00:00:00,48.20080000000007,-70.75119999999998,6.0,1,27.1,0.5,14.6,39.0,20.2,21.02142857142857,7.0
2018-05-18 00:00:00,46.02540000117925,-74.46780000011385,5.0,1,14.9,0.0,13.1,28.0,19.0,15.849999999999998,8.0
2019-06-08 00:00:00,50.04166220899559,-64.86415408190275,6.0,0,11.9,0.0,32.8,56.0,52.1,8.4,4.0
2020-06-07 00:00:00,46.2494384316758,-78.65514964184284,6.0,0,16.7,0.0,12.1,45.0,52.1,22.10714285714285,4.0
2020-05-18 00:00:00,48.48520000049904,-71.24180000008836,5.0,1,12.3,0.0,19.6,31.0,13.7,8.114285714285714,8.0
2022-05-09 00:00:00,46.30270000000007,-74.81290000000001,5.0,1,20.4,0.0,12.7,19.0,40.4,12.828571428571433,5.0
2019-07-23 00:00:00,50.74414538564763,-64.45477454954616,7.0,0,20.8,0.0,16.6,39.0,34.4,19.607142857142858,2.0
2022-07-28 00:00:00,54.41663780022875,-61.83940712120754,7.0,0,15.8,0.0,13.8,59.0,73.5,17.27857142857143,1.0
2018-06-11 00:00:00,56.97223723002435,-58.63154040556523,6.0,0,1.0,1.6,44.4,86.0,42.2,1.5571428571428574,1.0
2022-06-03 00:00:00,48.0750000000001,-65.17439999999993,6.0,1,11.9,0.2,18.4,64.0,74.8,16.29285714285714,6.0
2024-06-09 00:00:00,47.89354844577221,-63.5474230375621,6.0,0,10.8,6.8,25.8,92.0,22.3,10.014285714285714,1.0
2022-05-14 00:00:00,48.01249999999999,-66.745,5.0,1,23.3,0.0,16.3,26.0,4.9,14.885714285714288,10.0
2020-07-08 00:00:00,46.77733688163056,-58.20371394444795,7.0,0,14.8,0.0,27.6,85.0,31.9,13.392857142857142,5.0
2023-05-05 00:00:00,50.554036510512695,-68.92461678067465,5.0,0,11.6,0.0,12.2,33.0,14.0,7.978571428571428,3.0
2022-05-22 00:00:00,47.41581154670651,-58.60963501514874,5.0,0,7.4,3.3,21.5,73.0,38.4,7.228571428571427,4.0
2023-05-23 00:00:00,58.02552342271753,-73.80944414632901,5.0,0,0.4,3.6,43.6,77.0,31.9,1.9285714285714288,1.0
2019-06-11 00:00:00,52.30169409627485,-58.73249588792443,6.0,0,18.8,0.0,17.1,34.0,61.0,8.37142857142857,3.0
2018-08-12 00:00:00,55.99730478805391,-65.76237921206307,8.0,0,17.0,1.5,30.3,56.0,20.6,18.05,1.0
2022-08-14 00:00:00,53.730597834847934,-76.1161938230561,8.0,0,20.6,2.3,15.0,45.0,55.0,17.521428571428576,1.0
2023-09-02 00:00:00,56.53522718756721,-67.96980294227107,9.0,0,18.4,2.2,12.3,68.0,42.7,14.342857142857142,1.0
2023-06-14 00:00:00,47.66549236279493,-59.00731311358605,6.0,0,14.9,0.5,20.7,56.0,91.9,13.82142857142857,3.0
2021-06-05 00:00:00,46.862911262080445,-77.30833128111145,6.0,0,22.7,6.5,25.0,65.0,14.9,19.37142857142857,1.0
2019-08-19 00:00:00,48.25010652819938,-65.360566557353,8.0,0,23.1,1.8,16.5,66.0,41.9,20.257142857142856,1.0
2024-08-30 00:00:00,49.17130000000003,-69.38859999999994,8.0,1,22.8,0.0,16.0,40.0,36.4,21.9,2.0
2020-05-21 00:00:00,45.85090000092809,-76.43360000025254,5.0,1,24.0,0.0,14.0,25.0,13.7,12.107142857142858,6.0
2024-05-23 00:00:00,48.047900000000034,-77.87459999999999,5.0,1,19.4,0.4,35.6,28.0,17.9,19.37857142857143,1.0
2024-07-13 00:00:00,47.12240439555721,-72.26815090502747,7.0,0,24.8,7.3,9.9,70.0,69.1,23.735714285714288,1.0
2019-07-13 00:00:00,46.52460000142803,-77.98249999955334,7.0,1,25.0,5.8,17.9,56.0,30.4,25.914285714285715,2.0
2018-05-18 00:00:00,52.14488838988934,-66.44525825768159,5.0,0,-2.8,0.0,23.2,63.0,41.9,2.0000000000000004,3.0
2018-08-27 00:00:00,56.39325801404099,-65.9264555515721,8.0,0,16.3,6.5,17.1,76.0,27.6,12.892857142857142,1.0
2022-06-04 00:00:00,57.13460115035714,-63.896652609203024,6.0,0,3.5,0.0,16.8,66.0,16.4,1.4642857142857142,6.0
2018-07-26 00:00:00,46.576085877672014,-76.54343487042736,7.0,0,26.5,0.0,14.2,45.0,48.8,25.878571428571423,1.0
2024-06-05 00:00:00,49.50520000000006,-69.77709999999995,6.0,1,26.3,0.4,10.9,38.0,32.9,17.749999999999996,8.0
2023-05-18 00:00:00,50.14672479841903,-71.25057060643219,5.0,0,9.3,0.0,19.2,38.0,7.6,9.400000000000002,1.0
2021-05-19 00:00:00,45.94970000102501,-73.37580000023144,5.0,1,26.5,0.0,10.1,30.0,19.3,18.32857142857143,8.0
2023-07-12 00:00:00,55.41046808920266,-70.87261859829913,7.0,0,17.2,1.9,25.4,51.0,25.6,23.55,1.0
2021-06-01 00:00:00,48.96720000127356,-73.6139000001236,6.0,1,17.3,6.8,19.8,52.0,38.5,17.21428571428571,6.0
2018-05-01 00:00:00,56.591270994050525,-63.91626801053018,5.0,0,-0.3,4.8,23.2,66.0,12.4,-2.7857142857142856,4.0
2023-05-19 00:00:00,48.01739999971028,-66.70040000015985,5.0,1,21.1,0.0,23.7,29.0,12.0,14.278571428571428,6.0
2021-06-12 00:00:00,46.371000001048586,-72.57829999941185,6.0,1,25.5,0.0,13.8,26.0,16.9,23.985714285714288,6.0
2020-05-14 00:00:00,46.496500001132496,-72.52970000046723,5.0,1,16.4,0.0,14.8,28.0,35.3,11.37857142857143,11.0
2024-06-04 00:00:00,52.86720624685161,-62.45842208892663,6.0,0,22.2,0.0,9.6,46.0,110.7,9.52142857142857,1.0
2018-08-20 00:00:00,57.015598876780345,-77.99865047611453,8.0,0,6.3,0.1,36.0,77.0,38.4,7.335714285714286,1.0
2021-07-18 00:00:00,45.33432135087253,-67.40628505127553,7.0,0,20.3,38.5,9.2,86.0,129.1,23.56428571428572,2.0
2021-05-18 00:00:00,46.07580000059389,-72.0549999999661,5.0,1,23.3,1.1,15.1,22.0,31.2,16.642857142857142,7.0
2021-08-01 00:00:00,53.129538776111694,-72.08320546132357,8.0,0,11.7,4.7,19.4,72.0,31.8,17.057142857142857,1.0
2022-09-17 00:00:00,48.91062362122717,-59.41495915144985,9.0,0,16.2,1.6,52.1,53.0,16.8,17.792857142857144,1.0
2019-07-26 00:00:00,46.8858000007579,-70.4926999997214,7.0,1,25.9,0.0,13.5,46.0,84.7,23.4,5.0
2020-06-23 00:00:00,49.13650000108179,-68.99829999957124,6.0,1,30.0,0.0,11.9,51.0,20.1,23.535714285714285,3.0
2019-05-22 00:00:00,45.97250000105999,-74.5032999993783,5.0,1,18.3,0.2,10.8,38.0,57.9,13.221428571428572,2.0
2018-06-03 00:00:00,46.521100001381406,-73.23579999981139,6.0,1,19.6,0.0,15.4,27.0,18.8,21.92142857142857,2.0
2020-05-13 00:00:00,45.99770000072786,-73.72279999980296,5.0,1,12.8,0.0,21.4,24.0,41.3,11.85,6.0
2019-05-09 00:00:00,50.33531031437995,-77.92874400605437,5.0,0,3.9,7.6,22.6,50.0,41.2,5.328571428571428,4.0
2024-05-20 00:00:00,51.24214596674612,-78.88775620185785,5.0,0,23.6,0.1,22.1,30.0,17.0,14.72857142857143,1.0
2019-08-25 00:00:00,47.377200000531154,-70.55539999949899,8.0,1,19.4,0.0,6.4,44.0,30.4,19.77857142857143,4.0
2020-06-08 00:00:00,46.15280000087592,-74.76550000031504,6.0,1,19.6,0.0,13.8,35.0,57.6,20.25714285714286,2.0
2023-06-01 00:00:00,50.74820000003001,-70.19739999961024,6.0,1,25.8,0.5,17.6,42.0,26.4,13.385714285714286,8.0
2020-07-30 00:00:00,45.63900000071483,-75.98250000027751,7.0,1,24.5,1.3,12.7,61.0,73.89999999999999,26.592857142857145,1.0
2024-09-06 00:00:00,50.15686171796006,-74.29286106976814,9.0,0,17.7,27.2,18.8,71.0,33.8,20.321428571428577,4.0
2024-06-15 00:00:00,54.58131161083081,-73.2001208394285,6.0,0,11.5,0.2,34.6,39.0,19.2,21.6,2.0
2020-06-10 00:00:00,46.46070000085591,-71.67319999972158,6.0,1,24.1,0.8,20.4,39.0,33.8,21.60714285714285,4.0
2024-07-15 00:00:00,49.339511263900135,-61.43249197847952,7.0,0,18.4,0.4,32.2,91.0,14.3,17.95714285714286,5.0
2024-06-01 00:00:00,52.30020000000008,-76.75009999999997,6.0,1,23.1,0.0,18.4,46.0,38.2,16.671428571428574,4.0
2024-07-16 00:00:00,51.67301301832352,-59.56778555021292,7.0,0,23.4,15.5,11.8,66.0,40.3,23.735714285714284,1.0
2018-06-28 00:00:00,52.81860000110654,-73.9628000000828,6.0,1,25.1,3.8,20.8,38.0,27.1,16.114285714285714,2.0
2018-08-11 00:00:00,55.64359049138671,-73.1083623118399,8.0,0,16.4,0.3,20.1,50.0,36.2,16.935714285714287,2.0
2020-08-23 00:00:00,48.096359712002986,-58.46213689784494,8.0,0,18.3,0.0,16.1,50.0,45.3,20.392857142857142,3.0
2019-06-16 00:00:00,51.59019880254666,-64.88601895270492,6.0,0,11.6,12.8,18.8,83.0,32.0,11.414285714285716,2.0
2023-06-01 00:00:00,48.7818000003698,-75.24319999997999,6.0,1,30.6,1.6,18.8,29.0,44.6,17.492857142857144,8.0
2021-06-07 00:00:00,49.60800000138244,-75.36299999980075,6.0,1,28.9,1.7,29.1,45.0,33.6,18.2,2.0
2020-07-24 00:00:00,51.20230000124665,-58.73120000034272,7.0,1,23.4,0.0,12.3,56.0,37.7,21.5,4.0
2023-08-04 00:00:00,46.0280999998152,-74.22969999995502,8.0,1,22.2,2.9,11.9,54.0,109.0,21.621428571428577,1.0
2018-07-13 00:00:00,46.53360000057948,-72.85969999999054,7.0,1,27.8,0.0,14.2,36.0,7.0,29.05,11.0
2021-08-19 00:00:00,47.73050000120385,-70.27600000047072,8.0,1,29.1,0.0,11.7,50.0,31.3,25.571428571428573,5.0
2018-07-22 00:00:00,50.27960032622416,-73.9083806709661,7.0,0,29.3,0.0,13.2,38.0,47.7,22.678571428571423,3.0
2024-06-09 00:00:00,52.747100000000046,-72.40499999999997,6.0,1,23.8,2.5,19.2,37.0,25.3,20.67142857142857,12.0
2023-06-01 00:00:00,49.36909999986517,-72.06740000000997,6.0,1,29.8,2.3,18.4,37.0,31.5,18.428571428571427,8.0
2024-06-14 00:00:00,55.00973320130471,-72.9503850565706,6.0,0,10.5,0.2,43.0,66.0,29.5,20.53571428571428,1.0
2019-07-05 00:00:00,51.85940000128233,-63.96790000039755,7.0,1,24.3,2.9,14.8,51.0,15.3,16.9,5.0
2022-05-08 00:00:00,46.377500000000055,-70.91140000000001,5.0,1,16.8,0.0,12.3,23.0,31.7,12.37857142857143,4.0
2018-06-28 00:00:00,52.923900000551455,-75.55359999972194,6.0,1,26.8,1.1,21.6,34.0,19.8,16.957142857142856,2.0
2020-08-02 00:00:00,45.31025965591236,-78.55611536266917,8.0,0,22.0,55.7,19.8,79.0,63.0,24.45,3.0
2019-07-12 00:00:00,47.62000000053141,-79.2493000003533,7.0,1,24.4,0.0,13.1,39.0,30.700000000000003,25.61428571428572,1.0
2023-06-20 00:00:00,56.90106872513511,-74.03232530862813,6.0,0,27.0,0.0,30.5,34.0,6.5,16.028571428571432,6.0
2024-08-10 00:00:00,45.68411090815611,-60.43092243184225,8.0,0,24.7,5.3,32.6,82.0,15.2,24.49285714285714,4.0
2023-07-06 00:00:00,47.7905234160183,-58.88100588959442,7.0,0,21.2,1.7,18.4,71.0,76.89999999999999,17.65,2.0
2020-05-23 00:00:00,46.94750000070652,-71.35179999973879,5.0,1,13.3,0.0,19.4,24.0,13.0,14.085714285714284,7.0
2019-06-05 00:00:00,49.1666000009,-69.1258999994219,6.0,1,14.2,1.9,14.3,45.0,58.4,15.150000000000002,2.0
2018-05-14 00:00:00,45.83000000068003,-73.95019999973889,5.0,1,23.1,0.0,20.1,28.0,35.0,17.807142857142857,4.0
2019-07-27 00:00:00,49.581700000867066,-68.39559999939371,7.0,1,30.2,0.0,15.6,36.0,41.7,23.092857142857145,4.0
2023-06-01 00:00:00,49.33970000025488,-72.40410000021478,6.0,1,29.3,0.7,18.0,36.0,31.8,18.178571428571427,8.0
2023-07-26 00:00:00,57.081864480569415,-58.17435206464161,7.0,0,10.0,6.0,33.7,87.0,33.0,9.45,2.0
2022-05-10 00:00:00,47.90480000000014,-69.368,5.0,1,18.7,0.0,12.6,40.0,16.5,9.678571428571429,6.0
2018-07-21 00:00:00,48.50270000085982,-67.45630000062867,7.0,1,30.0,0.0,17.1,37.0,36.1,23.67142857142857,4.0
2022-05-10 00:00:00,45.96000000000009,-74.0924,5.0,1,21.5,0.0,12.0,22.0,11.7,13.8,6.0
2023-07-17 00:00:00,56.30048382701492,-74.67149984103123,7.0,0,18.4,0.1,11.5,92.0,70.3,18.692857142857143,1.0
2022-09-16 00:00:00,56.06737759837832,-67.4687151002852,9.0,0,8.1,0.4,25.9,54.0,41.8,15.342857142857143,1.0
2018-05-16 00:00:00,49.70299513227899,-59.21290423627828,5.0,0,4.1,0.1,41.7,51.0,46.8,3.621428571428571,1.0
2021-08-08 00:00:00,52.53149506977156,-75.95783780634734,8.0,0,21.6,0.0,16.0,38.0,121.7,16.38571428571429,2.0
2018-09-08 00:00:00,48.12827256507528,-62.1104658785672,9.0,0,17.5,0.2,40.5,57.0,18.2,19.728571428571428,4.0
2022-09-13 00:00:00,58.60983758889211,-74.54592131655684,9.0,0,9.4,2.6,32.0,73.0,74.3,13.564285714285717,2.0
2021-09-14 00:00:00,56.82187874093126,-60.780878194453,9.0,0,4.6,4.1,30.3,71.0,40.1,7.699999999999998,1.0
2018-06-28 00:00:00,52.54250000085908,-75.65499999953514,6.0,1,26.1,2.1,23.2,37.0,28.2,16.928571428571427,2.0
2024-09-15 00:00:00,47.9440891535141,-66.74799369083546,9.0,0,23.1,0.0,13.9,42.0,30.8,19.678571428571427,7.0
2019-07-07 00:00:00,48.1425000009895,-77.44929999985409,7.0,1,22.0,0.0,11.9,33.0,55.3,24.72142857142857,1.0
2023-07-05 00:00:00,51.220100000015066,-77.13350000032472,7.0,1,30.9,2.7,22.3,36.0,51.3,25.821428571428573,4.0
2021-08-21 00:00:00,45.05117524252064,-64.04911762177723,8.0,0,25.3,0.0,10.7,49.0,53.5,26.2,1.0
2019-08-02 00:00:00,46.941400000648684,-71.09290000000207,8.0,1,25.8,0.0,17.7,51.0,41.0,25.7,2.0
2021-06-12 00:00:00,46.019600001148106,-73.78569999972505,6.0,1,26.0,0.0,17.0,24.0,13.4,24.07857142857143,1.0
2023-06-21 00:00:00,49.31090000043474,-67.6037000003547,6.0,1,22.8,0.0,19.0,43.0,53.1,16.342857142857145,6.0
2023-08-11 00:00:00,48.13300958636481,-59.70475779076951,8.0,0,18.1,5.5,27.9,80.0,105.4,18.735714285714284,1.0
2023-07-06 00:00:00,46.20342247469919,-71.81747319920902,7.0,0,30.8,0.2,13.0,49.0,81.1,26.07142857142857,2.0
2019-05-06 00:00:00,57.34467042412375,-63.85834142063223,5.0,0,2.8,0.0,30.1,75.0,18.6,-2.835714285714285,6.0
2018-05-18 00:00:00,46.04950000119143,-73.72449999997315,5.0,1,14.4,0.0,12.0,32.0,12.5,17.96428571428571,8.0
2020-06-19 00:00:00,46.306400000592525,-74.67719999935481,6.0,1,28.9,0.0,11.2,35.0,32.6,19.978571428571428,8.0
2021-06-14 00:00:00,51.27421733227689,-61.99586143064306,6.0,0,17.2,0.2,18.8,35.0,53.6,15.39285714285714,2.0
2019-06-07 00:00:00,56.448605038629815,-76.09629247996479,6.0,0,6.4,0.0,15.3,72.0,61.7,3.8642857142857134,1.0
2019-08-20 00:00:00,57.50792632505366,-69.83360650888984,8.0,0,16.2,11.4,23.2,62.0,49.6,16.585714285714285,1.0
2023-06-14 00:00:00,52.65416315450315,-61.7141636890481,6.0,0,23.8,0.0,15.9,34.0,31.5,15.071428571428571,4.0
2019-08-03 00:00:00,45.09240000056439,-72.5590999998675,8.0,1,24.0,0.3,15.4,39.0,15.4,23.164285714285715,3.0
2022-09-10 00:00:00,48.87127816802254,-63.78596889665174,9.0,0,16.8,0.0,20.5,87.0,44.6,17.90714285714286,1.0
2021-06-19 00:00:00,49.82830000068551,-71.60249999962063,6.0,1,20.7,8.7,10.9,64.0,20.1,19.5,2.0
2020-06-11 00:00:00,45.60240000057269,-75.59319999987503,6.0,1,23.6,6.8,31.8,43.0,40.6,21.214285714285715,1.0
2020-07-05 00:00:00,53.99598236489354,-63.54448251193001,7.0,0,16.0,0.4,10.8,54.0,78.8,15.600000000000003,4.0
2022-05-02 00:00:00,58.20722669492798,-72.5910659230925,5.0,0,3.0,0.0,9.4,51.0,10.6,-5.450000000000001,7.0
2021-06-18 00:00:00,46.27660000122798,-77.46799999974255,6.0,1,21.5,9.4,18.9,49.0,11.4,25.61428571428571,4.0
2018-07-15 00:00:00,56.50575451300863,-63.5738995651018,7.0,0,17.7,1.2,31.9,70.0,68.6,14.578571428571427,4.0
2020-07-09 00:00:00,54.11771636981948,-66.98751729540129,7.0,0,21.4,0.1,23.2,49.0,38.5,18.478571428571428,1.0
2024-07-19 00:00:00,46.595988338155216,-70.25479548705557,7.0,0,21.2,0.0,20.3,50.0,165.8,23.5,1.0
2022-08-28 00:00:00,52.61584872141027,-63.0707514654392,8.0,0,20.4,4.6,26.0,57.0,38.7,19.821428571428577,1.0
2019-06-11 00:00:00,46.64165358977322,-75.8730272342906,6.0,0,17.0,15.8,26.8,41.0,17.8,18.4,8.0
2020-05-23 00:00:00,46.13010000108883,-73.73440000051794,5.0,1,19.8,0.0,16.6,23.0,11.5,15.62857142857143,8.0
2023-07-02 00:00:00,56.813500000124975,-67.37200000029975,7.0,1,24.2,0.4,11.1,52.0,9.3,20.628571428571423,9.0
2020-05-21 00:00:00,46.66450000052825,-75.21340000030426,5.0,1,23.4,0.0,15.6,24.0,13.9,11.421428571428573,6.0
2019-07-07 00:00:00,47.74609656821006,-64.93064195520701,7.0,0,22.4,0.0,25.6,41.0,48.6,20.057142857142857,1.0
2018-07-16 00:00:00,51.46836779846716,-69.10794101754733,7.0,0,28.5,1.3,18.0,44.0,70.5,19.942857142857143,2.0
2018-09-25 00:00:00,46.56080000116171,-71.87920000035906,9.0,1,15.9,8.8,12.0,48.0,32.9,20.535714285714285,3.0
2018-07-29 00:00:00,51.43190000066299,-63.01689999994639,7.0,1,23.1,1.6,15.2,49.0,48.8,23.05,1.0
2022-05-17 00:00:00,49.78533516353105,-74.16729591861514,5.0,0,9.9,63.6,34.9,76.0,19.3,12.62142857142857,1.0
2022-05-06 00:00:00,46.34830000000005,-73.60419999999999,5.0,1,12.1,0.0,14.2,29.0,23.1,11.971428571428572,2.0
2020-08-25 00:00:00,58.44329559118843,-60.69295579963964,8.0,0,7.5,0.0,32.3,89.0,18.5,8.914285714285715,4.0
2024-06-24 00:00:00,50.88560000000007,-63.153899999999965,6.0,1,24.7,0.3,15.6,35.0,16.400000000000002,21.914285714285715,5.0
2018-06-22 00:00:00,48.25460000137809,-69.95509999976916,6.0,1,23.7,0.0,15.5,39.0,35.7,20.235714285714284,4.0
2023-09-07 00:00:00,46.03649999957537,-75.84130000019479,9.0,1,26.7,0.2,14.0,60.0,12.3,23.607142857142858,1.0
2018-08-15 00:00:00,52.11359668260131,-63.37197742960092,8.0,0,20.2,3.9,20.3,61.0,62.3,21.6,1.0
2018-08-04 00:00:00,53.08015478844384,-60.29816145291918,8.0,0,24.0,0.0,13.4,40.0,121.1,21.7,2.0
2024-08-13 00:00:00,48.54650000000004,-77.81829999999997,8.0,1,26.5,0.0,12.8,41.0,35.2,23.87857142857144,2.0
2018-05-14 00:00:00,46.48710000131966,-75.09649999948726,5.0,1,21.1,0.0,18.6,33.0,39.9,15.6,4.0
2024-09-05 00:00:00,45.02909689699639,-67.04365050566918,9.0,0,24.3,0.0,19.8,57.0,15.8,22.06428571428572,4.0
2021-05-14 00:00:00,45.86580000106972,-74.16559999964441,5.0,1,19.3,0.0,16.4,29.0,46.5,12.207142857142856,3.0
2021-09-08 00:00:00,45.25911602225999,-75.7174718641036,9.0,0,23.3,12.1,21.3,60.0,28.2,24.178571428571423,2.0
2020-07-02 00:00:00,48.085700000914464,-77.24839999947281,7.0,1,24.9,4.5,10.9,66.0,44.4,26.07857142857143,5.0
2018-06-03 00:00:00,53.56663481770501,-64.99073969872254,6.0,0,-1.3,0.0,25.9,67.0,43.0,1.9428571428571424,2.0
2019-08-16 00:00:00,48.27750000063097,-78.66779999966444,8.0,1,23.0,0.3,13.1,43.0,46.8,21.33571428571428,5.0
2024-07-08 00:00:00,53.14100000000008,-67.90119999999996,7.0,1,23.9,7.5,35.7,48.0,41.9,16.914285714285715,4.0
2018-05-08 00:00:00,46.63410000140217,-73.82619999952409,5.0,1,19.2,0.0,18.7,35.0,79.5,11.978571428571428,3.0
2021-07-10 00:00:00,47.76478124432083,-69.19941734723906,7.0,0,22.2,0.0,13.8,43.0,78.0,20.37142857142857,1.0
2018-07-11 00:00:00,55.30052295198141,-76.15361209437943,7.0,0,16.1,0.1,24.8,66.0,99.8,15.05,2.0
2018-06-12 00:00:00,47.51440000059235,-68.52869999972724,6.0,1,26.4,0.7,26.6,28.0,23.5,18.04285714285714,4.0
2019-05-22 00:00:00,47.05881379078912,-58.011372897801735,5.0,0,5.9,17.0,54.0,70.0,65.7,4.157142857142857,1.0
2023-05-29 00:00:00,46.58900000044969,-71.32849999987508,5.0,1,19.2,0.0,15.9,32.0,29.0,18.29285714285714,5.0
2023-08-20 00:00:00,49.92063337293879,-70.38514762675098,8.0,0,20.4,9.0,20.0,67.0,109.3,19.321428571428573,1.0
2022-08-23 00:00:00,54.38417597831845,-66.87675104105517,8.0,0,15.3,0.0,20.9,52.0,29.6,19.285714285714285,1.0
2020-05-13 00:00:00,51.99103358560898,-77.05832635790415,5.0,0,7.5,0.0,13.4,28.0,31.0,1.4785714285714289,3.0
2018-05-03 00:00:00,54.16393679300134,-59.35744376833293,5.0,0,-2.3,0.0,11.6,47.0,38.8,3.707142857142857,1.0
2024-07-08 00:00:00,51.89110000000005,-63.451899999999966,7.0,1,27.8,2.2,16.4,34.0,51.6,19.24285714285714,4.0
2023-07-28 00:00:00,45.98221263208151,-79.41372935482039,7.0,0,25.4,16.3,18.7,69.0,52.8,23.307142857142853,2.0
2019-05-10 00:00:00,45.41611849060658,-60.85437400872634,5.0,0,9.6,1.3,21.0,61.0,31.700000000000003,8.27142857142857,2.0
2020-05-06 00:00:00,46.5972000007078,-72.47619999945682,5.0,1,13.5,0.0,13.8,27.0,33.1,11.421428571428573,3.0
2024-06-12 00:00:00,46.57894037342094,-68.4947951182919,6.0,0,22.0,7.5,9.7,59.0,44.3,21.09285714285713,1.0
2020-05-21 00:00:00,49.781700000499534,-75.87120000021888,5.0,1,23.4,0.0,18.4,34.0,11.7,5.3,6.0
2018-07-14 00:00:00,45.72130000061458,-74.38490000024713,7.0,1,28.0,9.2,12.2,49.0,28.4,28.08571428571428,8.0
2023-07-03 00:00:00,48.42630000014492,-77.23399999980012,7.0,1,28.5,0.0,8.6,43.0,34.9,25.95,2.0
2019-09-13 00:00:00,47.37128670529262,-75.16369318198633,9.0,0,16.3,5.7,23.2,40.0,55.2,15.30714285714286,2.0
2018-08-04 00:00:00,46.965139414866655,-76.70426839273298,8.0,0,25.1,1.4,12.3,54.0,66.6,24.107142857142858,1.0
2024-08-03 00:00:00,50.11320000000006,-67.30119999999994,8.0,1,27.4,10.2,10.2,64.0,34.1,25.03571428571428,2.0
2019-09-25 00:00:00,46.64140000121216,-71.94629999945859,9.0,1,14.5,0.0,13.2,69.0,64.4,19.592857142857145,1.0
2019-07-14 00:00:00,46.34426947801824,-60.50984639731291,7.0,0,18.1,0.0,19.6,80.0,60.1,20.12142857142857,1.0
2024-09-09 00:00:00,54.43776422385359,-61.49674468958602,9.0,0,13.8,5.3,20.0,58.0,14.5,19.32857142857143,1.0
2023-09-26 00:00:00,45.97760000023988,-74.13469999960523,9.0,1,16.7,0.0,15.5,46.0,12.5,19.135714285714283,7.0
2021-05-10 00:00:00,50.28084505238046,-58.92010609387554,5.0,0,4.6,1.3,40.7,79.0,53.7,4.107142857142857,1.0
2021-06-04 00:00:00,48.12900000102373,-78.9508000001526,6.0,1,21.9,0.0,19.0,52.0,27.5,19.678571428571427,1.0
2024-09-11 00:00:00,56.26396982752456,-73.99009691223809,9.0,0,14.0,0.0,21.7,66.0,26.2,11.678571428571429,2.0
2021-08-06 00:00:00,45.29056797013459,-63.40117977251657,8.0,0,25.0,2.9,26.3,72.0,63.0,22.435714285714283,1.0
2020-05-17 00:00:00,48.47953481504107,-58.14205017687748,5.0,0,9.5,10.4,10.2,46.0,77.3,4.457142857142857,3.0
2023-06-01 00:00:00,47.61579999957036,-75.78800000009988,6.0,1,30.1,1.2,13.5,33.0,43.9,18.25714285714286,8.0
2018-09-05 00:00:00,58.64686062399669,-72.28302351696549,9.0,0,10.0,7.7,33.6,62.0,46.8,9.657142857142857,1.0
2023-07-02 00:00:00,51.52344604938372,-69.07477081390701,7.0,0,22.5,9.4,15.5,68.0,43.9,22.500000000000004,1.0
2020-06-16 00:00:00,46.15330000066503,-72.18250000001265,6.0,1,26.4,0.0,12.8,30.0,26.8,21.47857142857143,5.0
2018-05-28 00:00:00,48.77790000119376,-79.34970000002555,5.0,1,22.8,2.4,22.7,61.0,24.2,16.785714285714285,1.0
2024-06-05 00:00:00,46.58510000000007,-72.93679999999995,6.0,1,27.6,0.0,9.8,41.0,45.8,22.414285714285715,8.0
2021-08-19 00:00:00,49.425100000715226,-75.25180000005334,8.0,1,29.5,2.8,11.0,52.0,35.4,24.45,5.0
2024-06-05 00:00:00,51.67430000000007,-70.31489999999997,6.0,1,25.3,1.0,11.3,41.0,65.5,15.235714285714286,6.0
2020-06-17 00:00:00,53.09360516036978,-68.82802653044497,6.0,0,18.8,2.9,32.7,67.0,40.5,5.864285714285714,1.0
2022-08-24 00:00:00,49.18909999999994,-68.31450000000001,8.0,1,20.6,2.8,11.7,81.0,34.8,21.64285714285714,1.0
2018-06-02 00:00:00,47.18650000072992,-69.91139999972764,6.0,1,16.2,0.0,26.0,28.0,34.5,19.092857142857145,1.0
2021-07-10 00:00:00,50.93910000082906,-74.58949999958402,7.0,1,21.4,0.1,14.4,39.0,33.1,20.800000000000004,3.0
2021-05-17 00:00:00,46.152100001319546,-74.74300000055598,5.0,1,21.8,0.0,18.0,27.0,19.9,13.992857142857144,6.0
2020-08-22 00:00:00,50.67482702698863,-76.48186104926678,8.0,0,19.9,1.0,9.4,52.0,33.0,22.428571428571427,3.0
2019-05-14 00:00:00,50.370947744129765,-77.74877878474133,5.0,0,17.0,0.0,17.6,31.0,19.0,6.364285714285714,4.0
2018-05-21 00:00:00,58.365696781830536,-74.45658281094956,5.0,0,-3.7,1.7,21.9,66.0,28.0,-6.007142857142858,1.0
2020-07-05 00:00:00,52.43310000101688,-70.08420000051852,7.0,1,16.6,3.4,14.7,50.0,47.1,20.385714285714283,1.0
2020-06-04 00:00:00,55.670320345877606,-78.67243011171533,6.0,0,2.2,3.0,33.8,94.0,15.9,1.7071428571428575,5.0
2018-06-28 00:00:00,49.64830000135464,-72.69250000073457,6.0,1,28.4,0.0,11.5,29.0,16.0,20.90714285714285,4.0
2020-05-03 00:00:00,46.22520000125603,-76.01069999990857,5.0,1,18.0,1.4,23.1,39.0,35.300000000000004,9.771428571428572,2.0
2020-05-20 00:00:00,45.87740000108645,-75.11369999966018,5.0,1,22.3,0.0,11.8,28.0,11.2,11.721428571428572,5.0
2021-06-28 00:00:00,50.5781857223392,-57.3696039724221,6.0,0,20.5,20.1,25.9,50.0,43.0,18.321428571428573,1.0
2023-07-03 00:00:00,49.08582847497895,-72.4764735366405,7.0,0,26.8,0.6,7.6,58.0,52.5,25.00714285714285,1.0
2021-05-03 00:00:00,57.48640246466903,-70.801788042353,5.0,0,1.8,3.2,20.5,80.0,21.9,1.1428571428571428,1.0
2021-07-13 00:00:00,56.44763716512672,-77.41106358324546,7.0,0,10.3,0.0,38.5,66.0,27.3,6.021428571428571,4.0
2021-07-13 00:00:00,46.76950000115353,-76.02989999957641,7.0,1,22.9,21.6,15.6,70.0,37.1,22.957142857142856,5.0
2021-09-01 00:00:00,49.98382473770266,-77.20233060567554,9.0,0,11.0,2.7,24.7,79.0,22.5,23.6,1.0
2024-05-11 00:00:00,54.67291909272976,-59.47225352301021,5.0,0,12.0,0.0,14.5,35.0,55.1,2.1357142857142857,2.0
2021-07-05 00:00:00,51.265345688956,-70.80992883190595,7.0,0,24.2,0.7,18.6,32.0,72.2,18.42142857142857,4.0
2023-07-05 00:00:00,52.42550000022487,-78.40680000031972,7.0,1,23.5,1.9,13.4,68.0,11.8,24.13571428571429,4.0
2024-07-14 00:00:00,50.66410000000008,-71.29999999999995,7.0,1,25.8,2.1,17.0,54.0,35.0,22.464285714285715,5.0
2024-06-25 00:00:00,51.7161216667001,-62.779333926796575,6.0,0,23.7,0.0,18.5,28.0,13.8,20.04285714285714,6.0
2021-08-13 00:00:00,46.86230000072944,-73.65590000006725,8.0,1,26.3,5.3,19.4,61.0,36.8,22.56428571428572,1.0
2019-06-09 00:00:00,45.63390000058658,-74.40010000025691,6.0,1,26.9,0.0,6.9,31.0,23.4,17.835714285714285,7.0
2023-05-28 00:00:00,46.31929999989512,-70.53120000007988,5.0,1,25.6,0.1,28.5,28.0,40.9,15.3,4.0
2021-05-14 00:00:00,48.44000000094693,-71.57250000000813,5.0,1,15.6,0.0,12.0,27.0,37.8,11.614285714285712,3.0
2019-05-14 00:00:00,46.49707780504043,-75.19850141051407,5.0,0,7.9,5.9,14.4,71.0,54.2,12.614285714285714,4.0
2018-05-08 00:00:00,46.133900000825975,-74.48279999978143,5.0,1,19.1,0.0,15.9,36.0,65.6,13.457142857142856,3.0
2018-07-26 00:00:00,55.33658975807012,-75.79032882775832,7.0,0,20.8,0.0,17.4,63.0,50.5,18.678571428571427,2.0
2019-09-08 00:00:00,56.13860503669277,-78.6327914454075,9.0,0,7.4,0.4,18.9,86.0,18.7,9.421428571428573,4.0
2021-09-16 00:00:00,46.06762820860471,-74.78456749969531,9.0,0,20.3,0.0,11.8,53.0,80.7,18.64285714285714,1.0
2023-06-01 00:00:00,47.58180000007002,-73.91729999979509,6.0,1,30.0,3.6,18.9,33.0,33.8,18.72142857142857,8.0
2021-07-20 00:00:00,55.40037705444018,-63.90250246069016,7.0,0,11.6,0.0,21.6,59.0,55.5,16.314285714285713,3.0
2020-08-31 00:00:00,49.75780000105952,-77.67390000059889,8.0,1,17.6,0.0,17.1,45.0,32.9,17.6,2.0
2020-06-21 00:00:00,49.26610474319601,-76.70925447274014,6.0,0,30.7,0.7,19.5,32.0,26.1,21.528571428571432,9.0
2024-06-05 00:00:00,49.05380000000008,-71.91679999999997,6.0,1,28.5,0.0,13.0,35.0,49.6,21.442857142857143,8.0
2018-06-12 00:00:00,48.74250000102376,-72.69279999998747,6.0,1,28.0,0.2,35.3,23.0,32.2,18.88571428571429,5.0
2018-05-28 00:00:00,48.67500000102703,-75.55219999967619,5.0,1,22.4,11.4,19.9,51.0,18.8,15.5,1.0
2023-09-13 00:00:00,54.49923203830874,-59.71634912119481,9.0,0,15.6,3.7,15.1,47.0,55.1,13.95,1.0
2020-05-05 00:00:00,50.72542015508176,-76.0474668441619,5.0,0,2.1,0.0,14.5,43.0,45.2,3.171428571428572,4.0
2022-08-12 00:00:00,48.53749761514367,-77.94064315051624,8.0,0,21.1,0.0,13.8,40.0,36.3,22.04285714285714,2.0
2022-09-23 00:00:00,47.07251341941887,-73.54478312533114,9.0,0,10.3,0.3,21.9,48.0,90.6,17.25,1.0
2024-06-05 00:00:00,57.55107648820948,-63.04972030983983,6.0,0,7.5,0.0,14.8,86.0,17.799999999999997,3.1499999999999995,8.0
2023-06-01 00:00:00,46.95260000009,-74.26959999994,6.0,1,30.8,1.3,13.1,28.0,30.5,19.057142857142853,8.0
2019-07-05 00:00:00,49.11030000103232,-64.64390000012972,7.0,1,23.5,0.0,17.4,66.0,36.2,17.021428571428572,8.0
2021-08-08 00:00:00,47.44980000077459,-70.46349999945699,8.0,1,21.0,0.0,12.9,42.0,38.5,21.764285714285712,1.0
2024-05-23 00:00:00,57.761464124106176,-72.54598601381555,5.0,0,7.3,0.0,40.1,52.0,15.7,2.6,3.0
2021-09-19 00:00:00,48.15270000098171,-69.81420000028047,9.0,1,17.0,0.0,12.5,46.0,58.6,18.95714285714286,1.0
2023-07-22 00:00:00,53.79251804898068,-59.6003076576298,7.0,0,24.7,6.1,18.3,50.0,37.4,26.07142857142857,2.0
2023-06-01 00:00:00,50.16789999958536,-73.91000000039963,6.0,1,27.9,0.5,15.5,41.0,21.5,16.02142857142857,5.0
2022-07-24 00:00:00,45.80753480644188,-68.94046174074342,7.0,0,29.7,2.1,12.6,53.0,76.5,26.514285714285723,5.0
2024-06-19 00:00:00,50.32640000000004,-66.63349999999997,6.0,1,30.2,0.0,13.8,55.0,10.6,19.342857142857145,5.0
2021-05-29 00:00:00,45.731300000740745,-74.5677999996264,5.0,1,16.9,0.0,15.7,26.0,6.6,22.58571428571429,3.0
2019-06-08 00:00:00,51.2109753247373,-58.02625175594704,6.0,0,9.3,2.1,20.8,82.0,60.8,5.042857142857143,3.0
2021-06-10 00:00:00,46.759900001140814,-73.8907999996372,6.0,1,18.8,0.0,14.3,32.0,18.7,20.871428571428577,4.0
2018-06-28 00:00:00,49.55850000059296,-72.74919999983203,6.0,1,27.9,0.0,11.8,29.0,12.2,20.585714285714285,4.0
2019-06-08 00:00:00,56.44915800248146,-67.74334253738569,6.0,0,11.6,1.7,19.0,59.0,46.2,8.042857142857143,1.0
2021-05-16 00:00:00,47.5801000007688,-78.88099999977163,5.0,1,21.1,0.0,13.0,28.0,24.4,12.114285714285714,5.0
2023-06-22 00:00:00,47.64760000013996,-72.92089999963525,6.0,1,28.5,0.0,12.1,39.0,45.5,20.00714285714286,2.0
2020-07-05 00:00:00,49.18680389345799,-78.12675306589072,7.0,0,25.6,0.8,12.6,29.0,74.0,24.571428571428573,3.0
2022-09-23 00:00:00,46.472652748153294,-60.90469940970668,9.0,0,18.0,49.0,38.8,86.0,79.9,16.707142857142856,1.0
2020-05-10 00:00:00,45.735100001090665,-75.05229999952788,5.0,1,7.7,0.0,23.1,42.0,34.2,12.150000000000002,1.0
2023-06-01 00:00:00,51.22939999991013,-72.45100000014986,6.0,1,26.2,0.1,18.7,40.0,47.0,13.85,5.0
2020-08-14 00:00:00,55.53522602664626,-66.69277899972094,8.0,0,17.9,0.0,11.6,48.0,41.7,20.385714285714283,2.0
2019-05-23 00:00:00,47.47588393041633,-77.05337460913739,5.0,0,11.3,10.7,15.4,78.0,68.3,10.457142857142856,3.0
2024-05-12 00:00:00,48.26970000000005,-64.74579999999997,5.0,1,15.6,0.0,16.1,35.0,8.1,10.178571428571429,6.0
2023-06-01 00:00:00,48.76869999970529,-76.00619999993,6.0,1,31.6,0.5,12.3,26.0,31.2,17.92142857142857,9.0
2023-07-02 00:00:00,55.19360000023988,-69.30909999956526,7.0,1,23.0,8.7,12.4,55.0,38.3,20.42142857142857,1.0
2020-07-08 00:00:00,50.23680000121637,-66.35680000050826,7.0,1,20.3,7.1,13.0,80.0,30.5,19.71428571428572,1.0
2024-09-16 00:00:00,48.04665704110852,-71.99961174949169,9.0,0,25.9,0.0,18.4,43.0,27.6,19.585714285714285,4.0
2019-07-08 00:00:00,48.72440000115665,-73.12019999962067,7.0,1,22.4,0.0,26.9,31.0,55.0,23.092857142857145,2.0
2024-08-14 00:00:00,55.2908215551068,-65.67598164411976,8.0,0,22.6,0.0,17.1,55.0,24.3,17.407142857142855,7.0
2020-05-07 00:00:00,56.172868936285525,-70.18601974592224,5.0,0,-3.7,4.8,25.8,79.0,29.9,-2.5500000000000003,6.0
2018-06-12 00:00:00,48.53020000086703,-72.2919000001219,6.0,1,27.0,0.0,35.8,26.0,41.7,17.721428571428568,5.0
2021-07-05 00:00:00,49.804900000548656,-69.30870000045974,7.0,1,24.7,0.0,15.1,31.0,61.7,20.20714285714286,4.0
2022-07-11 00:00:00,49.491400000000056,-62.53619999999995,7.0,1,20.5,6.8,17.7,61.0,22.5,20.321428571428573,2.0
2018-07-05 00:00:00,48.96910000073532,-73.7842000002554,7.0,1,30.4,2.8,24.5,35.0,11.7,23.985714285714284,1.0
2021-05-14 00:00:00,46.1544000013206,-73.67850000062829,5.0,1,21.4,0.0,17.1,24.0,33.4,13.242857142857142,3.0
2019-06-19 00:00:00,58.26708016307699,-64.47778457130465,6.0,0,12.6,0.8,14.8,65.0,19.3,7.785714285714285,6.0
2023-06-01 00:00:00,49.28139999981022,-74.99099999975016,6.0,1,29.7,1.5,18.8,32.0,24.3,17.685714285714287,8.0
2018-06-30 00:00:00,46.391800000706105,-76.1522999993767,6.0,1,27.4,5.2,19.8,71.0,15.5,22.81428571428572,2.0
2022-08-21 00:00:00,48.12470000000002,-67.48249999999996,8.0,1,27.7,0.0,17.2,44.0,43.6,21.928571428571427,2.0
2021-05-26 00:00:00,53.74781011146533,-75.57058554182947,5.0,0,12.4,12.5,54.2,75.0,37.0,9.307142857142855,1.0
2022-06-13 00:00:00,49.52906826539272,-63.22244784951302,6.0,0,19.9,2.6,13.6,50.0,17.4,14.799999999999995,3.0
2022-05-08 00:00:00,45.9409,-74.59000000000003,5.0,1,16.6,0.0,13.8,23.0,23.9,13.007142857142856,4.0
2022-08-14 00:00:00,49.630071661730994,-72.79802190146069,8.0,0,22.5,0.0,8.7,42.0,29.7,21.442857142857147,4.0
2023-07-25 00:00:00,58.71684089709103,-79.0468064377912,7.0,0,11.3,12.9,28.7,88.0,24.4,10.371428571428572,1.0
2020-05-20 00:00:00,50.27600000079676,-64.79979999955094,5.0,1,12.8,0.0,19.6,38.0,0.9,9.207142857142856,14.0
2021-05-04 00:00:00,50.68453455404954,-63.42547603541695,5.0,0,9.9,0.0,24.0,43.0,90.7,5.842857142857143,6.0
2021-06-18 00:00:00,53.622000001215525,-73.53329999960373,6.0,1,19.2,7.7,23.9,63.0,23.8,13.05714285714286,1.0
2019-06-09 00:00:00,45.948400000751214,-73.4297000004863,6.0,1,27.6,0.0,14.5,26.0,20.9,18.942857142857143,7.0
2022-08-05 00:00:00,45.54001290450963,-69.06059322281715,8.0,0,27.9,1.4,11.3,55.0,9.7,26.94285714285714,3.0
2024-07-30 00:00:00,50.69420000000008,-78.84389999999998,7.0,1,25.7,14.7,15.9,75.0,29.8,22.228571428571428,11.0
2021-07-17 00:00:00,49.542073403990926,-58.7343631923664,7.0,0,16.2,6.3,42.7,84.0,89.9,14.128571428571428,2.0
2023-06-01 00:00:00,48.47020000022985,-76.85630000014487,6.0,1,30.2,0.4,14.2,32.0,29.9,18.27142857142857,9.0
2024-06-13 00:00:00,50.4277062494708,-76.49001159360282,6.0,0,23.0,18.1,18.5,57.0,51.0,21.88571428571429,3.0
2019-08-02 00:00:00,53.00805547971903,-69.50326110084227,8.0,0,14.1,1.5,20.3,62.0,51.7,15.971428571428572,1.0
2022-08-18 00:00:00,50.84394933090383,-74.85735538753481,8.0,0,25.8,0.0,9.5,35.0,32.5,20.835714285714285,3.0
2020-07-06 00:00:00,49.61574538117472,-57.76726634494052,7.0,0,16.5,0.0,11.3,60.0,57.7,19.62142857142857,1.0
2023-06-01 00:00:00,49.37749999962534,-72.0667000001049,6.0,1,29.8,2.3,18.4,37.0,31.5,18.428571428571427,8.0
2023-06-01 00:00:00,47.403699999555386,-72.5199000001848,6.0,1,29.1,1.0,16.9,35.0,37.0,19.278571428571432,8.0
2020-06-20 00:00:00,49.49710000122356,-74.74609999988844,6.0,1,29.0,4.8,10.8,46.0,18.1,20.05,8.0
2020-09-01 00:00:00,48.52880000073484,-68.00589999965162,9.0,1,22.6,0.0,19.6,42.0,81.0,17.528571428571432,2.0
2018-09-17 00:00:00,48.89820202416573,-58.35734317993251,9.0,0,15.4,15.4,15.8,83.0,50.0,17.7,5.0
2019-07-13 00:00:00,47.558000001277165,-78.21010000045919,7.0,1,23.4,5.1,16.0,64.0,24.4,25.371428571428567,2.0
2024-07-08 00:00:00,52.50980000000004,-70.51309999999994,7.0,1,24.6,3.5,24.8,48.0,59.6,18.00714285714286,4.0
2019-07-07 00:00:00,48.857500000582405,-72.86709999961037,7.0,1,22.4,0.0,16.5,31.0,62.8,24.37857142857144,1.0
2023-09-22 00:00:00,46.99402542172449,-70.69546084793848,9.0,0,21.2,0.0,17.4,55.0,119.3,19.86428571428572,3.0
2019-07-02 00:00:00,51.97548805122873,-66.35940027806605,7.0,0,19.2,1.1,20.5,49.0,33.1,16.035714285714285,2.0
2022-05-14 00:00:00,49.89712041587856,-73.30193495582697,5.0,0,23.0,0.0,18.2,43.0,12.5,11.935714285714283,1.0
2020-05-22 00:00:00,46.066800000724974,-74.51980000024528,5.0,1,26.5,0.0,12.0,21.0,12.0,12.714285714285714,7.0
2023-08-17 00:00:00,48.94724633205901,-64.08695690323569,8.0,0,15.8,0.0,38.3,92.0,155.6,16.257142857142856,3.0
2021-06-07 00:00:00,49.589600000916384,-70.03610000043788,6.0,1,28.2,0.0,28.7,43.0,22.0,15.671428571428567,2.0
2020-05-14 00:00:00,46.25170000121558,-73.52529999955514,5.0,1,17.6,0.0,13.0,20.0,40.5,11.349999999999998,7.0
2020-05-21 00:00:00,48.74330000052768,-71.85250000037354,5.0,1,24.8,0.0,23.1,28.0,3.9,9.914285714285716,11.0
2024-06-12 00:00:00,52.99400000000003,-73.71109999999999,6.0,1,23.6,0.0,27.2,34.0,13.0,21.914285714285715,3.0
2023-07-10 00:00:00,52.95830000004503,-76.7289999995503,7.0,1,27.8,3.6,35.8,33.0,30.8,24.7,2.0
2024-05-23 00:00:00,45.654900000000055,-75.65069999999997,5.0,1,23.2,0.4,25.0,37.0,35.2,21.035714285714285,2.0
2019-08-03 00:00:00,48.01930000107682,-77.65850000009847,8.0,1,20.3,0.3,17.5,35.0,14.2,24.07857142857143,4.0
2021-08-26 00:00:00,48.85940000068416,-64.54640000067171,8.0,1,27.0,2.4,15.5,66.0,35.5,26.557142857142857,2.0
2023-05-30 00:00:00,48.64729999959536,-77.63210000041465,5.0,1,30.5,0.0,16.5,25.0,31.4,15.785714285714288,7.0
2021-05-23 00:00:00,45.89670000120419,-73.47390000038193,5.0,1,20.6,2.0,27.1,27.0,7.7,22.21428571428571,12.0
2024-07-13 00:00:00,49.73550000000005,-74.73289999999997,7.0,1,27.3,4.1,18.8,46.0,60.6,22.692857142857143,4.0
2023-08-14 00:00:00,55.85734892717824,-77.64239864410071,8.0,0,15.6,0.0,25.0,74.0,9.8,14.535714285714285,4.0
2023-07-04 00:00:00,54.689199999780215,-73.01579999987007,7.0,1,30.7,0.0,21.7,23.0,13.5,23.11428571428572,7.0
2018-07-09 00:00:00,48.1274000008681,-69.1947000004026,7.0,1,24.5,11.8,32.0,55.0,16.5,22.87142857142857,3.0
2020-07-20 00:00:00,51.12630438324909,-68.19680705285022,7.0,0,22.3,11.6,28.5,56.0,64.0,21.84285714285713,2.0
2019-07-09 00:00:00,45.78302481393491,-71.8315356394474,7.0,0,26.0,0.0,15.3,35.0,58.4,24.65,3.0
2023-07-09 00:00:00,49.871100000264846,-76.93579999977015,7.0,1,21.5,5.7,13.4,58.0,47.2,25.221428571428568,3.0
2022-09-23 00:00:00,45.60984209541165,-74.2404425895088,9.0,0,13.7,0.0,19.9,43.0,91.6,20.45,1.0
2021-08-01 00:00:00,48.71040000088682,-69.0798000001287,8.0,1,21.4,0.0,13.0,45.0,32.8,21.77142857142857,1.0
2023-06-01 00:00:00,49.41720000027982,-71.2587999998201,6.0,1,29.0,0.4,14.1,36.0,34.9,16.97142857142857,8.0
2018-09-08 00:00:00,58.38973595814198,-76.31815524935546,9.0,0,6.1,0.0,28.9,61.0,55.6,8.742857142857142,1.0
2022-06-20 00:00:00,54.602354360143096,-69.67152762059818,6.0,0,11.2,0.0,15.6,50.0,83.4,14.464285714285714,2.0
2024-06-26 00:00:00,55.20473025122161,-74.18571559384915,6.0,0,11.9,0.0,33.5,49.0,40.5,16.935714285714283,1.0
2024-09-19 00:00:00,48.96870000000007,-76.64599999999996,9.0,1,25.6,0.0,14.3,41.0,90.9,20.77857142857143,2.0
2020-06-17 00:00:00,54.63148665439762,-68.62875448095147,6.0,0,17.3,4.6,27.1,69.0,57.8,6.114285714285714,1.0
2023-06-01 00:00:00,49.21120000008,-76.34390000038468,6.0,1,32.2,0.6,15.1,25.0,23.6,18.300000000000004,9.0
2019-05-21 00:00:00,52.58092859552902,-75.21888089144697,5.0,0,8.7,1.7,15.9,52.0,28.7,6.3928571428571415,1.0
2023-06-01 00:00:00,49.289099999665325,-72.41399999990006,6.0,1,29.3,0.7,18.0,36.0,31.8,18.178571428571427,8.0
2021-07-27 00:00:00,58.43425049036817,-66.21802975825655,7.0,0,11.4,1.2,14.7,67.0,37.0,18.192857142857143,1.0
2018-08-01 00:00:00,49.75250000075733,-67.39349999989795,8.0,1,26.8,1.5,17.6,41.0,37.9,24.61428571428571,3.0
2021-09-20 00:00:00,53.92668615579136,-65.63535901349476,9.0,0,14.5,1.3,32.6,59.0,53.8,12.507142857142858,2.0
2022-08-10 00:00:00,48.08900000000011,-76.9574,8.0,1,23.5,13.5,20.0,58.0,64.3,22.65,2.0
2023-05-26 00:00:00,48.78570000035478,-79.4913000000949,5.0,1,21.2,0.0,17.0,26.0,27.2,12.657142857142857,3.0
2020-05-13 00:00:00,45.79480000053472,-73.97610000010684,5.0,1,12.6,0.0,19.8,25.0,35.8,12.135714285714284,6.0
2024-05-16 00:00:00,49.4664310919979,-62.02074135562789,5.0,0,13.6,0.0,10.5,65.0,18.8,9.907142857142858,9.0
2018-08-01 00:00:00,49.04105099981693,-65.75138975143956,8.0,0,26.5,0.0,13.2,42.0,54.3,25.092857142857145,3.0
2024-05-09 00:00:00,48.80413925157999,-69.93484540804934,5.0,0,10.4,0.3,12.3,45.0,13.9,9.057142857142855,4.0
2021-09-02 00:00:00,51.56604940064105,-59.46057127951094,9.0,0,13.8,0.0,14.8,62.0,71.0,19.592857142857145,1.0
2020-06-17 00:00:00,45.560700001271776,-73.17549999977287,6.0,1,29.1,0.0,16.1,19.0,30.0,21.457142857142856,6.0
2018-08-17 00:00:00,55.32470035677896,-73.18947946708455,8.0,0,12.2,0.6,31.4,62.0,48.4,15.607142857142858,1.0
2021-08-10 00:00:00,46.35150000060612,-73.66130000029072,8.0,1,28.5,0.3,13.0,56.0,25.3,22.38571428571429,1.0
2020-09-06 00:00:00,45.09106896360137,-63.574037279627056,9.0,0,22.3,0.5,17.3,42.0,49.3,22.235714285714284,2.0
2021-08-15 00:00:00,57.30203397381007,-59.456509933354525,8.0,0,8.1,2.7,24.1,95.0,41.7,9.114285714285716,1.0
2019-08-04 00:00:00,56.50343292836677,-68.0756001406959,8.0,0,13.1,0.2,14.0,67.0,117.5,15.392857142857144,1.0
2023-09-17 00:00:00,57.48587366838295,-71.71161871310747,9.0,0,5.5,0.0,30.3,70.0,23.6,10.5,2.0
2023-05-20 00:00:00,55.74882902605789,-58.9103160749856,5.0,0,2.6,0.3,30.1,68.0,21.2,0.6857142857142856,2.0
2019-07-02 00:00:00,56.15221943721164,-64.71597041115977,7.0,0,10.2,8.3,27.8,85.0,38.1,16.471428571428568,2.0
2020-07-24 00:00:00,50.63470000118263,-63.9256999999836,7.0,1,24.2,1.7,16.8,43.0,34.800000000000004,23.200000000000006,4.0
2021-08-18 00:00:00,48.83860000085452,-72.29520000053824,8.0,1,27.9,0.0,11.8,52.0,20.9,26.5,5.0
2023-05-29 00:00:00,46.12560000033977,-74.58690000033471,5.0,1,21.8,0.0,13.3,31.0,37.6,17.142857142857142,5.0
2022-07-02 00:00:00,46.57050000000004,-71.2475,7.0,1,23.8,2.0,24.9,38.0,50.7,22.42142857142857,2.0
2024-06-07 00:00:00,52.92975201389257,-78.38989359538373,6.0,0,28.4,0.7,25.6,38.0,29.0,20.5,1.0
2020-06-11 00:00:00,56.92658276475555,-63.74433285842858,6.0,0,1.9,11.2,31.8,82.0,54.9,0.5571428571428572,5.0
2020-06-18 00:00:00,46.00630000071583,-73.72150000010551,6.0,1,32.0,0.0,12.7,24.0,19.8,22.84285714285715,7.0
2019-07-10 00:00:00,47.53890000066584,-77.45950000015497,7.0,1,28.4,0.0,16.7,30.0,33.7,24.942857142857147,4.0
2023-07-07 00:00:00,56.84740000040972,-67.42200000019983,7.0,1,14.5,19.8,18.0,83.0,19.1,22.871428571428567,1.0
2023-06-05 00:00:00,51.13529999969529,-72.7738999997851,6.0,1,18.9,1.3,23.5,42.0,17.5,17.12142857142857,8.0
2019-07-06 00:00:00,53.44043357069828,-60.93968552203093,7.0,0,24.3,8.9,21.3,56.0,49.2,16.66428571428571,8.0
2020-07-07 00:00:00,47.83255128074983,-76.86514491174029,7.0,0,24.2,7.8,15.6,60.0,39.8,24.15714285714285,5.0
2023-05-14 00:00:00,46.242399999660336,-74.94419999992999,5.0,1,14.3,0.0,19.0,32.0,54.5,14.992857142857144,2.0
2018-07-16 00:00:00,51.48282343034354,-58.70634844910575,7.0,0,27.7,0.0,17.1,51.0,39.9,22.81428571428572,6.0
2024-08-17 00:00:00,48.044100000000064,-72.29229999999995,8.0,1,25.5,0.9,13.0,61.0,56.8,22.52142857142857,5.0
2021-06-13 00:00:00,49.6687793330698,-67.18036423446591,6.0,0,15.7,0.0,18.4,35.0,17.400000000000002,19.857142857142858,6.0
2023-06-20 00:00:00,46.01099999995012,-75.81380000006993,6.0,1,26.4,0.2,15.1,38.0,24.7,20.107142857142858,7.0
2022-06-15 00:00:00,56.78530000000001,-65.91529999999995,6.0,1,22.5,0.7,18.5,32.0,25.8,15.328571428571433,4.0
2024-06-19 00:00:00,49.68660000000006,-68.25179999999995,6.0,1,32.4,0.4,20.9,43.0,9.1,21.55,1.0
2022-07-21 00:00:00,46.86990000000014,-72.83089999999999,7.0,1,26.5,20.1,21.3,64.0,48.3,24.042857142857144,2.0
2024-09-24 00:00:00,48.03225220813978,-77.31592597980135,9.0,0,18.6,0.1,15.8,68.0,18.3,24.12142857142857,1.0
2024-07-09 00:00:00,49.64880000000005,-67.77479999999997,7.0,1,26.7,7.6,15.6,57.0,34.8,23.58571428571429,5.0
2020-07-08 00:00:00,53.383800000772055,-76.38289999955065,7.0,1,24.8,0.6,19.2,41.0,65.7,22.264285714285712,1.0
2021-06-20 00:00:00,46.92213027678537,-68.69741056689743,6.0,0,24.9,1.6,15.8,45.0,22.6,23.107142857142858,1.0
2023-05-19 00:00:00,45.96650000007497,-71.66479999962024,5.0,1,20.6,0.4,20.3,39.0,36.5,14.242857142857144,2.0
2020-07-11 00:00:00,48.75359571589007,-67.43543709655572,7.0,0,27.2,2.4,27.3,63.0,80.8,22.7,3.0
2023-06-01 00:00:00,49.37999999980019,-72.49209999971515,6.0,1,28.6,1.7,18.6,36.0,32.4,17.842857142857145,8.0
2021-06-13 00:00:00,49.25960588781666,-67.4105337824536,6.0,0,12.1,0.0,29.0,43.0,14.0,12.3,8.0
2021-05-17 00:00:00,46.099800000690735,-74.4767000000215,5.0,1,20.2,0.0,20.1,29.0,21.6,12.635714285714286,1.0
2023-07-05 00:00:00,51.70620000012997,-77.44919999978015,7.0,1,31.3,2.0,22.7,44.0,42.4,25.9,4.0
2023-09-01 00:00:00,55.56898457158496,-63.240561140342486,9.0,0,8.9,1.0,31.6,60.0,25.1,15.085714285714287,3.0
2022-05-04 00:00:00,47.3821441990615,-71.67091633249981,5.0,0,10.2,5.6,14.4,49.0,29.8,5.814285714285714,7.0
2022-06-28 00:00:00,47.44340000000011,-76.84579999999994,6.0,1,22.5,0.3,19.4,40.0,33.1,22.607142857142858,7.0
2019-07-22 00:00:00,56.33505105830839,-65.58272936002652,7.0,0,13.8,1.4,12.1,51.0,92.4,16.764285714285712,1.0
2020-06-20 00:00:00,50.19480000124068,-74.71980000041341,6.0,1,27.9,6.8,9.6,51.0,19.9,20.06428571428572,9.0
2024-05-19 00:00:00,49.03450000000004,-75.72859999999997,5.0,1,25.6,2.9,24.7,38.0,13.9,14.871428571428572,6.0
2019-08-04 00:00:00,46.12100000097094,-76.29849999939599,8.0,1,22.1,0.0,11.6,37.0,18.3,25.514285714285712,1.0
2023-06-09 00:00:00,51.48749782339631,-59.58925946048609,6.0,0,11.1,3.0,14.7,79.0,91.7,13.542857142857144,1.0
2024-08-03 00:00:00,50.05360000000008,-67.05599999999998,8.0,1,26.3,2.2,10.7,66.0,44.2,24.928571428571427,2.0
2018-06-26 00:00:00,45.93917663904367,-57.75421667847968,6.0,0,9.0,30.5,66.4,74.0,83.7,8.757142857142858,1.0
2022-07-14 00:00:00,45.86580000000004,-76.43459999999993,7.0,1,22.9,2.6,11.9,48.0,29.8,22.571428571428577,2.0
2019-05-11 00:00:00,47.44177443297829,-69.82244588957889,5.0,0,8.6,1.0,21.1,43.0,40.0,10.62857142857143,1.0
2021-07-07 00:00:00,47.00890113107442,-66.54062733253885,7.0,0,19.8,0.1,23.3,54.0,60.3,20.800000000000004,6.0
2020-06-16 00:00:00,49.60730000082815,-71.51660000012296,6.0,1,26.2,0.0,19.6,27.0,12.1,16.29285714285714,5.0
2019-07-16 00:00:00,51.80073763476148,-63.33309068279537,7.0,0,24.8,0.0,14.7,36.0,34.7,17.764285714285712,1.0
2018-07-03 00:00:00,47.28870000130275,-72.73159999983328,7.0,1,29.3,0.0,16.9,32.0,26.9,23.607142857142858,1.0
2024-08-12 00:00:00,56.09946538005998,-65.92725892222163,8.0,0,16.0,0.0,11.8,40.0,29.5,17.685714285714287,5.0
2018-06-28 00:00:00,52.77840000087075,-71.98149999933398,6.0,1,25.1,1.0,22.5,32.0,30.8,14.678571428571429,2.0
2019-06-22 00:00:00,53.86879509833258,-59.06437513048108,6.0,0,9.6,10.9,20.2,88.0,62.0,13.628571428571428,1.0
2018-06-27 00:00:00,47.31720000121325,-73.56670000008882,6.0,1,25.4,0.0,13.5,28.0,53.2,21.378571428571423,4.0
2019-08-02 00:00:00,47.91310000062576,-77.10390000004544,8.0,1,26.4,0.0,13.8,35.0,23.0,23.85,3.0
2024-06-12 00:00:00,52.51182708847154,-76.98947841296516,6.0,0,22.9,1.2,27.9,37.0,9.6,22.042857142857144,3.0
2019-07-25 00:00:00,52.22758366339828,-75.00050356480521,7.0,0,20.9,0.2,13.8,42.0,75.6,18.62142857142857,1.0
2023-05-26 00:00:00,50.3623824288082,-73.79068562766342,5.0,0,13.3,0.0,13.3,35.0,27.4,9.814285714285717,3.0
2024-05-04 00:00:00,47.69860000000005,-72.53069999999997,5.0,1,18.3,1.5,16.2,54.0,23.6,11.67857142857143,2.0
2024-05-25 00:00:00,50.47748803849211,-77.31166545830672,5.0,0,17.7,0.0,10.0,38.0,41.1,17.61428571428571,1.0
2022-07-23 00:00:00,52.29675635532094,-75.72440551757944,7.0,0,20.9,5.0,27.0,43.0,48.2,21.37857142857143,1.0
2024-07-08 00:00:00,50.77960000000007,-73.07779999999998,7.0,1,25.1,11.3,20.5,51.0,56.4,19.228571428571428,4.0
2019-08-17 00:00:00,52.45275845015711,-71.07996921089948,8.0,0,20.4,1.2,20.6,53.0,59.2,16.564285714285713,3.0
2021-05-14 00:00:00,49.194900000580176,-68.24060000049334,5.0,1,11.7,0.3,17.6,45.0,39.6,9.242857142857142,1.0
2019-07-24 00:00:00,57.510447403341054,-74.31234484375715,7.0,0,13.9,1.3,21.2,65.0,53.6,17.1,4.0
2022-06-18 00:00:00,52.92584056588024,-62.24202079443738,6.0,0,15.9,9.5,16.8,76.0,31.5,17.135714285714286,1.0
2020-06-27 00:00:00,49.79811579036351,-61.320866164726894,6.0,0,12.8,5.0,26.6,86.0,2.3,11.714285714285714,5.0
2020-09-20 00:00:00,51.87411606427371,-65.40309645555952,9.0,0,5.6,0.0,21.0,49.0,39.6,9.678571428571429,3.0
2023-06-20 00:00:00,48.13789999968532,-78.04069999960524,6.0,1,28.0,0.0,10.4,29.0,15.6,21.4,7.0
2020-05-28 00:00:00,53.238079133963154,-60.68786478111976,5.0,0,17.4,12.5,17.7,64.0,26.7,9.414285714285713,2.0
2018-07-01 00:00:00,46.72120000063026,-75.22860000052889,7.0,1,29.9,4.2,14.1,68.0,58.4,21.728571428571428,1.0
2020-08-20 00:00:00,50.27370000077289,-66.00920000003116,8.0,1,20.2,1.3,24.0,36.0,37.5,21.75,1.0
2022-05-21 00:00:00,45.6309,-75.55020000000002,5.0,1,28.6,5.0,18.1,58.0,24.5,21.942857142857147,2.0
2023-05-28 00:00:00,48.50070000020492,-71.2892999997951,5.0,1,21.8,0.0,31.7,35.0,50.7,15.45,4.0
2018-05-24 00:00:00,49.10570000110966,-68.36690000068045,5.0,1,8.8,2.4,16.3,55.0,24.8,10.064285714285717,2.0
2021-05-12 00:00:00,50.4416677821886,-66.19910944621346,5.0,0,9.0,0.1,19.4,42.0,46.3,8.078571428571427,5.0
2019-07-05 00:00:00,53.35476673006048,-60.02012582269548,7.0,0,18.3,0.0,12.6,59.0,68.4,12.75,1.0
2020-06-22 00:00:00,46.76380000052337,-72.33669999955737,6.0,1,33.0,0.0,15.2,35.0,10.3,26.278571428571432,11.0
2023-06-24 00:00:00,52.63605675274326,-59.46459598015674,6.0,0,25.5,5.1,17.9,55.0,19.6,17.085714285714285,1.0
2018-08-10 00:00:00,48.41969226447138,-69.23577821484136,8.0,0,22.5,0.0,24.2,40.0,57.7,25.442857142857143,1.0
2021-07-05 00:00:00,52.68589472833306,-69.00874180294821,7.0,0,23.6,0.0,25.5,30.0,80.3,17.621428571428574,6.0
2018-05-14 00:00:00,48.05130000133727,-77.70960000050304,5.0,1,19.4,0.3,19.5,41.0,33.7,13.364285714285714,4.0
2019-08-16 00:00:00,46.26960754375345,-75.29108544405544,8.0,0,23.1,0.0,11.1,45.0,25.0,21.56428571428572,4.0
2019-07-30 00:00:00,46.41230000092332,-72.59969999954828,7.0,1,29.0,3.7,20.2,60.0,19.9,26.607142857142858,9.0
2018-05-21 00:00:00,48.614710873752735,-72.15323900393238,5.0,0,14.8,0.0,26.0,29.0,28.1,13.271428571428572,1.0
2021-05-18 00:00:00,46.970700001173846,-70.58720000001496,5.0,1,20.2,0.2,20.3,32.0,30.3,13.528571428571428,5.0
2018-05-27 00:00:00,48.69490000074438,-72.5045999997281,5.0,1,19.7,2.2,22.2,41.0,29.4,15.828571428571433,2.0
2021-07-22 00:00:00,49.33480000100726,-74.14180000009884,7.0,1,21.4,0.0,13.8,36.0,80.3,22.42142857142857,7.0
2022-05-25 00:00:00,47.01769156159916,-65.56313979398011,5.0,0,22.4,0.0,18.0,25.0,39.5,19.571428571428573,3.0
2022-08-08 00:00:00,55.08079825869078,-61.322960422642176,8.0,0,17.0,3.2,23.7,44.0,44.8,18.31428571428572,1.0
2024-05-11 00:00:00,48.562800000000045,-72.41249999999997,5.0,1,16.9,0.0,19.2,32.0,13.5,14.149999999999997,5.0
2024-06-19 00:00:00,50.23290000000003,-67.15349999999995,6.0,1,32.8,0.4,22.9,41.0,5.4,20.24285714285714,5.0
2024-07-23 00:00:00,57.73135953531096,-58.87097817430249,7.0,0,6.8,0.4,44.9,84.0,30.6,7.999999999999999,1.0
2020-05-17 00:00:00,46.7864000012436,-73.85499999966041,5.0,1,14.9,0.0,14.3,44.0,14.0,7.4071428571428575,1.0
2024-06-05 00:00:00,49.07580000000007,-69.71579999999994,6.0,1,25.8,1.7,9.0,40.0,31.9,17.835714285714285,8.0
2022-05-10 00:00:00,46.300700000000006,-75.9848,5.0,1,22.8,0.0,15.2,21.0,20.0,13.528571428571428,7.0
2019-06-15 00:00:00,55.21722331408502,-79.24175354891892,6.0,0,3.8,3.2,32.2,95.0,32.6,3.857142857142857,1.0
2020-06-23 00:00:00,47.94990000078187,-70.27159999932756,6.0,1,28.4,2.8,10.6,53.0,13.4,22.59285714285713,1.0
2021-08-10 00:00:00,48.27244303887478,-75.80012513739145,8.0,0,27.6,0.3,18.0,58.0,26.7,20.278571428571432,1.0
2020-08-20 00:00:00,53.18469319597886,-74.80371744681787,8.0,0,13.9,2.9,16.8,50.0,48.8,22.007142857142856,1.0
2024-06-05 00:00:00,51.72930000000008,-68.14199999999994,6.0,1,26.7,0.1,11.6,37.0,69.2,15.35,6.0
2020-08-09 00:00:00,51.80090000050946,-61.32870000058269,8.0,1,25.2,1.0,12.8,47.0,59.6,21.485714285714288,3.0
2019-06-27 00:00:00,54.23605418726713,-73.5635443692279,6.0,0,21.1,4.7,17.8,62.0,46.8,13.72857142857143,1.0
2021-07-19 00:00:00,48.38700000115282,-77.26660000071664,7.0,1,24.8,3.7,13.3,53.0,105.8,23.435714285714287,1.0
2018-06-27 00:00:00,53.14239818819023,-60.64502439527191,6.0,0,9.8,5.0,16.8,44.0,31.0,10.35,1.0
2018-08-19 00:00:00,50.04480000128255,-73.26920000021786,8.0,1,24.4,0.0,16.2,34.0,31.3,23.342857142857145,4.0
2021-06-07 00:00:00,48.67480000083573,-75.68249999986067,6.0,1,29.0,0.5,28.6,43.0,31.4,18.33571428571429,2.0
2023-05-07 00:00:00,51.18636752821018,-78.23593396852257,5.0,0,7.8,0.0,20.5,61.0,27.6,9.728571428571428,6.0
2023-05-05 00:00:00,45.44207069644028,-69.8035747938375,5.0,0,13.3,0.0,17.3,47.0,85.3,10.928571428571429,1.0
2019-05-19 00:00:00,48.9380000009203,-78.86100000017564,5.0,1,13.0,3.6,15.8,35.0,50.8,9.914285714285713,2.0
2023-06-01 00:00:00,47.974800000219886,-75.27770000005489,6.0,1,30.9,1.1,10.9,30.0,47.0,18.107142857142858,8.0
2019-08-19 00:00:00,46.191800001001454,-77.4357999996119,8.0,1,22.6,8.2,19.1,45.0,25.2,22.278571428571432,2.0
2021-06-15 00:00:00,50.08840000123278,-68.81670000041478,6.0,1,13.9,15.8,12.4,97.0,18.6,19.00714285714286,1.0
2020-05-03 00:00:00,46.13256702989776,-64.26558820009268,5.0,0,16.0,0.4,14.3,34.0,24.4,9.52142857142857,1.0
2018-05-13 00:00:00,45.81250000116424,-75.22750000002803,5.0,1,18.5,0.0,14.3,28.0,35.9,16.185714285714287,3.0
2019-06-16 00:00:00,58.649006086164576,-59.10768286921108,6.0,0,4.7,0.0,36.0,91.0,36.1,4.8500000000000005,3.0
2020-05-05 00:00:00,50.21695733319292,-75.32538638570432,5.0,0,2.8,0.0,18.1,41.0,50.5,3.485714285714286,2.0
2021-05-21 00:00:00,46.53360000110248,-77.29520000043162,5.0,1,28.3,0.2,16.3,40.0,28.6,17.8,1.0
2020-08-23 00:00:00,55.50730455231995,-60.66573236416397,8.0,0,13.9,1.0,12.1,61.0,31.200000000000003,21.40714285714285,1.0
2018-07-11 00:00:00,49.00410000129778,-76.93819999958276,7.0,1,22.4,0.0,15.8,38.0,51.1,26.607142857142858,2.0
2024-07-14 00:00:00,50.85560000000003,-71.09649999999993,7.0,1,26.7,6.3,17.4,49.0,46.6,22.96428571428572,5.0
2023-06-01 00:00:00,49.10619999993008,-72.17599999980013,6.0,1,29.5,0.9,17.1,38.0,34.9,18.321428571428573,8.0
2018-07-22 00:00:00,48.06830000095815,-65.44429999995762,7.0,1,24.6,0.1,20.4,66.0,13.8,24.36428571428571,4.0
2021-05-13 00:00:00,45.88070000114454,-74.10640000026706,5.0,1,19.4,0.0,15.9,30.0,42.9,12.899999999999997,2.0
2022-08-07 00:00:00,51.32873431487887,-78.80507537884837,8.0,0,16.4,0.4,28.3,57.0,142.3,20.492857142857144,1.0
2019-05-20 00:00:00,49.80076720793671,-76.45472784089709,5.0,0,5.4,8.7,18.0,80.0,32.6,9.835714285714284,2.0
2018-07-20 00:00:00,49.351065122684574,-62.37538101228006,7.0,0,26.1,0.0,16.1,48.0,33.7,22.592857142857145,2.0
2023-05-14 00:00:00,48.14680000002005,-69.7041000002148,5.0,1,14.8,0.0,27.6,22.0,41.8,12.478571428571428,10.0
2020-06-26 00:00:00,47.03930000112565,-70.40739999970249,6.0,1,25.3,0.0,22.1,34.0,19.3,25.600000000000005,2.0
2023-06-11 00:00:00,50.94529999989516,-73.29599999990006,6.0,1,20.8,0.0,12.8,52.0,2.2,19.05,14.0
2019-05-09 00:00:00,48.01260000131719,-66.74030000012877,5.0,1,14.3,0.0,14.5,41.0,28.4,8.799999999999999,2.0
2023-08-22 00:00:00,45.648399999660285,-76.19600000039964,8.0,1,22.7,0.3,11.4,50.0,82.0,22.607142857142858,3.0
2023-06-14 00:00:00,45.42381837284167,-62.66887841976178,6.0,0,16.6,4.7,21.4,81.0,94.0,17.7,3.0
2024-09-01 00:00:00,50.57000224696856,-68.31511523976138,9.0,0,21.9,7.5,27.3,57.0,56.5,21.36428571428572,1.0
2018-07-29 00:00:00,51.406400000926446,-63.10189999964351,7.0,1,23.0,1.4,13.8,48.0,44.5,23.27142857142857,1.0
2020-08-04 00:00:00,53.252387481040586,-72.19820760111811,8.0,0,19.8,0.0,14.1,49.0,89.3,19.2,1.0
2018-08-28 00:00:00,50.369761886155615,-78.93693209228883,8.0,0,22.0,25.1,23.0,71.0,29.3,21.978571428571428,3.0
2021-08-26 00:00:00,49.86120000060506,-67.87230000044802,8.0,1,21.9,5.9,17.5,76.0,24.1,24.75714285714286,2.0
2018-06-10 00:00:00,46.118100000617936,-70.69989999962952,6.0,1,17.7,0.0,15.1,29.0,30.9,20.528571428571432,2.0
2022-07-09 00:00:00,46.30870000000005,-73.41669999999999,7.0,1,20.9,0.0,14.1,35.0,35.8,23.392857142857142,3.0
2020-06-05 00:00:00,46.04030000056388,-73.88249999994774,6.0,1,26.3,1.9,20.4,34.0,16.7,21.335714285714285,2.0
2022-06-01 00:00:00,57.00056260706234,-77.38556415218304,6.0,0,7.8,0.0,46.7,62.0,12.7,1.7571428571428571,8.0
2021-07-22 00:00:00,48.1467257799717,-59.33029417721606,7.0,0,19.4,23.6,26.2,77.0,31.1,19.950000000000006,2.0
2021-06-12 00:00:00,52.56679155989416,-62.12204684220953,6.0,0,7.2,1.0,17.3,59.0,43.7,14.135714285714286,5.0
2019-07-07 00:00:00,54.81500000080637,-75.360599999637,7.0,1,20.6,4.6,31.4,49.0,14.3,18.86428571428571,1.0
2020-05-21 00:00:00,45.81660000119597,-73.97419999989626,5.0,1,24.4,0.0,16.9,20.0,13.0,13.528571428571428,6.0
2020-07-07 00:00:00,52.38120061898614,-77.97804326049057,7.0,0,24.1,3.5,15.2,60.0,38.3,24.31428571428572,6.0
2019-07-31 00:00:00,50.41260000121709,-60.59629999997887,7.0,1,24.9,0.4,13.2,60.0,12.8,23.54285714285714,1.0
2023-05-29 00:00:00,45.512199999630354,-75.77080000011989,5.0,1,23.9,0.0,14.0,20.0,29.6,18.90714285714285,5.0
2021-05-10 00:00:00,45.89690000063929,-74.42220000027491,5.0,1,13.3,0.4,12.0,39.0,41.2,11.542857142857144,5.0
2018-08-15 00:00:00,51.19450000085273,-58.65700000072188,8.0,1,20.0,7.7,28.4,82.0,39.8,19.835714285714285,5.0
2023-05-12 00:00:00,49.952597907954896,-72.48507829653182,5.0,0,14.5,1.4,25.4,49.0,20.2,10.028571428571428,11.0
2021-09-21 00:00:00,56.020845057675984,-79.24380741174987,9.0,0,8.8,8.2,43.6,72.0,33.5,10.357142857142858,1.0
2020-05-21 00:00:00,45.88080000134111,-74.44449999997,5.0,1,22.3,0.0,15.9,22.0,13.0,11.507142857142858,6.0
2023-05-20 00:00:00,45.46025115153718,-78.35805725102684,5.0,0,13.7,42.3,17.1,80.0,6.9,16.92142857142857,1.0
2023-05-30 00:00:00,48.15630000014494,-69.66830000044462,5.0,1,23.2,0.0,15.2,30.0,19.4,15.085714285714284,5.0
2023-09-10 00:00:00,57.91830302153687,-75.06876830045645,9.0,0,7.9,5.1,21.7,76.0,36.8,11.62142857142857,4.0
2022-08-19 00:00:00,45.74516194989706,-74.86238275196524,8.0,0,27.3,0.3,13.0,47.0,37.1,24.25714285714286,2.0
2020-07-23 00:00:00,51.79314328618032,-76.55893564165646,7.0,0,24.6,0.0,14.1,43.0,97.4,23.785714285714285,3.0
2020-08-13 00:00:00,48.20640738013277,-68.78602249743851,8.0,0,23.0,0.7,14.4,51.0,28.7,24.685714285714287,1.0
2022-05-23 00:00:00,46.93470000000013,-70.15359999999993,5.0,1,11.5,0.7,17.8,41.0,55.1,21.02142857142857,1.0
2021-09-26 00:00:00,46.56261376331266,-67.06203549466035,9.0,0,19.2,40.7,22.5,94.0,62.900000000000006,19.235714285714288,1.0
2019-07-26 00:00:00,55.18129189422264,-73.5575090181734,7.0,0,20.5,6.1,32.1,73.0,78.5,15.585714285714284,4.0
2018-06-19 00:00:00,50.98992567881584,-68.5445976860278,6.0,0,11.6,0.8,27.0,64.0,61.9,12.707142857142856,1.0
2019-09-22 00:00:00,54.0690397224456,-65.11228652666225,9.0,0,16.2,8.7,38.5,75.0,22.7,10.514285714285714,3.0
2022-05-02 00:00:00,57.68556308186095,-72.26119964790531,5.0,0,0.5,0.0,17.5,71.0,17.099999999999998,-6.564285714285716,6.0
2021-05-06 00:00:00,54.9398948351522,-68.18416751364536,5.0,0,0.9,8.5,42.9,91.0,30.1,0.4928571428571428,3.0
2020-05-05 00:00:00,47.43354949739324,-65.96274642535855,5.0,0,1.9,18.5,22.9,72.0,34.5,7.635714285714287,1.0
2023-06-01 00:00:00,49.600300000244886,-71.6019000001848,6.0,1,29.3,4.0,14.3,35.0,34.300000000000004,16.52857142857143,8.0
2023-06-25 00:00:00,52.220600000389766,-66.76909999996496,6.0,1,19.2,1.0,16.2,34.0,14.3,20.78571428571429,2.0
2022-05-27 00:00:00,53.20025647026617,-71.27485417287602,5.0,0,11.4,2.9,30.6,64.0,60.8,6.985714285714287,2.0
2019-08-18 00:00:00,58.641850871526096,-62.49250028456804,8.0,0,6.2,0.0,19.2,91.0,106.0,6.4785714285714295,3.0
2021-07-25 00:00:00,47.07340000104814,-75.65379999960705,7.0,1,25.8,34.7,17.3,53.0,51.6,24.478571428571424,1.0
2023-09-18 00:00:00,55.74084091420441,-79.20930388877629,9.0,0,9.1,0.0,18.6,75.0,11.7,9.928571428571429,3.0
2020-08-06 00:00:00,48.57330000104637,-76.78210000009683,8.0,1,21.9,1.6,18.8,47.0,124.6,22.985714285714288,1.0
2022-05-26 00:00:00,53.94036866337775,-67.4595413555303,5.0,0,5.9,0.0,21.8,50.0,44.8,3.4571428571428577,1.0
2022-05-25 00:00:00,46.13140000000004,-73.84030000000001,5.0,1,21.3,0.0,11.6,33.0,60.1,21.2,4.0
2024-05-26 00:00:00,56.22869837556564,-77.42764264418216,5.0,0,10.8,0.0,26.8,51.0,26.6,3.4642857142857144,6.0
2021-08-22 00:00:00,52.18157871084739,-66.78057331439723,8.0,0,26.8,0.2,17.1,51.0,78.2,21.66428571428571,3.0
2018-09-15 00:00:00,49.932837550352566,-67.77300436556604,9.0,0,22.7,0.2,20.6,58.0,70.8,17.235714285714288,4.0
2022-08-15 00:00:00,48.5361205805007,-76.44860689487379,8.0,0,21.2,3.3,13.4,59.0,36.6,20.985714285714284,4.0
2023-07-13 00:00:00,47.86371176385503,-60.19333353176336,7.0,0,14.6,0.5,41.6,96.0,108.4,13.585714285714287,1.0
2023-06-25 00:00:00,52.25829999964532,-66.72499999965021,6.0,1,18.8,3.9,16.3,37.0,13.7,20.37857142857144,9.0
2020-09-27 00:00:00,50.35145740772755,-75.72376428449223,9.0,0,17.4,22.2,26.0,93.0,61.5,11.935714285714283,1.0
2020-08-22 00:00:00,49.11561298192049,-75.7679547990461,8.0,0,19.2,2.9,11.2,76.0,36.9,22.21428571428572,4.0
2021-07-15 00:00:00,52.98043989106567,-77.82745563154175,7.0,0,18.9,0.3,14.6,53.0,21.700000000000003,21.35,1.0
2020-09-03 00:00:00,51.56807621157487,-62.93675582771506,9.0,0,18.3,9.2,27.7,47.0,51.1,13.099999999999998,3.0
2022-05-09 00:00:00,45.78019999999998,-76.32359999999994,5.0,1,20.6,0.0,14.8,23.0,49.7,13.0,5.0
2018-05-19 00:00:00,55.43371237214812,-60.78727597163551,5.0,0,0.1,0.0,22.6,59.0,42.3,1.0357142857142858,4.0
2020-06-04 00:00:00,45.26082604552287,-67.21484049932377,6.0,0,23.6,0.1,22.8,36.0,3.1,20.985714285714284,1.0
2024-07-18 00:00:00,52.00055155780337,-58.04926247217202,7.0,0,20.0,3.9,13.3,82.0,45.4,20.828571428571426,1.0
2019-09-23 00:00:00,45.06363609872162,-74.4345052856022,9.0,0,24.9,9.3,26.6,61.0,25.7,21.685714285714287,9.0
2024-08-17 00:00:00,54.108700000000056,-72.31239999999997,8.0,1,25.1,1.5,30.6,45.0,31.6,18.742857142857144,1.0
2020-05-26 00:00:00,48.52890000051021,-68.37749999946662,5.0,1,23.0,1.3,24.4,63.0,10.7,13.092857142857142,14.0
2022-06-11 00:00:00,52.259000000000015,-72.07599999999996,6.0,1,14.0,6.9,16.7,74.0,39.3,13.828571428571426,1.0
2022-05-08 00:00:00,45.82529999999997,-73.95600000000002,5.0,1,16.5,0.0,16.1,22.0,19.3,14.207142857142856,4.0
2023-06-15 00:00:00,49.78929999979522,-74.54349999992502,6.0,1,21.6,4.6,22.0,50.0,11.8,21.785714285714285,10.0
2023-06-01 00:00:00,48.83779999997006,-64.69049999997497,6.0,1,31.5,0.0,14.6,28.0,57.3,18.25,6.0
2018-06-10 00:00:00,54.07987588412523,-59.435463205199646,6.0,0,0.8,3.8,23.0,73.0,22.4,7.25,1.0
2018-07-19 00:00:00,49.11190000103203,-77.99309999948785,7.0,1,26.7,1.6,18.0,52.0,43.1,24.67142857142857,3.0
2022-06-14 00:00:00,55.75798654651889,-75.12068877259124,6.0,0,25.6,0.0,26.0,22.0,9.7,18.8,6.0
2018-08-20 00:00:00,58.64599004484956,-69.16399819260954,8.0,0,12.8,0.7,45.7,51.0,33.1,15.935714285714283,1.0
2022-05-03 00:00:00,51.25454683434874,-58.73097503015546,5.0,0,7.3,0.0,12.0,65.0,95.3,4.1,1.0
2022-05-01 00:00:00,55.55669393095222,-58.45574739547429,5.0,0,-0.5,0.0,39.3,85.0,46.5,-0.1499999999999998,1.0
2023-06-04 00:00:00,46.30330000039476,-75.47399999990006,6.0,1,21.6,0.0,15.3,21.0,17.6,22.178571428571423,3.0
2018-09-01 00:00:00,53.227636840596425,-58.85649811013438,9.0,0,18.1,0.0,25.7,44.0,85.0,16.507142857142856,2.0
2021-06-07 00:00:00,45.91562960941479,-64.31028434325172,6.0,0,23.6,4.8,24.9,66.0,19.6,17.65,3.0
2023-05-06 00:00:00,48.29843651210416,-57.87275380906151,5.0,0,6.4,0.6,14.6,47.0,0.2,8.892857142857142,14.0
2018-07-06 00:00:00,48.442900001097634,-69.48860000019181,7.0,1,24.0,3.1,27.7,39.0,10.9,23.078571428571426,4.0
2024-07-08 00:00:00,51.62280000000004,-69.93259999999998,7.0,1,25.8,1.9,23.0,41.0,55.3,19.035714285714285,4.0
2021-07-25 00:00:00,48.98170000125417,-73.50279999947757,7.0,1,21.4,24.5,23.6,60.0,55.9,22.935714285714287,9.0
2019-05-08 00:00:00,45.564400001154254,-75.69560000028794,5.0,1,12.1,0.0,14.5,30.0,51.4,11.849999999999998,2.0
2018-05-12 00:00:00,47.55880000088255,-78.94290000053843,5.0,1,16.1,0.0,13.2,26.0,45.8,12.23571428571429,2.0
2019-05-11 00:00:00,50.66111623115321,-75.4110553313506,5.0,0,8.1,0.1,25.1,40.0,41.3,3.7142857142857135,1.0
2020-08-11 00:00:00,50.33230000106665,-63.212600000411,8.0,1,27.7,0.0,12.8,56.0,41.6,23.750000000000004,6.0
2023-09-09 00:00:00,48.4404210369016,-67.3655809279682,9.0,0,22.5,2.5,15.6,67.0,49.4,23.178571428571427,1.0
2021-05-26 00:00:00,45.99120000063769,-73.71989999950378,5.0,1,27.7,2.2,24.7,50.0,6.5,23.442857142857143,13.0
2020-05-21 00:00:00,46.56230000098078,-71.56510000009533,5.0,1,25.1,0.0,23.5,24.0,15.6,12.892857142857142,5.0
2020-08-09 00:00:00,50.21890000084407,-60.343600000097005,8.0,1,24.7,0.0,19.1,61.0,39.0,20.307142857142857,3.0
2024-09-07 00:00:00,57.03150585916774,-68.55928220151264,9.0,0,7.2,13.0,24.0,87.0,68.8,15.457142857142856,1.0
2024-09-19 00:00:00,58.53900460126091,-62.87123436251184,9.0,0,7.4,0.9,14.7,91.0,94.5,9.507142857142856,1.0
2022-05-07 00:00:00,48.9233000000001,-78.96280000000002,5.0,1,13.0,0.0,13.7,27.0,19.9,8.514285714285716,4.0
2023-05-14 00:00:00,46.46610000041471,-72.92719999968023,5.0,1,15.4,0.0,23.9,26.0,84.1,15.885714285714286,10.0
2019-08-06 00:00:00,45.782200000775454,-73.97339999996223,8.0,1,28.2,0.9,11.5,49.0,12.0,27.02142857142857,6.0
2020-05-10 00:00:00,49.1379159418997,-77.1849456295994,5.0,0,0.5,3.2,22.4,62.0,53.7,5.649999999999999,1.0
2023-07-08 00:00:00,53.68400000029982,-73.78599999999994,7.0,1,24.5,0.0,18.8,29.0,35.4,23.31428571428571,2.0
2019-07-24 00:00:00,50.26994996370118,-68.63276884938655,7.0,0,17.0,0.3,11.0,53.0,80.6,20.642857142857142,4.0
2023-05-28 00:00:00,49.117300000094986,-68.44110000036471,5.0,1,23.1,0.3,31.8,38.0,26.5,13.2,3.0
2022-06-20 00:00:00,48.65446491304894,-65.14440495100115,6.0,0,8.5,0.2,17.7,76.0,65.3,18.142857142857142,1.0
2020-09-04 00:00:00,56.544724460674665,-77.21454449093635,9.0,0,11.8,26.4,40.4,83.0,8.7,11.164285714285713,1.0
2024-08-26 00:00:00,50.71959315781189,-70.59414350275618,8.0,0,24.2,0.1,13.2,46.0,25.9,21.957142857142856,7.0
2018-08-20 00:00:00,50.08400000055506,-66.9921000001653,8.0,1,27.0,0.0,14.8,38.0,47.8,22.985714285714288,10.0
2021-06-18 00:00:00,52.65980000066277,-77.00909999953168,6.0,1,23.1,5.5,11.0,47.0,14.9,17.057142857142857,11.0
2021-08-17 00:00:00,48.840700000719686,-72.3110000000517,8.0,1,29.8,0.0,15.4,48.0,23.6,25.8,4.0
2020-07-12 00:00:00,51.93051252738091,-79.11873216874618,7.0,0,10.2,4.2,25.2,82.0,18.6,16.421428571428574,1.0
2018-09-26 00:00:00,50.0062548166541,-67.98279218144725,9.0,0,16.1,17.5,19.8,88.0,85.5,14.107142857142858,1.0
2021-09-02 00:00:00,54.98150902088808,-76.78913878483219,9.0,0,17.2,0.0,20.7,52.0,43.6,17.57142857142857,1.0
2018-08-22 00:00:00,50.25560000111224,-76.20919999962094,8.0,1,17.1,24.3,23.5,45.0,37.2,21.97857142857143,1.0
2022-06-08 00:00:00,54.4183955898208,-76.641553527523,6.0,0,14.1,6.4,27.2,82.0,9.3,16.07857142857143,1.0
2021-06-23 00:00:00,48.44463722122162,-71.71994594431352,6.0,0,17.6,0.3,16.6,41.0,64.0,20.892857142857142,1.0
2023-09-30 00:00:00,46.35420000042973,-73.65669999980508,9.0,1,21.8,0.0,12.1,53.0,17.6,18.892857142857142,11.0
2020-05-04 00:00:00,55.10490635465123,-77.48597136737531,5.0,0,-7.2,0.0,24.3,71.0,0.3,-4.757142857142858,14.0
2018-08-20 00:00:00,51.22790346347166,-77.85345047011063,8.0,0,18.2,10.2,18.6,76.0,21.9,21.9,1.0
2020-09-05 00:00:00,45.961655167219135,-73.14576672509648,9.0,0,19.6,0.0,19.2,48.0,81.9,21.82142857142857,3.0
2022-06-11 00:00:00,47.3113654096837,-72.78636176164594,6.0,0,20.6,0.7,12.9,45.0,78.1,18.707142857142856,1.0
2024-08-08 00:00:00,47.42192185537738,-78.16095015443209,8.0,0,23.0,0.0,18.1,48.0,11.7,25.435714285714287,4.0
2024-09-13 00:00:00,49.46890000000007,-68.26429999999993,9.0,1,20.7,0.0,15.0,44.0,21.2,17.614285714285717,5.0
2019-05-10 00:00:00,50.24487673485763,-77.55251845070445,5.0,0,3.7,2.3,18.6,79.0,46.7,4.342857142857143,1.0
2019-06-03 00:00:00,50.1465160737249,-78.13903156231092,6.0,0,10.5,2.8,34.2,50.0,29.3,12.2,1.0
2021-08-20 00:00:00,49.38563040001317,-65.26572971622392,8.0,0,20.2,1.3,26.0,76.0,12.9,19.55,6.0
2022-05-10 00:00:00,46.29429999999997,-74.75630000000001,5.0,1,22.5,0.0,14.7,23.0,14.2,13.257142857142858,6.0
2022-05-08 00:00:00,46.274500000000046,-71.94169999999997,5.0,1,16.6,0.0,12.1,20.0,21.3,13.764285714285714,4.0
2020-05-22 00:00:00,48.54980000128363,-77.51559999938205,5.0,1,21.2,0.0,13.8,27.0,8.8,10.264285714285716,7.0
2020-07-08 00:00:00,53.23610000051031,-77.29520000022067,7.0,1,25.2,0.2,18.1,38.0,51.4,23.207142857142856,1.0
2023-06-16 00:00:00,51.40352257686422,-61.668399360358194,6.0,0,12.4,5.2,14.0,84.0,35.0,15.5,1.0
2023-08-02 00:00:00,58.23146278121495,-58.89722858161923,8.0,0,10.5,4.8,21.0,93.0,51.7,10.714285714285714,1.0
2020-07-06 00:00:00,57.771215310008216,-72.05286966531989,7.0,0,21.7,0.0,26.0,35.0,16.0,19.02142857142857,2.0
2020-09-19 00:00:00,46.26280000089289,-73.92579999948622,9.0,1,9.9,0.0,13.1,39.0,34.5,15.707142857142856,3.0
2020-05-13 00:00:00,51.31587370119503,-63.01651535686532,5.0,0,-1.0,7.7,39.3,70.0,38.3,4.0,3.0
2020-09-30 00:00:00,47.91000000052391,-67.2384999996693,9.0,1,22.8,10.3,41.0,65.0,16.9,16.857142857142854,2.0
2023-06-15 00:00:00,47.61769999995511,-73.51639999956029,6.0,1,20.7,8.0,12.6,63.0,22.8,20.2,1.0
2018-07-31 00:00:00,51.55940000126368,-63.55889999968364,7.0,1,25.4,3.3,13.4,44.0,40.5,23.85,1.0
2021-07-27 00:00:00,47.613931852605006,-76.59728420751696,7.0,0,20.3,0.0,11.5,44.0,124.1,23.21428571428571,2.0
2018-07-20 00:00:00,55.70330201525395,-59.141897169983025,7.0,0,10.4,0.2,27.2,78.0,40.6,9.057142857142855,2.0
2019-08-17 00:00:00,50.55752029202688,-72.24141755481915,8.0,0,22.1,0.9,14.9,48.0,60.6,18.02857142857143,5.0
2024-05-22 00:00:00,47.58800000000008,-77.21309999999994,5.0,1,26.2,10.6,24.9,52.0,12.3,18.41428571428571,5.0
2024-07-13 00:00:00,49.73460000000006,-74.53819999999996,7.0,1,27.1,4.3,23.3,47.0,69.7,22.51428571428572,4.0
2020-05-27 00:00:00,48.09700000112159,-77.76410000026577,5.0,1,30.2,0.1,20.0,43.0,19.0,18.664285714285715,1.0
2019-07-01 00:00:00,50.71280000105363,-75.58579999958535,7.0,1,25.0,4.5,20.7,44.0,20.4,18.492857142857144,2.0
2019-06-01 00:00:00,46.983200000858496,-79.19179999942878,6.0,1,18.2,0.0,11.0,39.0,61.5,15.135714285714286,3.0
2019-08-24 00:00:00,54.4735824721541,-72.87959632784798,8.0,0,18.3,0.0,22.0,45.0,69.3,15.814285714285717,4.0
2024-05-14 00:00:00,58.54236136972678,-72.5574453149641,5.0,0,-1.8,0.5,46.9,93.0,14.8,1.1357142857142857,8.0
2018-06-28 00:00:00,52.61860000117365,-76.69530000024398,6.0,1,26.4,0.3,23.9,37.0,23.6,17.05,2.0
2023-07-13 00:00:00,45.9767933912001,-61.532823064013726,7.0,0,25.7,1.1,17.7,67.0,91.7,22.61428571428572,1.0
2022-08-18 00:00:00,52.030496060409,-59.95042931872528,8.0,0,22.0,1.9,14.1,42.0,27.5,20.878571428571423,3.0
2018-07-04 00:00:00,46.49110000050615,-73.6506000004009,7.0,1,31.1,0.0,13.7,35.0,28.7,22.83571428571428,2.0
2019-07-07 00:00:00,46.78586775253526,-66.22059004618299,7.0,0,23.7,0.0,15.4,38.0,44.3,22.464285714285715,1.0
2023-08-18 00:00:00,46.28810000001505,-76.21419999973017,8.0,1,20.5,10.4,17.3,62.0,70.1,22.700000000000006,1.0
2019-07-28 00:00:00,48.73060000071431,-64.91259999992923,7.0,1,28.2,0.0,18.1,40.0,49.1,23.057142857142857,7.0
2023-05-11 00:00:00,46.41689999963535,-75.03649999987505,5.0,1,23.0,0.0,13.1,28.0,50.8,13.835714285714284,8.0
2023-08-22 00:00:00,53.643444022403855,-61.78532146075334,8.0,0,13.3,0.9,24.1,60.0,16.6,16.992857142857144,1.0
2021-08-12 00:00:00,58.40645580293719,-59.10647775662528,8.0,0,11.3,0.6,42.5,79.0,52.3,9.15,2.0
2022-05-26 00:00:00,54.3770197488152,-65.0843676450892,5.0,0,5.6,0.0,21.0,46.0,38.6,4.507142857142857,1.0
2020-07-05 00:00:00,49.79490000105049,-69.85139999956174,7.0,1,18.8,5.2,14.8,54.0,52.8,23.728571428571428,3.0
2022-05-15 00:00:00,47.171200000000056,-76.86109999999996,5.0,1,25.9,5.3,13.0,40.0,5.9,18.257142857142856,11.0
2022-08-22 00:00:00,50.23000000000008,-66.34809999999993,8.0,1,21.1,4.4,16.9,81.0,26.5,20.65714285714285,3.0
2019-07-08 00:00:00,49.45293185539782,-77.68742841665069,7.0,0,26.1,0.0,16.3,27.0,34.7,24.27142857142857,3.0
2023-05-28 00:00:00,58.51021332933487,-75.95888989488941,5.0,0,8.6,0.0,18.2,52.0,17.8,2.685714285714286,6.0
2023-06-05 00:00:00,50.90550000002503,-72.50399999990003,6.0,1,19.8,1.5,24.0,41.0,18.6,17.37857142857143,12.0
2022-09-02 00:00:00,48.00440000000003,-68.40039999999993,9.0,1,18.1,0.0,16.3,48.0,48.0,22.028571428571432,1.0
2023-06-01 00:00:00,48.77210000001503,-70.50150000012485,6.0,1,26.9,1.1,15.5,33.0,38.4,15.242857142857142,8.0
2022-07-24 00:00:00,48.9185,-70.37,7.0,1,25.6,3.4,16.7,48.0,54.6,21.057142857142853,1.0
2023-08-02 00:00:00,57.76989864571378,-60.407721252299694,8.0,0,6.9,1.6,15.6,98.0,56.5,7.964285714285714,4.0
2020-06-10 00:00:00,58.520281681838846,-61.71044800250243,6.0,0,1.3,0.0,41.8,73.0,43.2,0.6857142857142858,4.0
2018-08-08 00:00:00,47.83325721580085,-72.30597207280071,8.0,0,23.7,1.8,12.3,62.0,124.1,23.47142857142857,1.0
2018-06-02 00:00:00,46.80443796091377,-78.12259699027845,6.0,0,19.4,0.0,19.0,29.0,27.1,21.37857142857143,2.0
2021-09-08 00:00:00,56.28822993580289,-78.8087935676053,9.0,0,11.7,0.0,30.9,87.0,6.1000000000000005,11.164285714285716,4.0
2022-05-17 00:00:00,57.611840493665404,-78.65590152234245,5.0,0,-0.8,1.2,48.9,81.0,28.9,0.8571428571428571,2.0
2023-06-18 00:00:00,50.23260000018991,-78.39369999965521,6.0,1,21.3,2.7,13.6,57.0,7.2,20.25,3.0
2019-09-22 00:00:00,57.13607827838157,-59.568279909648126,9.0,0,5.7,11.7,40.1,83.0,15.2,5.921428571428571,2.0
2023-05-17 00:00:00,54.936352108932375,-67.59955855355531,5.0,0,-1.1,0.5,23.8,59.0,12.0,6.021428571428571,2.0
2020-05-13 00:00:00,46.96080000077686,-71.35369999934426,5.0,1,10.2,0.0,21.5,24.0,47.1,10.021428571428572,1.0
2024-05-18 00:00:00,47.02810000000005,-78.90069999999997,5.0,1,24.9,0.2,11.4,38.0,19.8,17.742857142857144,5.0
2019-07-13 00:00:00,54.12608960878131,-68.42580947576407,7.0,0,18.6,2.7,17.4,69.0,67.9,16.421428571428574,1.0
2020-05-21 00:00:00,45.95000000126527,-75.04839999946901,5.0,1,23.3,0.0,13.9,25.0,13.5,12.178571428571429,6.0
2019-08-27 00:00:00,55.97985649263573,-57.55135483133462,8.0,0,10.0,0.0,27.5,81.0,29.3,8.685714285714285,4.0
2021-06-24 00:00:00,46.791700001158425,-72.62000000018992,6.0,1,22.7,0.0,24.7,40.0,61.3,20.228571428571428,3.0
2021-06-05 00:00:00,53.33348733183213,-63.089864370890744,6.0,0,9.1,11.1,15.7,61.0,30.8,10.242857142857144,1.0
2019-08-28 00:00:00,46.29470000097076,-74.29669999953313,8.0,1,18.2,15.1,15.3,85.0,27.5,21.607142857142858,6.0
2022-09-07 00:00:00,56.80424788559925,-73.99900831861575,9.0,0,17.5,1.1,29.5,73.0,86.5,13.378571428571428,2.0
2021-08-23 00:00:00,48.84236011939404,-65.86537969958493,8.0,0,24.4,0.1,12.3,54.0,17.2,24.01428571428571,9.0
2018-05-18 00:00:00,46.00740000107417,-74.35229999945697,5.0,1,14.5,0.0,11.6,28.0,18.4,15.792857142857146,8.0
2024-06-05 00:00:00,49.862100000000055,-71.58149999999995,6.0,1,27.5,0.6,10.5,39.0,57.6,19.407142857142865,8.0
2023-06-14 00:00:00,53.38389999988516,-76.11249999977514,6.0,1,23.7,0.3,21.9,47.0,3.7,20.24285714285715,4.0
2023-05-11 00:00:00,48.77090000043472,-71.47239999976011,5.0,1,19.7,0.0,13.0,37.0,12.0,12.921428571428573,10.0
2022-05-07 00:00:00,45.90050000000002,-74.03129999999999,5.0,1,12.5,0.0,16.1,27.0,21.5,13.342857142857143,3.0
2024-06-17 00:00:00,52.018776253022025,-63.6866237307578,6.0,0,19.2,1.4,14.5,55.0,7.2,20.91428571428571,3.0
2018-08-25 00:00:00,55.336220053365096,-76.17725592649998,8.0,0,8.6,0.7,35.1,73.0,42.3,13.935714285714289,2.0
2022-05-21 00:00:00,52.4288143325549,-63.18879576372876,5.0,0,10.5,5.3,29.9,67.0,27.4,7.092857142857143,2.0
2021-05-21 00:00:00,45.80575103803275,-73.22737027753678,5.0,0,30.6,0.7,16.0,38.0,6.8,20.0,5.0
2023-06-28 00:00:00,57.45421223151891,-68.28827874322913,6.0,0,22.2,0.0,24.8,29.0,16.6,17.9,4.0
2020-07-02 00:00:00,48.68450000131215,-77.90259999968382,7.0,1,25.3,6.6,12.1,64.0,120.9,25.91428571428571,5.0
2024-07-08 00:00:00,52.98560000000004,-69.25809999999996,7.0,1,23.8,9.0,34.4,51.0,59.2,16.885714285714286,1.0
2022-07-21 00:00:00,46.49000000000007,-72.83209999999997,7.0,1,27.5,13.3,21.3,66.0,29.6,25.664285714285715,3.0
2024-07-08 00:00:00,50.94920000000008,-63.50189999999997,7.0,1,28.5,0.1,17.8,32.0,49.5,20.37857142857143,3.0
2023-07-01 00:00:00,48.9026251811338,-64.76429075090101,7.0,0,24.0,1.0,18.1,60.0,55.5,20.735714285714288,1.0
2019-08-15 00:00:00,57.82386271448035,-75.54803947132218,8.0,0,13.3,3.6,14.7,73.0,58.0,15.192857142857148,1.0
2019-05-27 00:00:00,46.52660000129531,-72.76470000008374,5.0,1,14.7,0.0,19.0,32.0,73.9,15.864285714285716,1.0
2020-07-07 00:00:00,51.545613384289496,-76.33974098129156,7.0,0,24.9,7.7,20.8,45.0,43.4,23.90714285714285,5.0
2019-09-06 00:00:00,48.92880000088452,-78.8635000001429,9.0,1,11.2,8.0,9.8,81.0,42.1,18.464285714285715,2.0
2019-07-16 00:00:00,51.4186024058045,-70.5274324004239,7.0,0,21.0,5.4,30.1,57.0,74.4,18.02142857142857,1.0
2022-08-25 00:00:00,47.75610955796937,-72.31340609118608,8.0,0,17.2,0.0,11.3,50.0,32.4,22.45,1.0
2023-06-23 00:00:00,52.34265679707558,-70.78635203714875,6.0,0,26.5,0.3,24.9,41.0,42.7,18.9,7.0
2023-06-06 00:00:00,48.59639999956039,-78.98699999975014,6.0,1,19.1,0.0,24.8,22.0,17.9,23.86428571428572,14.0
2022-06-03 00:00:00,47.64888061138395,-73.56754654250828,6.0,0,17.8,8.7,12.0,52.0,92.1,17.81428571428572,2.0
2020-07-03 00:00:00,58.17309379992797,-61.27351028161196,7.0,0,2.6,0.0,25.3,93.0,14.6,2.321428571428572,3.0
2021-05-28 00:00:00,45.21300000132792,-73.93059999952698,5.0,1,12.6,0.0,15.3,28.0,4.4,24.414285714285715,2.0
2019-05-23 00:00:00,48.19250000052976,-78.81920000039018,5.0,1,14.6,5.4,13.8,69.0,69.2,11.992857142857144,3.0
2023-06-01 00:00:00,48.60829999974527,-76.63580000036967,6.0,1,30.2,1.6,17.5,30.0,33.4,17.94285714285714,9.0
2019-07-13 00:00:00,53.097877133552295,-62.58363357927216,7.0,0,16.0,9.6,19.1,73.0,27.9,18.128571428571423,4.0
2018-08-26 00:00:00,48.1169572317735,-68.27152507321188,8.0,0,24.9,0.7,14.5,52.0,19.0,23.7,4.0
2024-07-28 00:00:00,58.245673876498344,-57.99473565427604,7.0,0,8.5,1.9,28.2,82.0,35.800000000000004,8.021428571428572,3.0
2023-06-01 00:00:00,48.29309999996508,-69.81189999998497,6.0,1,33.2,0.4,16.0,26.0,29.2,19.2,7.0
2018-05-10 00:00:00,47.68280000077314,-68.69339999992364,5.0,1,20.5,0.2,25.3,32.0,84.6,12.985714285714284,5.0
2020-06-17 00:00:00,45.466600000747405,-74.06749999969442,6.0,1,29.4,0.0,10.2,29.0,34.2,21.957142857142856,6.0
2023-06-14 00:00:00,54.0568999998352,-74.63780000036968,6.0,1,23.1,1.1,19.6,40.0,0.6,20.02857142857143,14.0
2020-07-06 00:00:00,46.08860000087084,-75.96949999956107,7.0,1,28.6,0.0,12.2,33.0,23.2,26.13571428571429,4.0
2019-07-25 00:00:00,52.90744729480341,-75.46792725359589,7.0,0,19.9,0.0,16.7,46.0,60.6,18.135714285714283,1.0
2020-08-01 00:00:00,47.420039784934374,-63.08299908173433,8.0,0,19.4,1.5,29.0,79.0,11.7,20.6,2.0
2019-08-01 00:00:00,45.86810000069129,-76.51789999938586,8.0,1,24.6,0.0,11.3,39.0,21.0,26.31428571428572,2.0
2020-09-23 00:00:00,45.13940000113716,-72.60420000000283,9.0,1,18.3,1.6,18.0,68.0,12.2,16.285714285714285,6.0
2023-05-21 00:00:00,48.64499999965034,-79.11209999961522,5.0,1,9.0,0.0,21.3,39.0,15.3,14.828571428571433,2.0
2019-07-27 00:00:00,50.82100000125967,-66.37809999935735,7.0,1,27.7,0.0,16.3,43.0,49.6,21.06428571428572,4.0
2022-05-14 00:00:00,46.95819999999998,-72.90480000000002,5.0,1,31.2,0.5,13.6,30.0,6.2,19.37142857142857,10.0
2022-05-06 00:00:00,49.40899757824783,-78.11175116762024,5.0,0,8.8,0.0,11.0,30.0,16.9,8.27142857142857,3.0
2023-06-01 00:00:00,48.04949999972524,-72.01660000008991,6.0,1,28.5,1.4,13.0,37.0,52.8,18.457142857142856,8.0
2021-05-16 00:00:00,45.73010000071439,-75.77250000039434,5.0,1,20.8,0.4,11.9,37.0,32.6,13.292857142857144,5.0
2020-09-10 00:00:00,49.85785949180766,-61.81754721300035,9.0,0,10.6,8.3,24.6,81.0,51.6,14.457142857142856,2.0
2023-06-01 00:00:00,48.70079999992009,-74.14010000041463,6.0,1,29.4,4.6,13.2,32.0,38.7,16.485714285714284,8.0
2018-05-30 00:00:00,46.49960000102035,-71.65980000034065,5.0,1,27.2,0.0,11.1,25.0,24.7,20.15714285714285,2.0
2021-09-09 00:00:00,56.84295069989841,-71.7564470674579,9.0,0,15.0,6.5,18.1,80.0,26.5,14.14285714285714,1.0
2018-07-19 00:00:00,47.49290000090485,-72.17049999961958,7.0,1,24.5,0.0,18.2,39.0,55.8,23.79285714285714,2.0
2023-05-10 00:00:00,55.49316440354245,-76.32110417192595,5.0,0,2.6,0.0,17.2,82.0,7.399999999999999,6.385714285714286,9.0
2018-07-05 00:00:00,48.910100000953335,-76.3141999998415,7.0,1,30.4,12.5,29.3,46.0,22.7,24.485714285714284,4.0
2024-06-03 00:00:00,50.28130000000005,-70.30249999999995,6.0,1,24.8,0.0,14.2,29.0,37.8,16.65,4.0
2020-06-22 00:00:00,48.09460000070644,-72.775500000325,6.0,1,29.7,2.1,16.2,44.0,7.6,23.94285714285714,11.0
2023-06-01 00:00:00,49.00349999972525,-79.43319999988006,6.0,1,31.2,4.9,14.1,27.0,16.3,18.985714285714288,9.0
2021-08-04 00:00:00,47.58768344561168,-76.47002700126542,8.0,0,23.9,0.0,12.6,49.0,47.4,20.35,1.0
2018-07-21 00:00:00,49.331663968238296,-75.48844761835848,7.0,0,28.3,0.0,11.8,39.0,25.9,23.528571428571432,4.0
2023-09-03 00:00:00,50.57680000002006,-79.3955999998401,9.0,1,30.7,0.3,20.7,54.0,35.0,20.37142857142857,1.0
2021-07-25 00:00:00,51.72328657154884,-67.33054168269214,7.0,0,20.2,2.1,37.8,48.0,59.4,16.935714285714287,5.0
2020-06-02 00:00:00,49.38262317078645,-67.9965361000522,6.0,0,14.9,0.0,18.8,27.0,24.5,17.8,2.0
2021-08-23 00:00:00,46.212602625142814,-66.0006469517909,8.0,0,25.8,3.0,12.1,71.0,4.8,27.05,9.0
2018-08-07 00:00:00,55.2651216467319,-67.22315359993604,8.0,0,13.9,0.0,13.6,58.0,90.4,19.014285714285712,1.0
2024-09-27 00:00:00,51.088851485547565,-68.90149109538166,9.0,0,12.8,6.0,12.9,71.0,32.1,18.15714285714285,1.0
2020-08-09 00:00:00,54.37521572054332,-78.75941817212008,8.0,0,26.0,0.1,22.0,57.0,100.8,21.328571428571426,1.0
2021-09-19 00:00:00,53.59796787196183,-65.8009949984822,9.0,0,7.1,0.0,30.9,54.0,38.2,13.307142857142855,1.0
2024-08-06 00:00:00,51.76480000000004,-73.85239999999999,8.0,1,13.5,1.5,26.7,60.0,13.4,24.092857142857145,1.0
2019-09-19 00:00:00,46.85848995755008,-60.82007408394182,9.0,0,13.3,0.0,9.8,57.0,112.5,15.55714285714286,1.0
2018-05-24 00:00:00,53.955204417723806,-73.95760520171896,5.0,0,5.5,2.0,17.2,64.0,52.8,-0.8214285714285714,3.0
2024-08-14 00:00:00,50.46439888949515,-61.071367307282195,8.0,0,21.1,0.0,14.0,49.0,58.2,23.39285714285714,1.0
2018-06-28 00:00:00,49.678900000983205,-74.32270000000648,6.0,1,26.8,0.0,16.8,35.0,26.4,20.128571428571423,4.0
2022-06-21 00:00:00,54.32947786293797,-57.606111506433464,6.0,0,3.6,0.0,20.9,88.0,30.8,7.578571428571429,1.0
2018-06-11 00:00:00,46.07080000131314,-74.23339999999362,6.0,1,19.8,0.0,12.4,31.0,40.4,19.292857142857144,4.0
2023-06-01 00:00:00,48.65490000023488,-72.86719999997996,6.0,1,28.9,4.9,14.6,36.0,40.6,17.264285714285716,8.0
2020-05-10 00:00:00,45.60220000122057,-75.64349999957243,5.0,1,8.5,0.0,22.3,40.0,51.4,12.335714285714287,2.0
2019-06-26 00:00:00,48.64884352362338,-61.62061548534083,6.0,0,10.3,0.0,27.4,79.0,74.2,10.285714285714286,3.0
2018-06-05 00:00:00,54.319517988822945,-79.0886508397259,6.0,0,17.2,0.0,21.5,34.0,38.0,6.542857142857143,5.0
2023-07-01 00:00:00,53.892499999775225,-74.003499999925,7.0,1,25.1,0.9,19.8,45.0,29.1,23.185714285714283,4.0
2019-09-22 00:00:00,48.39346465906377,-58.199027263538085,9.0,0,15.9,0.0,22.1,47.0,49.0,12.999999999999998,5.0
2021-08-20 00:00:00,46.707500001027086,-75.2155000001523,8.0,1,29.6,0.0,7.0,56.0,41.1,25.06428571428571,7.0
2022-08-11 00:00:00,48.13883190392716,-69.45818837919151,8.0,0,13.0,1.5,35.7,78.0,39.3,14.292857142857146,2.0
2020-06-17 00:00:00,47.104800001260166,-76.21399999982062,6.0,1,27.6,0.0,12.5,42.0,24.3,18.007142857142853,5.0
2023-07-04 00:00:00,52.07041430363628,-79.30913318433299,7.0,0,31.1,0.0,16.4,42.0,3.3000000000000003,21.085714285714285,11.0
2020-05-20 00:00:00,46.64470000088048,-71.45510000027802,5.0,1,22.1,0.0,11.6,23.0,20.7,12.29285714285714,4.0
2022-05-02 00:00:00,45.88620000000003,-73.79669999999999,5.0,1,17.1,1.3,16.9,47.0,50.3,11.528571428571428,5.0
2020-08-25 00:00:00,58.04788695054208,-71.30991166113087,8.0,0,8.7,3.4,20.8,81.0,42.8,16.72142857142857,2.0
2019-06-06 00:00:00,56.06797534283581,-74.8327126936789,6.0,0,2.9,5.4,22.1,77.0,54.2,6.142857142857143,1.0
2021-05-20 00:00:00,45.64610000127144,-76.04119999992305,5.0,1,24.7,0.2,8.4,46.0,26.1,17.064285714285713,9.0
2021-07-19 00:00:00,52.94249195957274,-63.25701746673074,7.0,0,17.7,20.4,12.8,66.0,53.0,18.957142857142856,2.0
2018-05-19 00:00:00,46.7910000011033,-70.74690000024393,5.0,1,20.6,5.8,19.4,32.0,18.0,16.064285714285713,2.0
2019-08-12 00:00:00,58.022794017877345,-66.27147577480343,8.0,0,12.3,9.9,19.3,82.0,22.2,15.499999999999998,2.0
2020-05-09 00:00:00,56.95813611500648,-75.66890180825308,5.0,0,1.0,5.6,38.3,94.0,14.0,-1.9928571428571429,1.0
2019-05-27 00:00:00,54.501268031863475,-79.09016943779575,5.0,0,8.0,0.4,33.5,55.0,33.8,5.564285714285715,1.0
2022-07-06 00:00:00,45.19290980393087,-78.8899063475349,7.0,0,20.7,0.4,15.3,56.0,28.1,23.685714285714287,1.0
2024-06-25 00:00:00,50.487974342978845,-61.73336062611092,6.0,0,26.2,0.0,17.0,35.0,8.6,22.978571428571428,11.0
2019-09-04 00:00:00,53.77770228738532,-59.44488763080166,9.0,0,13.8,3.3,18.9,59.0,53.8,17.900000000000002,1.0
2020-08-01 00:00:00,52.70946721359617,-57.26398833648349,8.0,0,18.4,0.0,9.9,64.0,27.700000000000003,20.142857142857142,2.0
2024-07-14 00:00:00,50.29980000000006,-66.38729999999998,7.0,1,24.2,0.0,11.9,56.0,36.4,23.692857142857143,5.0
2022-07-24 00:00:00,50.391794519258674,-73.18184216023269,7.0,0,23.5,17.3,19.1,58.0,79.2,21.54285714285714,1.0
2023-06-28 00:00:00,52.02884250053651,-60.68320774037507,6.0,0,18.8,2.8,24.1,82.0,20.3,19.807142857142853,4.0
2019-06-23 00:00:00,52.00003040575655,-59.27434374102866,6.0,0,5.7,19.8,28.5,86.0,88.2,13.535714285714285,1.0
2021-09-18 00:00:00,55.797537206199195,-65.8984942003396,9.0,0,10.4,6.9,24.0,66.0,52.3,11.971428571428572,1.0
2018-06-04 00:00:00,51.015916164730335,-67.0525019787567,6.0,0,8.1,0.0,10.1,45.0,18.4,6.657142857142858,3.0
2024-06-19 00:00:00,51.83250000000004,-64.21499999999997,6.0,1,31.3,7.3,25.0,44.0,5.9,20.57142857142857,5.0
2020-07-07 00:00:00,48.90760000080454,-71.51789999946546,7.0,1,23.4,9.7,17.1,47.0,45.1,24.42142857142857,8.0
2018-05-10 00:00:00,47.24680000076061,-70.22350000046454,5.0,1,23.1,2.4,30.1,35.0,104.8,11.814285714285717,5.0
2018-07-01 00:00:00,48.37140000117659,-70.26469999936239,7.0,1,23.6,0.0,15.6,54.0,30.2,21.15,6.0
2023-07-02 00:00:00,54.82759999964031,-70.5065999996902,7.0,1,21.4,7.0,15.1,62.0,38.6,20.37857142857143,1.0
2020-05-04 00:00:00,55.63286280978368,-76.96235011562963,5.0,0,-8.0,0.0,22.0,75.0,1.8,-4.5285714285714285,14.0
2019-05-09 00:00:00,47.52330000051418,-72.81460000009787,5.0,1,12.9,3.3,22.7,31.0,25.8,10.271428571428572,2.0
2022-06-11 00:00:00,53.725219130229554,-69.49392736166232,6.0,0,9.4,4.2,22.5,81.0,42.5,11.742857142857142,1.0
2019-05-12 00:00:00,49.7957252488568,-65.49171367890008,5.0,0,4.4,0.5,35.9,76.0,19.8,4.142857142857143,1.0
2018-06-21 00:00:00,45.90651577709336,-57.45086506924574,6.0,0,8.9,0.0,38.3,79.0,52.6,7.9642857142857135,2.0
2023-07-05 00:00:00,52.76200000019992,-78.44299999965023,7.0,1,26.3,2.2,14.1,55.0,16.2,25.62142857142857,4.0
2022-05-01 00:00:00,46.388000000000034,-72.68700000000001,5.0,1,17.7,0.0,20.2,37.0,37.9,10.8,4.0
2020-06-28 00:00:00,46.70099684515355,-61.38339502565313,6.0,0,19.7,1.3,26.9,72.0,2.5,15.635714285714286,7.0
2019-05-01 00:00:00,49.514567005669925,-74.95236502689687,5.0,0,2.1,0.0,12.3,37.0,73.4,4.714285714285714,4.0
2023-06-01 00:00:00,49.73890000033481,-68.63529999959525,6.0,1,29.1,0.8,17.0,34.0,36.7,17.064285714285717,8.0
2022-07-01 00:00:00,55.38910791496728,-67.7278774230508,7.0,0,14.4,6.0,28.9,68.0,75.1,13.264285714285716,2.0
2023-05-20 00:00:00,50.09184046935051,-72.34463409142842,5.0,0,15.9,0.8,16.4,51.0,17.400000000000002,9.457142857142856,1.0
2024-08-17 00:00:00,55.97858663265554,-64.74801840216001,8.0,0,16.6,3.7,24.2,80.0,18.3,17.857142857142858,1.0
2022-09-24 00:00:00,47.657899999999984,-70.14819999999997,9.0,1,16.3,0.0,32.4,50.0,20.8,16.935714285714287,2.0
2019-05-19 00:00:00,54.87849493019075,-73.05307631769128,5.0,0,5.0,0.0,20.3,78.0,20.0,2.9,8.0
2023-06-02 00:00:00,50.14120000037974,-67.09350000042463,6.0,1,15.4,2.9,15.3,57.0,33.6,17.97142857142857,1.0
2019-05-17 00:00:00,57.69587618890163,-64.23203417979575,5.0,0,4.7,0.0,17.6,74.0,3.3,0.6642857142857144,3.0
2022-05-08 00:00:00,48.01279999999997,-66.74389999999994,5.0,1,15.9,0.0,14.3,26.0,26.2,9.55,4.0
2018-07-14 00:00:00,49.270000000855525,-75.4610000004001,7.0,1,25.1,9.7,16.7,67.0,29.3,24.800000000000004,1.0
2024-07-08 00:00:00,50.87850000000003,-60.92669999999999,7.0,1,29.8,0.1,15.5,35.0,48.2,22.28571428571429,3.0
2024-07-09 00:00:00,52.33690000000007,-62.13139999999998,7.0,1,27.7,16.9,17.3,39.0,46.9,20.38571428571429,5.0
2020-07-19 00:00:00,55.65450008910539,-77.7920531018196,7.0,0,11.2,0.0,36.7,84.0,34.1,14.44285714285714,2.0
2024-08-07 00:00:00,55.192284705383784,-68.0720520863055,8.0,0,9.7,2.9,21.4,72.0,40.2,18.907142857142865,1.0
2018-05-08 00:00:00,46.33090000112743,-73.28480000058903,5.0,1,20.7,0.0,15.7,30.0,77.8,13.314285714285717,4.0
2020-07-10 00:00:00,47.63680000066434,-74.34760000036849,7.0,1,31.1,0.4,14.3,43.0,26.2,24.357142857142858,2.0
2024-07-08 00:00:00,50.67500000000007,-74.21419999999996,7.0,1,26.2,4.0,21.4,48.0,48.9,20.321428571428573,4.0
2020-05-12 00:00:00,45.81580000111978,-73.98469999942901,5.0,1,8.2,0.0,18.3,24.0,35.8,12.385714285714284,5.0
2020-08-10 00:00:00,51.87890000107184,-59.28790000006991,8.0,1,24.0,1.0,11.9,52.0,50.3,22.478571428571428,1.0
2024-06-16 00:00:00,46.19720000000006,-73.61049999999993,6.0,1,20.8,0.0,11.0,40.0,58.4,22.11428571428572,2.0
2020-06-20 00:00:00,50.76920000062282,-76.27149999934443,6.0,1,25.8,6.5,10.0,68.0,8.1,19.14285714285714,8.0
2018-07-01 00:00:00,45.78831916088104,-73.87678835763676,7.0,0,31.5,0.1,10.1,59.0,33.0,24.35714285714286,1.0
2018-05-24 00:00:00,45.562544638226974,-64.68003743395381,5.0,0,11.9,0.0,22.7,40.0,26.6,13.835714285714287,1.0
2023-06-01 00:00:00,47.91450000017494,-75.7324000000599,6.0,1,31.0,0.4,12.9,29.0,42.0,18.235714285714288,8.0
2021-07-12 00:00:00,45.87790000125148,-70.52140000021899,7.0,1,23.8,0.1,14.5,52.0,56.4,21.1,3.0
2022-07-21 00:00:00,50.97860117900336,-58.56038047485154,7.0,0,19.1,0.0,25.1,59.0,71.3,13.935714285714283,1.0
2024-08-10 00:00:00,50.92007792423899,-62.128365481728736,8.0,0,19.0,26.4,21.9,65.0,17.1,24.914285714285715,3.0
2019-05-28 00:00:00,48.77850000082963,-78.93170000041101,5.0,1,17.8,0.0,15.6,30.0,41.1,13.47857142857143,3.0
2023-06-26 00:00:00,53.39118312160292,-59.743059441910745,6.0,0,23.6,0.0,21.3,33.0,16.3,17.014285714285712,1.0
2022-05-12 00:00:00,45.5313000000001,-72.11829999999992,5.0,1,29.6,0.0,14.7,18.0,11.2,15.814285714285717,8.0
2023-06-01 00:00:00,46.5993999998102,-74.84079999982009,6.0,1,32.1,0.3,14.5,29.0,40.7,19.985714285714288,8.0
2020-07-06 00:00:00,46.06110000055507,-73.72610000033818,7.0,1,27.9,0.0,8.2,30.0,20.2,26.65,7.0
2022-05-08 00:00:00,46.29180000000008,-74.76189999999997,5.0,1,17.4,0.0,12.8,23.0,40.6,12.292857142857144,4.0
2023-06-14 00:00:00,48.70405182458577,-75.37535909893103,6.0,0,23.4,0.0,10.1,32.0,10.8,22.07142857142857,1.0
2022-09-16 00:00:00,47.0962190572414,-77.19726172500839,9.0,0,14.5,0.6,11.4,48.0,37.8,21.62857142857143,3.0
2019-08-05 00:00:00,45.7528448761576,-63.7297803408098,8.0,0,23.1,0.2,16.2,46.0,25.1,25.885714285714283,4.0
2022-07-25 00:00:00,50.61091203625893,-58.02959202582763,7.0,0,18.0,6.7,37.2,89.0,79.1,15.45,3.0
2020-06-20 00:00:00,49.32060000070347,-72.28629999939241,6.0,1,31.6,6.2,12.1,36.0,13.4,22.40000000000001,9.0
2023-06-24 00:00:00,52.736300000344784,-67.41870000000495,6.0,1,20.3,0.7,22.9,40.0,15.6,19.12142857142857,8.0
2023-07-02 00:00:00,56.2760000002998,-68.86220000042965,7.0,1,24.6,4.6,10.0,54.0,17.9,21.74285714285714,5.0
2024-06-25 00:00:00,51.932932936254666,-67.49738931754513,6.0,0,25.1,0.0,28.6,27.0,17.7,19.90714285714285,5.0
2018-07-05 00:00:00,52.62470000085233,-75.55670000057493,7.0,1,28.5,26.8,28.6,54.0,22.1,18.507142857142856,2.0
2018-08-13 00:00:00,56.22877044491092,-74.17532660944448,8.0,0,9.8,0.2,31.8,66.0,32.7,15.107142857142858,1.0
2018-05-14 00:00:00,47.37240000092085,-72.7964000003934,5.0,1,22.8,0.0,20.3,28.0,40.5,16.34285714285714,4.0
2020-09-21 00:00:00,55.29999411017296,-60.63627042611503,9.0,0,14.4,0.1,34.1,58.0,40.7,11.407142857142858,3.0
2020-07-20 00:00:00,55.97009835471213,-66.29054914441792,7.0,0,21.2,18.3,23.6,65.0,52.5,20.82857142857143,1.0
2024-07-28 00:00:00,51.83760000000007,-65.02529999999996,7.0,1,26.6,3.1,21.4,50.0,99.6,19.178571428571427,2.0
2021-05-13 00:00:00,46.07120000112669,-73.9099999999945,5.0,1,18.9,1.6,15.1,31.0,44.9,12.478571428571428,2.0
2023-06-01 00:00:00,49.33040000035976,-67.88959999974014,6.0,1,31.2,0.5,16.8,29.0,30.4,15.714285714285714,7.0
2021-06-07 00:00:00,57.9760128971172,-57.330065232747174,6.0,0,4.0,0.8,44.8,71.0,24.8,4.707142857142857,3.0
2024-06-07 00:00:00,58.35838820559616,-77.41815269077142,6.0,0,17.8,0.0,37.1,66.0,15.2,11.6,3.0
2023-07-06 00:00:00,45.04945957644933,-63.02466257468032,7.0,0,26.8,0.8,11.5,57.0,101.0,22.457142857142856,1.0
2021-05-19 00:00:00,49.23610000075981,-74.81940000029192,5.0,1,26.4,0.1,14.8,30.0,22.0,13.01428571428571,2.0
2021-06-18 00:00:00,50.62730000065016,-74.75769999964126,6.0,1,25.2,9.7,20.6,43.0,23.3,18.02142857142857,2.0
2019-06-01 00:00:00,58.19739109602352,-66.92044340441227,6.0,0,8.3,0.2,34.3,52.0,11.4,10.378571428571428,4.0
2022-06-02 00:00:00,49.54300000000012,-71.3646,6.0,1,19.5,0.0,14.9,25.0,57.8,14.75,5.0
2018-05-22 00:00:00,48.48970000105708,-71.10549999985143,5.0,1,22.6,2.1,23.9,42.0,35.2,13.914285714285713,2.0
2021-09-26 00:00:00,53.990370455586984,-69.70600465045659,9.0,0,13.6,8.5,25.0,71.0,77.5,11.935714285714283,2.0
2020-05-13 00:00:00,48.91070000051297,-72.15709999966204,5.0,1,7.7,0.0,23.2,28.0,42.2,7.328571428571428,5.0
2023-07-02 00:00:00,53.44309999956539,-72.71679999982007,7.0,1,22.1,4.2,7.9,63.0,58.8,22.40714285714285,1.0
2019-09-02 00:00:00,53.21242271038312,-66.79916081640172,9.0,0,11.7,13.0,39.9,61.0,72.2,17.121428571428574,2.0
2022-09-03 00:00:00,57.26271753358238,-59.323280519117056,9.0,0,10.3,0.0,41.0,76.0,21.9,9.221428571428572,3.0
2022-05-12 00:00:00,46.1520000000001,-74.73699999999997,5.0,1,28.2,0.0,12.4,23.0,5.0,15.678571428571429,8.0
2018-05-24 00:00:00,58.33343372263147,-69.88849886044599,5.0,0,-2.3,0.0,17.0,53.0,19.8,-4.75,2.0
2022-08-15 00:00:00,49.94540000000006,-69.7151,8.0,1,22.9,3.2,17.1,45.0,37.3,21.36428571428571,4.0
2020-07-26 00:00:00,48.384365473069984,-61.11334431124037,7.0,0,18.7,4.7,34.6,88.0,21.7,17.064285714285713,8.0
2020-07-07 00:00:00,45.85530000058608,-74.77250000019565,7.0,1,31.3,0.3,12.7,39.0,29.4,25.52857142857143,5.0
2021-05-26 00:00:00,45.14170000138298,-73.48929999957181,5.0,1,30.1,1.7,34.7,39.0,5.4,23.52857142857143,1.0
2020-05-05 00:00:00,46.139460602772,-65.34942580192697,5.0,0,3.7,7.1,28.2,86.0,32.4,11.164285714285716,1.0
2021-05-27 00:00:00,50.46725489725672,-64.2677300546441,5.0,0,10.8,0.0,21.5,34.0,60.1,12.47142857142857,1.0
2023-06-01 00:00:00,47.08350000032482,-72.65189999988507,6.0,1,30.6,1.8,13.5,34.0,33.1,19.77142857142857,8.0
2018-05-13 00:00:00,45.65940000096563,-75.03359999984879,5.0,1,19.7,0.0,12.5,27.0,31.0,17.214285714285715,3.0
2024-08-02 00:00:00,51.95440000000008,-78.29429999999996,8.0,1,28.3,0.5,17.5,51.0,50.8,21.807142857142857,1.0
2023-09-21 00:00:00,53.308750622730976,-70.94106162508298,9.0,0,12.5,0.0,10.3,62.0,39.6,14.078571428571427,1.0
2021-06-10 00:00:00,46.00340000075013,-75.79660000046997,6.0,1,21.2,0.0,10.7,30.0,9.7,22.55,5.0
2023-08-07 00:00:00,54.425433245008186,-72.94980354525882,8.0,0,21.1,4.1,17.6,61.0,64.6,16.29285714285714,1.0
2022-09-10 00:00:00,49.019854324285845,-59.855624692012725,9.0,0,17.7,0.0,35.6,76.0,56.7,18.735714285714288,4.0
2020-06-24 00:00:00,52.9837969468708,-73.1505483742779,6.0,0,21.2,13.8,18.4,80.0,68.7,17.692857142857147,1.0
2023-06-01 00:00:00,47.60019999963032,-74.64999999999998,6.0,1,30.1,5.2,12.3,31.0,41.7,17.97857142857143,8.0
2023-05-18 00:00:00,48.090899999635326,-77.87850000027476,5.0,1,13.5,0.0,14.2,29.0,17.7,14.878571428571432,2.0
2023-07-04 00:00:00,48.30570000005503,-77.95970000005491,7.0,1,31.3,0.0,9.7,24.0,49.2,25.635714285714283,3.0
2020-07-10 00:00:00,46.23070000113,-77.74040000001553,7.0,1,30.0,3.2,17.6,54.0,18.8,27.492857142857144,2.0
2020-05-20 00:00:00,46.08780000133768,-73.51200000022573,5.0,1,22.8,0.0,12.1,28.0,18.3,13.285714285714286,5.0
2024-05-10 00:00:00,56.63100294294004,-75.04174250150898,5.0,0,2.8,0.0,15.7,81.0,18.7,1.3214285714285714,4.0
2021-05-03 00:00:00,48.405500000580645,-69.33959999992054,5.0,1,13.9,0.0,18.8,24.0,37.8,10.164285714285713,7.0
2021-05-02 00:00:00,47.73870000112511,-73.0039000003046,5.0,1,7.3,0.3,21.6,25.0,11.2,11.1,7.0
2019-05-22 00:00:00,56.981969265893575,-61.68280022116505,5.0,0,-0.3,0.0,10.0,89.0,8.9,2.378571428571429,1.0
2023-06-01 00:00:00,47.4625999997902,-77.25029999964522,6.0,1,30.5,0.0,16.6,31.0,30.1,19.007142857142856,8.0
2021-07-02 00:00:00,46.76163013423491,-63.60815633866754,7.0,0,13.8,0.9,40.4,78.0,54.7,19.3,1.0
2024-05-17 00:00:00,46.38240000000008,-71.92889999999994,5.0,1,23.2,2.4,13.1,58.0,31.8,17.964285714285715,1.0
2020-05-13 00:00:00,46.1311716313023,-73.04308227645271,5.0,0,13.5,0.0,20.4,26.0,35.6,12.628571428571425,6.0
2021-05-29 00:00:00,46.28350000076348,-73.76260000012307,5.0,1,16.0,0.0,12.6,27.0,18.9,22.17142857142857,3.0
2020-06-20 00:00:00,49.84990000111062,-75.16090000068795,6.0,1,29.4,2.3,9.9,43.0,18.9,19.85,9.0
2022-09-11 00:00:00,47.40520000000009,-72.75399999999996,9.0,1,26.1,0.0,10.2,46.0,27.3,22.942857142857143,8.0
2023-06-10 00:00:00,50.5270000003498,-74.66580000016984,6.0,1,19.9,6.8,16.9,50.0,10.8,20.74285714285714,9.0
2021-06-03 00:00:00,48.218764625983006,-74.52828580340352,6.0,0,21.1,0.3,16.3,41.0,36.0,18.142857142857142,2.0
2019-07-12 00:00:00,56.341883452475976,-62.62589522302527,7.0,0,20.3,6.1,17.6,68.0,36.3,12.60714285714286,3.0
2024-07-04 00:00:00,51.4638492961507,-67.83281721499142,7.0,0,17.8,24.7,30.1,75.0,89.7,16.4,1.0
2021-07-11 00:00:00,54.17210000054563,-72.60519999975124,7.0,1,13.6,0.0,26.3,46.0,46.3,18.06428571428572,2.0
2024-05-18 00:00:00,47.25533937512369,-59.148009823006774,5.0,0,6.9,0.1,23.6,90.0,29.4,5.585714285714286,6.0
2018-07-23 00:00:00,53.10596696699642,-67.15700484699202,7.0,0,20.4,1.9,16.4,55.0,72.3,17.328571428571433,1.0
2019-06-08 00:00:00,47.3171000008572,-74.8765000001454,6.0,1,20.8,0.0,9.8,26.0,43.6,14.828571428571427,1.0
2019-07-27 00:00:00,49.59190000052689,-72.75809999941849,7.0,1,28.6,0.0,18.8,32.0,31.0,21.36428571428572,7.0
2021-08-12 00:00:00,55.11934728499462,-77.79612720333414,8.0,0,20.2,3.2,45.4,55.0,49.8,14.7,1.0
2019-05-06 00:00:00,45.94900000118243,-73.35919999948251,5.0,1,21.8,0.0,15.5,40.0,59.7,11.721428571428572,3.0
2018-05-21 00:00:00,47.36440000056374,-79.43600000036244,5.0,1,23.8,0.0,14.1,32.0,28.8,16.835714285714285,2.0
2018-05-19 00:00:00,54.632295102991186,-72.04875200990365,5.0,0,0.4,10.1,18.3,80.0,55.2,-1.8857142857142857,2.0
2021-05-05 00:00:00,49.18085829227409,-75.8763092446769,5.0,0,5.8,3.7,20.7,79.0,15.8,9.07857142857143,3.0
2018-06-22 00:00:00,46.69140854957878,-66.46813724684552,6.0,0,20.6,0.0,14.6,34.0,32.2,18.778571428571432,1.0
2021-09-23 00:00:00,53.22248089228767,-58.67757546621422,9.0,0,12.5,3.3,14.0,50.0,91.7,14.671428571428567,1.0
2023-06-01 00:00:00,48.85869999970527,-74.36070000030475,6.0,1,30.4,0.4,14.7,29.0,33.6,16.535714285714285,8.0
2024-08-06 00:00:00,47.47030000000007,-78.56859999999993,8.0,1,20.7,0.0,13.8,39.0,67.4,25.38571428571429,2.0
2022-07-08 00:00:00,48.09050000000008,-68.4219,7.0,1,19.1,2.6,20.9,61.0,45.7,21.12142857142857,2.0
2024-07-08 00:00:00,53.63970000000006,-72.82309999999995,7.0,1,24.5,10.0,24.5,52.0,45.0,17.95,1.0
2019-08-25 00:00:00,45.655700000625714,-75.99020000027623,8.0,1,23.4,0.0,11.4,40.0,21.4,23.56428571428572,4.0
2022-08-01 00:00:00,46.38230000000004,-76.12880000000001,8.0,1,28.9,0.9,21.1,36.0,51.1,25.15714285714285,4.0
2018-05-09 00:00:00,48.57030000124868,-72.23390000001922,5.0,1,11.0,0.0,11.1,37.0,45.4,10.871428571428572,1.0
2021-09-25 00:00:00,52.82474401639619,-61.18887092850731,9.0,0,12.5,4.5,25.0,63.0,45.2,13.342857142857143,2.0
2019-06-27 00:00:00,50.8713000013497,-74.9040999996674,6.0,1,21.3,9.1,17.3,69.0,40.9,16.135714285714286,1.0
2020-06-22 00:00:00,49.60790000106295,-68.698700000474,6.0,1,27.1,2.3,11.9,54.0,21.2,20.535714285714285,2.0
2018-05-19 00:00:00,48.2509000010107,-72.1477999998446,5.0,1,19.6,2.8,22.3,21.0,27.5,12.678571428571432,2.0
2022-08-13 00:00:00,57.16825007339376,-76.09087732484903,8.0,0,13.7,3.4,26.3,70.0,68.4,13.014285714285714,3.0
2018-07-20 00:00:00,48.34860000077138,-78.34220000031839,7.0,1,28.5,0.0,13.8,38.0,19.7,24.7,3.0
2019-09-17 00:00:00,57.96920874016716,-77.56725321502127,9.0,0,9.0,0.0,20.6,88.0,12.2,7.614285714285715,5.0
2023-07-05 00:00:00,49.87219999973024,-74.52650000017485,7.0,1,31.4,0.1,15.1,33.0,48.8,25.685714285714287,3.0
2023-08-04 00:00:00,56.80672316961259,-67.15141420858258,8.0,0,19.9,0.0,12.4,42.0,52.7,16.37857142857143,2.0
2024-05-26 00:00:00,54.81621304009908,-57.68918006482565,5.0,0,2.2,0.0,25.1,81.0,32.5,1.4714285714285715,1.0
2021-05-21 00:00:00,51.29493014746002,-65.02519925695583,5.0,0,21.0,10.3,12.5,58.0,28.9,6.757142857142857,1.0
2022-07-12 00:00:00,50.354907810977416,-58.34269822750211,7.0,0,17.0,11.6,45.4,63.0,48.4,13.257142857142856,1.0
2024-06-20 00:00:00,54.7584306368185,-69.18609202506491,6.0,0,13.9,2.0,42.3,65.0,83.9,15.599999999999998,1.0
2019-07-09 00:00:00,45.24414582968496,-59.06823715729266,7.0,0,15.2,0.0,31.8,77.0,52.3,12.542857142857146,2.0
2022-06-05 00:00:00,48.80577167493102,-69.32011273177301,6.0,0,10.5,10.0,17.7,85.0,71.0,15.664285714285716,1.0
2019-07-15 00:00:00,50.62604763854099,-70.69335972629861,7.0,0,22.7,0.0,18.9,44.0,58.7,20.178571428571423,1.0
2020-09-02 00:00:00,58.670089424886946,-59.141273263410255,9.0,0,10.4,0.0,36.0,83.0,53.7,9.37142857142857,4.0
2023-05-28 00:00:00,48.119299999895134,-70.83519999958025,5.0,1,22.6,0.0,33.2,33.0,47.9,14.335714285714287,4.0
2024-05-07 00:00:00,46.87140000000005,-71.70289999999994,5.0,1,18.7,0.0,23.9,24.0,35.3,13.721428571428572,1.0
2019-07-10 00:00:00,57.160464655635685,-70.2921331316777,7.0,0,20.0,0.0,17.7,43.0,48.0,17.857142857142858,2.0
2023-06-01 00:00:00,46.22689999983516,-76.45909999966523,6.0,1,31.4,0.8,14.0,29.0,29.4,20.34285714285713,8.0
2024-08-15 00:00:00,55.4461365807211,-64.60336323876943,8.0,0,25.0,0.0,22.2,42.0,12.4,17.72142857142857,8.0
2020-09-17 00:00:00,54.93121796201696,-61.81215534928712,9.0,0,5.7,5.5,47.9,40.0,58.8,10.292857142857144,1.0
2018-05-08 00:00:00,46.08240000092849,-70.79709999977855,5.0,1,19.2,0.0,18.7,30.0,116.1,14.985714285714286,3.0
2023-05-27 00:00:00,46.00010000001504,-71.43019999983011,5.0,1,23.7,0.0,16.6,32.0,47.2,14.907142857142857,3.0
2019-06-13 00:00:00,52.63084145543933,-67.88927587624141,6.0,0,17.9,0.0,24.7,53.0,75.3,7.435714285714286,1.0
2021-06-01 00:00:00,52.0088049027624,-63.49256509273019,6.0,0,17.3,0.5,18.7,45.0,40.0,9.721428571428572,1.0
2019-08-12 00:00:00,50.285600000844326,-66.33180000062302,8.0,1,22.3,0.2,16.5,39.0,86.5,21.62857142857143,3.0
2023-08-19 00:00:00,53.5222148347722,-75.4090051625731,8.0,0,20.6,0.2,14.0,74.0,49.1,20.707142857142856,1.0
2018-08-24 00:00:00,46.833828605428806,-76.00690420731779,8.0,0,26.0,0.0,16.8,44.0,112.1,23.607142857142858,2.0
2024-05-08 00:00:00,55.75790794682347,-68.03591328306192,5.0,0,4.1,0.0,10.1,54.0,29.6,0.3285714285714284,2.0
2024-08-24 00:00:00,47.29098234382954,-66.98917992907707,8.0,0,24.0,0.2,12.8,56.0,42.9,22.014285714285712,1.0
2024-06-16 00:00:00,55.94515997657992,-74.27564901966936,6.0,0,19.5,1.7,29.1,51.0,22.1,17.757142857142856,3.0
2021-08-16 00:00:00,55.62010942878584,-62.51691727582784,8.0,0,18.2,0.3,34.8,50.0,42.5,17.71428571428571,2.0
2018-05-12 00:00:00,48.41160000080069,-71.97030000056546,5.0,1,12.6,0.0,18.7,26.0,41.3,12.349999999999998,2.0
2023-07-20 00:00:00,50.29401992077799,-63.831499449797235,7.0,0,20.6,0.0,17.7,76.0,100.2,20.61428571428571,1.0
2020-05-09 00:00:00,51.529377250050025,-71.22947355928707,5.0,0,0.0,0.4,22.8,62.0,32.4,2.035714285714285,5.0
2024-06-05 00:00:00,52.03780000000006,-68.96189999999996,6.0,1,27.3,0.4,7.9,34.0,70.8,14.849999999999998,6.0
2019-07-22 00:00:00,45.84543975119296,-78.25604698338658,7.0,0,21.4,0.0,9.8,37.0,12.4,27.235714285714284,3.0
2024-06-07 00:00:00,49.81775547344919,-69.87731659280726,6.0,0,23.8,0.0,19.9,41.0,16.2,19.25,10.0
2024-05-19 00:00:00,56.00124612672599,-59.56027260445762,5.0,0,0.6,8.2,35.2,87.0,15.5,1.457142857142857,2.0
2020-05-18 00:00:00,46.02910000126141,-76.06320000007535,5.0,1,17.9,0.0,15.7,23.0,11.4,10.664285714285713,3.0
2021-06-18 00:00:00,48.74630000055322,-78.56500000036388,6.0,1,27.5,3.3,21.8,30.0,6.9,22.12857142857143,5.0
2023-09-08 00:00:00,46.74915545530649,-60.0488798293836,9.0,0,18.0,0.3,25.7,94.0,83.5,18.95714285714286,1.0
2020-07-25 00:00:00,50.76640000120383,-59.19040000064533,7.0,1,23.7,2.9,16.6,59.0,37.9,21.585714285714285,5.0
2021-07-04 00:00:00,50.260589784105335,-58.47083534527366,7.0,0,13.9,0.0,34.0,71.0,54.4,12.87142857142857,3.0
2023-07-08 00:00:00,51.52800000039974,-75.64500000034968,7.0,1,24.6,1.4,12.1,41.0,59.0,24.85714285714285,2.0
2023-09-26 00:00:00,57.10735762208172,-69.72961191667173,9.0,0,13.6,0.0,23.0,58.0,24.0,7.892857142857141,2.0
2018-08-01 00:00:00,57.98253638388694,-73.81291691051628,8.0,0,10.6,0.0,24.3,56.0,6.7,16.621428571428574,1.0
2021-05-22 00:00:00,45.12490000110728,-72.19440000010347,5.0,1,25.6,0.4,15.7,52.0,4.9,19.2,11.0
2021-07-06 00:00:00,54.3859000004486,-76.86179999987452,7.0,1,19.9,19.1,35.2,72.0,40.0,17.242857142857144,1.0
2018-07-30 00:00:00,51.97080000123293,-76.23999999944132,7.0,1,26.1,3.3,16.8,48.0,82.9,23.40714285714285,2.0
2020-05-20 00:00:00,46.68000000064772,-78.98400000039656,5.0,1,23.0,0.0,14.1,28.0,11.7,10.292857142857144,5.0
2023-05-13 00:00:00,46.083300000294855,-74.6751000000649,5.0,1,15.2,0.0,26.3,33.0,59.0,15.228571428571428,9.0
2024-06-02 00:00:00,53.609800000000064,-70.50959999999998,6.0,1,23.2,0.6,26.6,40.0,64.9,11.392857142857142,5.0
2024-06-21 00:00:00,50.14850000000007,-67.07789999999994,6.0,1,22.2,0.0,25.2,25.0,5.6,21.62857142857143,7.0
2019-07-30 00:00:00,46.96640000085527,-71.2617999998751,7.0,1,24.6,15.3,14.8,79.0,50.7,22.928571428571423,2.0
2022-06-19 00:00:00,45.90686862931492,-73.76717577813336,6.0,0,20.5,0.0,20.1,35.0,73.5,22.27142857142857,1.0
2020-07-20 00:00:00,57.04435125124169,-75.7386195865016,7.0,0,19.2,0.1,26.2,56.0,30.4,19.478571428571428,3.0
2023-08-09 00:00:00,48.906352128767985,-61.753846167896285,8.0,0,16.8,28.3,52.6,86.0,34.1,18.185714285714287,3.0
2024-06-18 00:00:00,54.11401034200902,-79.30474258183283,6.0,0,26.3,4.2,27.6,38.0,14.9,16.792857142857144,1.0
2021-08-23 00:00:00,58.01570106861893,-79.18002548792535,8.0,0,8.1,0.0,57.3,81.0,29.4,8.607142857142856,1.0
2019-09-19 00:00:00,48.85107047996186,-62.76023730593223,9.0,0,12.4,0.0,31.5,76.0,58.6,12.457142857142856,3.0
2024-07-17 00:00:00,45.256274566408806,-73.97445694064199,7.0,0,25.8,0.6,24.7,68.0,73.7,27.550000000000004,1.0
2021-08-27 00:00:00,46.84298946236849,-71.63510407301483,8.0,0,21.2,0.0,15.8,42.0,11.6,27.02857142857143,4.0
2021-06-07 00:00:00,46.13180000085995,-75.1297000001434,6.0,1,30.2,0.6,21.3,42.0,20.4,20.77857142857143,2.0
2023-05-17 00:00:00,46.963199999680285,-71.21259999979014,5.0,1,7.9,0.3,22.1,26.0,13.5,15.7,1.0
2023-08-07 00:00:00,55.33088581722672,-69.40575369128065,8.0,0,18.9,0.3,17.5,55.0,78.1,16.06428571428571,1.0
2023-08-05 00:00:00,57.383290483528775,-60.94119117202449,8.0,0,7.6,2.7,22.3,95.0,38.2,7.285714285714286,3.0
2023-06-01 00:00:00,46.82569999995508,-76.28880000001993,6.0,1,30.9,0.9,15.3,34.0,28.0,19.642857142857142,8.0
2023-07-21 00:00:00,56.33972546353653,-69.008645374919,7.0,0,17.2,2.6,18.9,49.0,67.7,23.121428571428567,1.0
2024-07-14 00:00:00,58.44797209610758,-76.25807631721968,7.0,0,15.3,0.0,17.9,60.0,48.4,13.114285714285714,3.0
2023-05-28 00:00:00,45.89787776055574,-57.3216083727317,5.0,0,9.1,0.0,50.8,72.0,42.3,6.385714285714285,2.0
2024-07-02 00:00:00,53.27470000000005,-74.56529999999998,7.0,1,26.0,0.3,22.8,27.0,40.0,18.842857142857145,3.0
2022-09-02 00:00:00,48.52319429484348,-62.88112465413775,9.0,0,17.0,0.3,38.3,53.0,34.2,19.77142857142857,1.0
2023-07-01 00:00:00,47.343900000085,-79.31339999981009,7.0,1,25.7,7.0,14.2,56.0,31.3,25.87857142857143,1.0
2023-07-02 00:00:00,54.38619999963032,-70.43929999969521,7.0,1,20.6,5.6,16.4,71.0,56.5,19.135714285714283,1.0
2019-07-30 00:00:00,46.2581000009829,-74.05839999959936,7.0,1,25.3,3.4,16.4,63.0,12.1,24.95,9.0
2021-06-01 00:00:00,57.313127495970846,-69.52384491545054,6.0,0,10.7,0.5,28.1,59.0,33.5,6.885714285714285,4.0
2020-08-13 00:00:00,50.41120000102931,-60.98780000017504,8.0,1,28.2,2.6,16.6,50.0,32.4,23.785714285714285,1.0
2019-06-22 00:00:00,48.33620000108972,-78.58700000035094,6.0,1,22.3,0.0,15.4,38.0,61.2,19.192857142857143,7.0
2022-05-01 00:00:00,46.35310000000004,-72.6434999999999,5.0,1,18.0,0.0,16.1,40.0,37.7,11.007142857142858,4.0
2024-08-15 00:00:00,52.740347527913535,-72.98875144785757,8.0,0,26.3,0.0,9.0,42.0,29.6,19.83571428571429,4.0
2024-06-05 00:00:00,51.698600000000056,-70.36309999999997,6.0,1,25.3,1.0,11.3,41.0,65.5,15.235714285714286,6.0
2020-05-19 00:00:00,46.55980000052201,-73.33199999943068,5.0,1,15.8,0.0,14.0,29.0,13.1,9.507142857142856,4.0
2024-06-05 00:00:00,47.582100000000025,-72.26689999999996,6.0,1,27.0,0.1,10.8,39.0,18.1,21.007142857142863,8.0
2021-08-20 00:00:00,46.85140000052801,-72.53590000056576,8.0,1,29.7,0.1,12.4,56.0,41.7,25.35714285714285,3.0
2021-09-21 00:00:00,57.435608199879695,-74.21491640839878,9.0,0,11.1,9.5,31.4,79.0,50.2,10.085714285714284,1.0
2018-06-28 00:00:00,50.83120000047279,-67.13139999954194,6.0,1,25.8,0.0,17.8,41.0,29.5,15.892857142857148,4.0
2024-06-13 00:00:00,50.487588984993394,-57.96890676676549,6.0,0,13.5,10.3,41.5,84.0,27.9,9.178571428571429,3.0
2018-08-06 00:00:00,54.000005989709535,-75.73984261750319,8.0,0,12.6,0.3,32.5,67.0,51.5,20.442857142857143,1.0
2022-05-20 00:00:00,49.1905507896622,-77.35976332180306,5.0,0,23.7,10.5,33.8,55.0,30.5,19.32857142857143,1.0
2019-07-01 00:00:00,54.046900000451686,-74.76139999984547,7.0,1,20.2,7.0,19.9,63.0,44.8,16.135714285714286,1.0
2023-06-03 00:00:00,48.24800000029984,-78.3053999998101,6.0,1,24.5,0.0,14.5,24.0,23.3,21.178571428571427,11.0
2018-05-20 00:00:00,47.13874945693655,-59.72518698471487,5.0,0,8.2,8.8,56.4,70.0,19.2,5.4,4.0
2021-07-16 00:00:00,55.961313856972495,-72.08808821936843,7.0,0,12.0,3.4,13.6,76.0,53.4,17.628571428571426,1.0
2018-07-14 00:00:00,45.93560000122393,-75.74349999969064,7.0,1,27.9,1.7,14.4,49.0,44.8,28.19285714285714,1.0
2020-08-01 00:00:00,45.59890000138611,-76.3039999999558,8.0,1,28.0,0.1,10.1,46.0,54.1,27.357142857142858,2.0
2020-07-20 00:00:00,54.75565104004728,-72.91133574748027,7.0,0,16.4,26.5,39.1,79.0,70.4,20.56428571428572,1.0
2020-07-09 00:00:00,58.107548233934615,-70.62855332711908,7.0,0,18.2,0.0,16.9,62.0,29.8,18.07857142857143,1.0
2024-06-18 00:00:00,53.55970000000009,-75.68469999999998,6.0,1,26.6,0.1,23.8,39.0,34.6,19.457142857142856,1.0
2019-09-15 00:00:00,46.31560000126445,-73.73949999986264,9.0,1,14.7,0.0,17.8,61.0,47.7,17.77142857142857,1.0
2020-07-04 00:00:00,46.06310000128289,-73.73830000033112,7.0,1,28.6,0.0,16.4,26.0,20.3,27.27857142857143,5.0
2024-07-24 00:00:00,51.36062300714094,-63.92778624500628,7.0,0,19.7,0.1,13.9,41.0,38.8,21.542857142857144,2.0
2020-07-26 00:00:00,50.551994238241384,-64.74978238646385,7.0,0,23.7,0.2,11.9,37.0,38.8,22.657142857142865,1.0
2021-05-15 00:00:00,50.3598000008051,-63.842900000011376,5.0,1,11.2,0.0,15.3,50.0,45.0,9.4,6.0
2023-07-02 00:00:00,55.05580000016994,-69.44830000034472,7.0,1,22.9,4.4,13.4,56.0,44.7,20.32857142857143,5.0
2018-08-17 00:00:00,52.83736002967363,-73.39328486896244,8.0,0,15.3,0.5,15.5,49.0,37.4,19.8,3.0
2022-09-08 00:00:00,46.857600000000105,-78.88240000000002,9.0,1,25.3,0.0,11.8,43.0,45.8,21.350000000000005,5.0
2018-07-02 00:00:00,48.74590000068351,-71.95969999961956,7.0,1,31.1,1.9,24.9,56.0,23.8,23.31428571428572,2.0
2020-08-16 00:00:00,56.77378497123773,-69.79021018521364,8.0,0,25.1,0.0,22.7,37.0,42.4,20.464285714285715,4.0
2023-05-15 00:00:00,46.06040000005999,-74.71099999994999,5.0,1,19.1,0.0,25.6,28.0,46.4,15.357142857142856,11.0
2019-06-09 00:00:00,46.30100000078182,-73.59159999958057,6.0,1,26.4,0.0,12.3,29.0,24.7,17.17142857142857,7.0
2018-07-01 00:00:00,50.54227109635974,-70.79263017113365,7.0,0,23.4,0.7,18.1,46.0,33.4,17.557142857142857,1.0
2020-05-22 00:00:00,46.77390000122823,-72.54139999975544,5.0,1,24.5,0.0,15.9,22.0,7.3,13.421428571428573,7.0
2022-07-22 00:00:00,45.06103823089042,-70.49081985283817,7.0,0,26.5,0.2,17.7,39.0,48.4,23.978571428571428,1.0
2021-05-16 00:00:00,45.65570000080895,-75.0564000004736,5.0,1,21.7,1.9,10.3,35.0,21.5,14.94285714285714,5.0
2020-08-08 00:00:00,50.25560000109852,-60.20360000041983,8.0,1,21.9,0.0,17.6,65.0,42.1,19.97142857142857,2.0
2020-08-18 00:00:00,45.25116862229791,-71.11948842854164,8.0,0,17.3,6.8,17.7,63.0,36.2,21.27142857142857,3.0
2018-07-27 00:00:00,58.421712133699685,-69.93851622441989,7.0,0,15.8,0.0,17.3,49.0,10.4,17.164285714285715,9.0
2022-05-08 00:00:00,48.58100000000013,-72.4292999999999,5.0,1,13.9,0.0,11.3,23.0,28.4,10.55,4.0
2018-07-02 00:00:00,49.36870000124412,-68.23550000003326,7.0,1,24.4,11.4,14.1,44.0,18.2,20.121428571428577,2.0
2019-07-28 00:00:00,51.41080000069776,-65.21689999945328,7.0,1,25.9,0.5,23.8,37.0,25.4,20.27857142857143,4.0
2023-08-28 00:00:00,53.723633558497426,-67.89511436937522,8.0,0,18.3,0.0,31.1,52.0,64.6,16.507142857142856,2.0
2022-06-12 00:00:00,46.62076656406418,-68.34908787611771,6.0,0,24.0,0.1,13.8,38.0,62.1,19.75,3.0
2019-06-13 00:00:00,50.696400000653895,-62.3599999996614,6.0,1,22.5,0.3,23.2,26.0,55.4,13.778571428571428,1.0
2024-05-12 00:00:00,46.89990000000007,-72.38839999999993,5.0,1,15.6,0.0,11.2,36.0,42.0,14.214285714285714,3.0
2024-06-05 00:00:00,49.33930000000005,-71.12279999999998,6.0,1,27.9,0.6,10.0,37.0,33.2,20.142857142857142,8.0
2021-09-18 00:00:00,57.25874093151886,-78.83230164140653,9.0,0,6.5,0.0,42.6,75.0,16.9,8.385714285714284,2.0
2022-05-09 00:00:00,45.36470000000008,-72.60360000000003,5.0,1,20.2,0.0,14.7,24.0,39.8,12.55,5.0
2020-09-27 00:00:00,54.56959501283923,-67.76432136284157,9.0,0,7.4,4.0,27.9,78.0,56.1,7.485714285714287,1.0
2023-08-23 00:00:00,48.81680618977478,-76.16363698189524,8.0,0,21.0,0.5,11.2,53.0,95.9,20.607142857142858,3.0
2022-08-28 00:00:00,48.98399999999998,-72.12409999999994,8.0,1,24.9,0.0,15.0,52.0,33.1,23.014285714285712,2.0
2023-07-10 00:00:00,51.97803595774908,-72.24500882654277,7.0,0,20.0,2.3,24.8,72.0,83.6,21.192857142857143,1.0
2020-05-01 00:00:00,45.161360189410146,-68.72687162596213,5.0,0,10.9,13.5,21.3,80.0,25.8,10.271428571428572,3.0
2022-06-05 00:00:00,56.05370000000005,-71.61950000000002,6.0,1,17.5,0.0,21.6,33.0,19.4,6.85,7.0
2018-05-19 00:00:00,46.197200001272805,-71.25620000066462,5.0,1,18.8,3.2,19.1,29.0,9.7,15.435714285714283,4.0
2023-07-20 00:00:00,57.92677907570491,-72.38400013709713,7.0,0,15.2,1.3,20.9,55.0,91.3,20.492857142857144,1.0
2022-05-01 00:00:00,45.788700000000006,-74.22120000000001,5.0,1,16.5,0.0,15.6,35.0,57.3,9.557142857142855,4.0
2022-05-11 00:00:00,48.72529894579164,-74.06681667304817,5.0,0,19.1,0.0,15.7,39.0,5.4,8.77142857142857,7.0
2021-06-03 00:00:00,53.36840000128889,-72.40909999995601,6.0,1,21.1,12.0,37.3,40.0,37.3,10.042857142857144,6.0
2023-07-17 00:00:00,52.47080000011994,-77.73690000033469,7.0,1,23.1,12.5,16.3,59.0,27.0,24.092857142857145,1.0
2023-05-13 00:00:00,46.29349999992513,-74.76980000006989,5.0,1,14.0,0.0,25.8,37.0,47.0,14.914285714285713,10.0
2020-08-20 00:00:00,46.53336713349178,-68.5502491305997,8.0,0,22.2,0.0,18.2,31.0,14.3,25.721428571428568,2.0
2021-05-16 00:00:00,45.8747000007254,-74.65759999967734,5.0,1,20.3,1.4,8.6,38.0,16.2,13.914285714285713,5.0
2019-07-08 00:00:00,46.24420000106325,-76.1993999995057,7.0,1,25.8,0.0,11.7,31.0,31.9,25.49285714285714,3.0
2018-07-21 00:00:00,50.874300001197255,-65.94190000038786,7.0,1,27.9,1.5,16.7,42.0,26.4,20.22142857142857,1.0
2021-07-02 00:00:00,45.26687826954513,-65.69110037492015,7.0,0,15.4,6.4,20.2,84.0,57.7,19.65,2.0
2020-08-09 00:00:00,51.929829127606865,-61.89143431605376,8.0,0,25.5,0.8,13.0,47.0,60.2,21.935714285714283,3.0
2020-07-05 00:00:00,51.44830000050113,-69.47169999987652,7.0,1,17.3,4.7,9.2,52.0,53.1,22.12857142857143,3.0
2022-07-23 00:00:00,48.79070000000007,-69.2054,7.0,1,27.3,0.7,18.8,48.0,51.5,24.17142857142857,2.0
2018-09-13 00:00:00,51.17991363722768,-74.10460106063277,9.0,0,20.9,0.0,12.3,69.0,43.3,16.75714285714286,5.0
2022-08-17 00:00:00,50.38395421463124,-64.16466825876013,8.0,0,26.5,0.0,13.8,31.0,37.1,23.157142857142865,2.0
2023-05-14 00:00:00,46.12209999991512,-74.47110000036469,5.0,1,14.1,0.0,18.1,30.0,64.4,14.714285714285714,10.0
2024-08-03 00:00:00,53.115856239436354,-75.81807579399317,8.0,0,19.1,2.1,29.3,61.0,92.7,21.578571428571426,1.0
2023-07-15 00:00:00,51.454399919789786,-66.39024969850519,7.0,0,22.9,0.3,13.3,47.0,44.4,23.728571428571428,1.0
2018-06-12 00:00:00,57.792848503290934,-69.91390023481719,6.0,0,5.7,3.9,33.9,74.0,19.0,1.8857142857142857,1.0
2020-08-16 00:00:00,49.91780000085417,-74.35340000052543,8.0,1,25.8,0.5,19.8,37.0,86.5,23.12142857142857,5.0
2022-05-09 00:00:00,57.18202962693477,-74.76789587607767,5.0,0,6.4,0.0,33.8,68.0,21.5,-2.7785714285714285,5.0
2023-06-01 00:00:00,49.78250000007501,-69.54140000030975,6.0,1,28.2,3.0,14.5,35.0,27.7,15.942857142857145,8.0
2020-05-18 00:00:00,45.90760000132539,-73.97999999958272,5.0,1,17.2,0.0,16.1,24.0,11.4,10.671428571428573,3.0
2018-05-09 00:00:00,45.24720000122068,-72.6718000003766,5.0,1,23.8,0.0,19.8,30.0,86.8,15.607142857142856,5.0
2022-05-06 00:00:00,54.05506236249946,-75.68358267916479,5.0,0,-2.1,0.0,12.0,71.0,29.9,2.2571428571428567,1.0
2022-05-16 00:00:00,58.27241099218459,-78.65181277248558,5.0,0,1.2,0.6,21.8,93.0,26.2,0.4571428571428572,1.0
2020-05-19 00:00:00,46.55180000086994,-71.52049999987737,5.0,1,16.0,0.0,18.0,28.0,25.0,11.75,3.0
2023-07-25 00:00:00,48.57719999998005,-66.14330000029474,7.0,1,25.0,18.8,16.3,58.0,95.8,23.67142857142857,2.0
2021-05-14 00:00:00,50.99050000127546,-78.73569999942293,5.0,1,21.8,0.4,13.4,32.0,19.6,9.678571428571429,7.0
2021-06-03 00:00:00,52.86060000088188,-67.3989000000847,6.0,1,19.0,1.5,36.8,48.0,52.2,9.7,2.0
2022-08-24 00:00:00,55.69777877150641,-58.945826732535224,8.0,0,11.0,0.0,30.1,81.0,6.6,12.90714285714286,2.0
2021-05-10 00:00:00,48.57260000095383,-72.23160000060014,5.0,1,13.5,0.4,16.3,49.0,20.3,10.75,4.0
2023-06-01 00:00:00,47.64780000036978,-72.64089999983509,6.0,1,29.5,0.7,12.6,33.0,45.0,19.607142857142858,8.0
2020-05-26 00:00:00,45.973800000891615,-75.98470000061567,5.0,1,30.5,0.6,20.6,44.0,22.3,19.557142857142853,1.0
2018-08-06 00:00:00,50.83900000075073,-70.13649999932784,8.0,1,22.2,7.8,14.0,74.0,84.5,22.257142857142856,1.0
2019-09-17 00:00:00,50.79192574218827,-65.47075579915258,9.0,0,9.2,0.0,18.4,39.0,64.7,10.157142857142857,2.0
2022-07-07 00:00:00,55.109724928198894,-58.25162866564747,7.0,0,7.3,0.0,14.0,89.0,17.4,11.828571428571427,2.0
2020-07-21 00:00:00,54.61913969384885,-61.14780257534465,7.0,0,20.2,7.0,32.0,54.0,84.5,22.142857142857142,1.0
2024-07-11 00:00:00,52.915129450524006,-79.02372267080513,7.0,0,18.1,0.0,21.7,60.0,22.9,15.971428571428572,4.0
2020-05-22 00:00:00,46.07470000112691,-71.92749999971922,5.0,1,25.7,0.0,13.0,26.0,16.0,13.857142857142858,7.0
2018-06-28 00:00:00,49.52470000112993,-74.99070000067984,6.0,1,27.3,0.0,17.1,35.0,28.6,21.33571428571429,4.0
2018-07-03 00:00:00,51.77193497443966,-75.91767067989356,7.0,0,21.2,2.6,24.4,54.0,27.5,19.621428571428577,1.0
2019-09-21 00:00:00,45.952200000790654,-75.09099999965262,9.0,1,24.1,0.0,11.9,57.0,23.7,17.857142857142858,7.0
2019-09-19 00:00:00,45.56058671794592,-70.09307909963366,9.0,0,18.1,0.0,12.4,33.0,10.9,15.335714285714284,5.0
2018-06-25 00:00:00,57.7483757481128,-62.87919839089666,6.0,0,4.9,0.0,21.4,74.0,3.7,3.535714285714286,5.0
2023-05-14 00:00:00,46.40119999958034,-75.57169999975514,5.0,1,14.8,0.0,18.0,30.0,49.0,15.314285714285717,11.0
2018-07-04 00:00:00,49.034000001070886,-76.4835999996318,7.0,1,29.9,0.4,12.2,43.0,21.6,23.23571428571428,3.0
2023-06-17 00:00:00,53.874499036214495,-64.10761340613081,6.0,0,6.9,0.7,26.2,78.0,55.3,13.578571428571433,1.0
2018-05-13 00:00:00,45.04050000114896,-72.42349999974148,5.0,1,18.7,0.0,13.0,26.0,44.8,16.95714285714286,3.0
2022-08-15 00:00:00,49.18579999999997,-68.23779999999994,8.0,1,24.9,0.7,14.3,48.0,15.3,21.77142857142857,7.0
2021-06-23 00:00:00,47.2697974000535,-76.44556163617435,6.0,0,17.5,0.1,20.9,38.0,19.8,20.642857142857142,2.0
2022-08-06 00:00:00,50.879402575200885,-64.01686670554379,8.0,0,21.0,0.0,19.4,38.0,63.9,20.714285714285715,2.0
2024-08-02 00:00:00,48.49382411137668,-59.55133956817651,8.0,0,19.9,12.3,32.0,81.0,18.6,19.7,2.0
2021-05-27 00:00:00,46.79810602556797,-68.85021968768352,5.0,0,17.4,0.6,22.5,37.0,36.1,20.3,1.0
2019-09-07 00:00:00,57.07880546365552,-74.52602202324542,9.0,0,8.8,1.5,18.7,58.0,33.4,13.214285714285712,1.0
2022-07-12 00:00:00,46.62940000000003,-77.83839999999987,7.0,1,19.8,3.7,18.0,57.0,25.3,21.72857142857143,7.0
2024-07-08 00:00:00,53.57010000000009,-73.34539999999998,7.0,1,24.0,12.0,26.2,53.0,45.5,17.942857142857143,1.0
2018-08-10 00:00:00,49.96040000064951,-75.42679999957068,8.0,1,21.2,0.0,14.8,38.0,53.1,22.92142857142857,1.0
2021-09-03 00:00:00,46.52522823698349,-73.6135828843588,9.0,0,18.6,1.4,17.3,56.0,27.2,22.27142857142857,4.0
2023-06-01 00:00:00,48.7403999995604,-69.98290000043465,6.0,1,27.2,1.6,16.6,31.0,28.1,16.007142857142856,8.0
2020-07-09 00:00:00,48.002350815367066,-62.221794349541184,7.0,0,17.0,1.2,40.7,89.0,45.2,16.17857142857143,1.0
2023-06-01 00:00:00,48.880200000129946,-74.35420000002995,6.0,1,30.4,0.4,14.7,29.0,33.6,16.535714285714285,8.0
2018-08-02 00:00:00,56.61967931316587,-57.461728021551195,8.0,0,6.8,1.5,16.7,89.0,8.9,8.07857142857143,2.0
2020-06-16 00:00:00,45.94117726925202,-75.3112570516353,6.0,0,23.7,0.0,10.1,33.0,29.1,18.2,3.0
2022-05-15 00:00:00,47.43320000000011,-74.63760000000002,5.0,1,20.6,16.6,15.6,62.0,6.4,15.207142857142856,11.0
2022-08-19 00:00:00,49.08330000000012,-66.61579999999998,8.0,1,20.0,3.8,21.4,72.0,36.7,19.65,1.0
2022-08-19 00:00:00,47.57124132911888,-69.80287911859618,8.0,0,21.3,1.3,23.9,81.0,53.3,19.77142857142857,1.0
2020-07-16 00:00:00,54.104990262357745,-77.26774178641568,7.0,0,23.3,1.0,32.1,56.0,24.7,23.214285714285715,1.0
2018-06-10 00:00:00,56.99042536560912,-66.43506763258486,6.0,0,1.2,0.1,19.2,66.0,49.2,3.414285714285714,2.0
2020-08-11 00:00:00,48.13830000052404,-68.03469999994489,8.0,1,27.4,11.7,15.4,66.0,66.8,23.45714285714286,6.0
2024-05-13 00:00:00,46.18440000000004,-71.06709999999998,5.0,1,17.2,0.5,14.7,37.0,29.6,13.614285714285712,4.0
2023-06-17 00:00:00,52.68600327940668,-59.611062904065406,6.0,0,9.6,1.1,13.5,66.0,22.6,14.457142857142856,2.0
2020-05-11 00:00:00,45.67200000140125,-75.52229999958246,5.0,1,8.2,0.0,17.9,41.0,44.3,11.871428571428572,3.0
2018-06-22 00:00:00,53.8968664358634,-67.77398535193602,6.0,0,8.4,2.7,37.0,65.0,42.3,6.057142857142858,2.0
2023-08-13 00:00:00,52.052300000344815,-78.23460000028973,8.0,1,22.5,2.1,16.0,57.0,29.3,20.37857142857143,1.0
2021-08-31 00:00:00,47.699200000648624,-69.69570000013567,8.0,1,23.2,0.6,29.0,48.0,3.8,23.1,1.0
2021-06-04 00:00:00,53.69784841920934,-58.22188667827977,6.0,0,20.3,11.2,25.5,54.0,44.2,7.35,6.0
2019-05-10 00:00:00,46.79754082309053,-73.68710781728356,5.0,0,11.2,12.1,25.9,87.0,31.6,7.692857142857143,1.0
2018-06-24 00:00:00,49.87560848289925,-78.0931299487615,6.0,0,15.6,0.0,19.2,35.0,68.0,20.97142857142857,1.0
2020-07-05 00:00:00,49.19000000103524,-69.83850000018404,7.0,1,19.0,6.5,11.0,61.0,28.5,23.11428571428572,3.0
2024-05-08 00:00:00,48.04660000000007,-78.1656,5.0,1,12.8,0.0,17.9,43.0,37.5,13.028571428571428,3.0
2022-06-04 00:00:00,45.62300847729804,-66.4528803250512,6.0,0,17.4,0.2,12.4,60.0,30.7,20.557142857142857,4.0
2021-06-07 00:00:00,53.45702695438808,-79.47179380361152,6.0,0,9.3,2.1,49.2,77.0,27.6,3.8642857142857134,1.0
2019-06-08 00:00:00,45.70670000076598,-76.07220000056094,6.0,1,21.6,0.0,11.9,36.0,43.0,16.6,3.0
2024-09-02 00:00:00,46.56240000000003,-78.98799999999994,9.0,1,17.7,0.0,20.1,34.0,16.900000000000002,22.55714285714286,1.0
2019-07-23 00:00:00,57.55033651727433,-61.38047126771702,7.0,0,4.9,0.0,18.3,98.0,45.4,5.25,1.0
2021-06-18 00:00:00,53.33220000059277,-78.43450000066503,6.0,1,20.8,8.5,16.0,64.0,21.9,15.385714285714286,11.0
2019-06-23 00:00:00,46.44470000106298,-72.76259999979757,6.0,1,26.4,0.0,23.7,30.0,51.8,22.014285714285712,3.0
2023-09-09 00:00:00,51.910075738097966,-61.11381680033314,9.0,0,8.2,8.3,15.5,95.0,127.6,17.099999999999998,1.0
2020-05-28 00:00:00,48.29640000075227,-70.72009999992459,5.0,1,30.0,0.0,19.3,41.0,23.6,17.37857142857143,1.0
2020-09-27 00:00:00,54.94339304416509,-71.39728909309358,9.0,0,11.0,1.3,24.3,75.0,59.2,7.8357142857142845,1.0
2021-05-08 00:00:00,52.33912070556913,-62.51598264688049,5.0,0,4.6,2.1,14.3,73.0,46.0,4.371428571428572,1.0
2021-08-01 00:00:00,48.99698969288278,-58.999748768866866,8.0,0,16.2,2.9,40.6,84.0,108.5,15.971428571428572,1.0
2022-08-25 00:00:00,48.46619334241913,-71.78881912640666,8.0,0,17.5,0.1,17.5,53.0,32.5,23.442857142857147,1.0
2019-08-19 00:00:00,55.27845207197755,-63.486297840223315,8.0,0,21.1,6.9,29.8,67.0,74.3,15.607142857142856,1.0
2021-06-14 00:00:00,48.85280000046941,-72.32440000054962,6.0,1,23.3,3.1,15.3,44.0,10.4,23.457142857142863,9.0
2018-07-12 00:00:00,48.46614277539802,-62.56004252846796,7.0,0,13.5,0.0,34.8,74.0,42.2,14.892857142857144,2.0
2023-07-14 00:00:00,48.47039999956036,-67.09759999974017,7.0,1,24.0,2.5,24.5,69.0,60.9,25.36428571428571,1.0
2023-06-01 00:00:00,48.751300000394735,-76.46500000014987,6.0,1,31.0,1.7,17.1,28.0,33.2,17.757142857142856,9.0
2022-05-08 00:00:00,45.811400000000106,-73.98579999999993,5.0,1,16.5,0.0,16.1,22.0,19.3,14.207142857142856,4.0
2023-09-11 00:00:00,58.71125356878038,-73.92778820757717,9.0,0,6.8,0.0,22.0,69.0,21.5,9.592857142857143,5.0
2024-06-21 00:00:00,50.02740730561472,-67.17494790995121,6.0,0,22.7,0.0,25.7,25.0,7.6,22.407142857142865,11.0
2021-06-11 00:00:00,53.41975442495533,-66.88490971243786,6.0,0,9.5,0.0,36.2,51.0,30.6,10.714285714285714,2.0
2018-08-11 00:00:00,49.13590000095017,-71.99830000045694,8.0,1,25.2,1.1,9.9,44.0,126.3,24.235714285714284,2.0
2023-06-01 00:00:00,49.063899999885166,-75.04639999956026,6.0,1,30.3,1.1,14.1,30.0,28.7,17.42142857142857,8.0
2021-06-17 00:00:00,47.5078000012338,-79.30049999998195,6.0,1,24.9,0.0,23.4,31.0,21.7,23.25,3.0
2020-06-23 00:00:00,58.581413944338166,-68.92342030935679,6.0,0,17.0,0.0,15.3,44.0,18.6,10.2,9.0
2018-06-24 00:00:00,48.5231067099281,-62.17959241123953,6.0,0,11.3,0.0,42.2,72.0,30.5,9.321428571428571,5.0
2018-09-09 00:00:00,52.22586953362654,-76.94531565494303,9.0,0,12.7,0.0,18.4,39.0,30.5,16.935714285714287,2.0
2021-08-28 00:00:00,50.299000000937,-66.4421999993789,8.0,1,23.1,0.0,14.3,36.0,67.3,22.692857142857143,2.0
2020-08-24 00:00:00,47.07310000050368,-70.11140000042153,8.0,1,22.8,1.7,11.4,53.0,21.1,22.06428571428572,3.0
2022-05-11 00:00:00,46.4781000000001,-71.77260000000001,5.0,1,26.5,0.0,12.9,22.0,15.7,14.849999999999998,7.0
2021-09-24 00:00:00,45.63984954005991,-70.46320031439933,9.0,0,20.0,13.5,28.3,81.0,36.2,20.02857142857143,6.0
2018-07-02 00:00:00,56.89803874335245,-76.04383589283752,7.0,0,17.3,21.3,36.5,66.0,17.4,6.435714285714285,3.0
2020-08-04 00:00:00,46.5387253644414,-58.24620791790733,8.0,0,19.7,0.1,43.4,86.0,55.2,17.57857142857143,4.0
2024-08-04 00:00:00,46.61500000000007,-77.10559999999998,8.0,1,23.1,1.0,14.1,57.0,28.200000000000003,25.485714285714288,4.0
2019-08-24 00:00:00,52.22082163194989,-63.07942113010227,8.0,0,15.7,0.0,21.9,40.0,48.6,18.8,1.0
2024-05-20 00:00:00,46.29280000000006,-73.75479999999999,5.0,1,27.8,0.0,14.3,33.0,15.4,17.849999999999998,2.0
2021-08-05 00:00:00,45.83610555966822,-59.394977193065394,8.0,0,18.7,0.3,34.0,88.0,28.9,17.57857142857143,3.0
2023-06-19 00:00:00,55.074792127731264,-63.87465914213729,6.0,0,16.5,0.0,11.3,50.0,42.1,12.73571428571429,3.0
2018-09-11 00:00:00,53.28746921057711,-67.85538869609931,9.0,0,15.2,0.0,35.4,55.0,48.0,12.95714285714286,3.0
2018-05-23 00:00:00,45.93870000062668,-74.13950000044767,5.0,1,20.2,0.0,18.6,32.0,15.6,17.335714285714285,3.0
2023-07-27 00:00:00,46.66794101224193,-59.63808460551691,7.0,0,24.0,0.0,37.7,72.0,40.3,19.242857142857144,4.0
2020-05-18 00:00:00,49.010000000519135,-72.0355999997223,5.0,1,12.8,0.0,18.4,22.0,9.7,6.9785714285714295,10.0
2019-07-12 00:00:00,50.27690000132232,-65.86760000051041,7.0,1,16.6,5.1,22.9,73.0,2.2,19.807142857142857,6.0
2021-07-25 00:00:00,48.96700000051909,-66.953900000162,7.0,1,25.1,4.3,28.2,43.0,39.8,22.057142857142853,4.0
2023-05-30 00:00:00,48.2953999999101,-72.01159999974016,5.0,1,25.8,0.0,17.7,24.0,57.7,15.657142857142857,6.0
2023-05-03 00:00:00,54.26511475440688,-59.6344338757542,5.0,0,3.7,0.0,17.7,85.0,8.5,5.471428571428572,14.0
2020-06-08 00:00:00,50.25531275741477,-78.15499255118576,6.0,0,11.3,3.8,10.5,49.0,31.2,15.721428571428572,5.0
2021-08-10 00:00:00,46.183800000821854,-74.34350000001591,8.0,1,27.0,3.5,14.7,58.0,32.3,20.36428571428572,1.0
2018-05-13 00:00:00,45.74810000099211,-72.10380000034951,5.0,1,19.2,0.0,14.5,26.0,48.5,16.67857142857143,3.0
2024-07-18 00:00:00,45.512541129936366,-76.50966703220801,7.0,0,20.8,0.7,19.2,58.0,44.9,26.992857142857137,1.0
2023-07-17 00:00:00,56.56667672523063,-73.7861419679117,7.0,0,23.1,1.5,11.9,59.0,93.7,22.0,1.0
2020-09-22 00:00:00,46.56702748409149,-71.65474859794756,9.0,0,17.4,0.0,10.9,54.0,42.7,16.06428571428571,6.0
2024-05-08 00:00:00,48.598034924790134,-75.5250139433096,5.0,0,11.5,0.0,14.8,44.0,22.3,11.535714285714288,3.0
2018-05-14 00:00:00,45.05700000089324,-72.09229999999278,5.0,1,22.3,0.0,19.8,31.0,37.9,17.914285714285715,4.0
2020-07-22 00:00:00,50.07820000113653,-66.99790000037405,7.0,1,22.9,0.0,17.9,42.0,72.1,22.65000000000001,2.0
2019-06-23 00:00:00,47.95380000135229,-69.8189000005164,6.0,1,21.8,0.0,24.4,32.0,45.1,18.46428571428572,3.0
2023-08-17 00:00:00,48.30859999979021,-79.02670000040467,8.0,1,24.3,0.9,32.5,48.0,37.6,21.214285714285715,4.0
2020-06-25 00:00:00,54.90297867492396,-58.14103466127763,6.0,0,6.0,6.0,21.0,97.0,33.6,10.814285714285717,1.0
2018-06-09 00:00:00,56.50800391807984,-69.89358056581592,6.0,0,1.5,0.0,18.3,69.0,24.4,2.5428571428571423,8.0
2024-06-22 00:00:00,53.38171035948733,-71.95528480262072,6.0,0,19.1,0.8,29.0,44.0,46.3,18.56428571428572,1.0
2024-07-08 00:00:00,51.21490000000006,-75.22629999999998,7.0,1,26.8,0.7,20.6,41.0,35.7,20.65714285714285,4.0
2023-05-02 00:00:00,55.21898536213873,-62.474613473058,5.0,0,2.9,0.0,26.5,73.0,7.4,2.171428571428572,13.0
2019-09-01 00:00:00,56.60242204147854,-64.36348643803049,9.0,0,6.9,1.4,45.4,50.0,51.1,14.378571428571432,1.0
2018-07-27 00:00:00,48.74842120591204,-69.22021925861989,7.0,0,28.2,1.4,15.5,55.0,63.2,26.164285714285715,1.0
2020-05-13 00:00:00,49.07650000118765,-68.45740000016033,5.0,1,7.6,0.0,29.6,33.0,52.8,6.207142857142856,1.0
2020-05-21 00:00:00,46.05260000054344,-74.57169999936991,5.0,1,22.8,0.0,14.8,25.0,14.3,11.907142857142858,6.0
2020-06-23 00:00:00,48.48800000082681,-68.4753999996002,6.0,1,26.3,0.0,8.8,74.0,11.9,22.03571428571429,11.0
2021-05-15 00:00:00,48.23970000094727,-72.59479999969994,5.0,1,18.6,2.0,18.6,33.0,29.8,11.271428571428572,2.0
2020-05-05 00:00:00,52.457481122568026,-71.44104353699093,5.0,0,1.5,0.3,14.7,57.0,31.1,0.5285714285714287,4.0
2020-08-21 00:00:00,50.79976283444847,-77.24135046507493,8.0,0,17.6,0.0,8.8,49.0,46.7,22.7,3.0
2020-08-26 00:00:00,54.83634689921298,-64.50942803865104,8.0,0,11.0,24.3,38.9,90.0,58.6,17.285714285714285,1.0
2024-08-03 00:00:00,51.60450000000003,-64.65489999999994,8.0,1,25.2,11.8,23.0,60.0,70.8,21.528571428571432,2.0
2023-09-14 00:00:00,50.609460832934715,-60.83901736678422,9.0,0,18.0,47.4,18.9,94.0,57.4,19.76428571428572,5.0
2022-09-15 00:00:00,50.85649999999998,-74.49299999999994,9.0,1,9.7,4.4,26.6,60.0,23.4,19.42142857142857,1.0
2022-05-27 00:00:00,49.15700326978542,-59.38460356132346,5.0,0,6.5,2.8,22.3,73.0,32.8,6.935714285714284,4.0
2021-06-14 00:00:00,46.00670000083618,-76.8911999999782,6.0,1,24.1,6.1,11.8,50.0,9.1,25.25,9.0
2020-05-18 00:00:00,46.059400001287294,-74.09139999983297,5.0,1,16.1,0.0,16.4,25.0,12.1,9.30714285714286,3.0
2022-08-12 00:00:00,52.550422061134384,-67.49143873046421,8.0,0,15.5,3.9,16.6,70.0,93.2,16.814285714285717,1.0
2024-07-09 00:00:00,56.91602022304786,-77.0848915940333,7.0,0,7.6,0.3,27.0,86.0,31.5,7.721428571428573,1.0
2019-07-07 00:00:00,46.19552245344103,-67.22246754146539,7.0,0,22.3,0.0,16.9,42.0,53.3,22.70714285714286,1.0
2019-09-26 00:00:00,57.64595428950163,-62.60505002031689,9.0,0,10.3,1.8,20.5,55.0,28.9,9.47857142857143,3.0
2021-08-03 00:00:00,48.71439244312269,-70.55446108494249,8.0,0,15.1,4.7,24.9,60.0,54.0,16.65,3.0
2018-06-16 00:00:00,51.53864783503736,-67.95800848761,6.0,0,11.9,0.0,14.7,46.0,39.3,5.035714285714286,4.0
2023-05-07 00:00:00,45.66940000040972,-75.56880000001996,5.0,1,19.7,0.0,14.3,34.0,101.8,11.6,3.0
2021-09-20 00:00:00,47.36390000076285,-74.03810000060015,9.0,1,21.5,0.0,14.8,37.0,36.4,17.54285714285714,2.0
2019-07-22 00:00:00,56.06501029373071,-76.7146947292358,7.0,0,7.0,1.0,18.1,91.0,82.2,15.507142857142856,1.0
2023-05-13 00:00:00,45.64870000000502,-75.59340000040964,5.0,1,16.6,0.0,22.1,31.0,82.0,15.378571428571432,1.0
2022-07-30 00:00:00,45.62779999999998,-76.66869999999994,7.0,1,24.4,0.0,16.9,50.0,40.9,27.31428571428572,2.0
2019-08-09 00:00:00,46.19330000078494,-73.8719000001255,8.0,1,20.9,9.7,16.7,64.0,15.5,26.2,2.0
2021-08-26 00:00:00,46.86110000051096,-78.96640000009538,8.0,1,25.1,0.0,15.5,49.0,8.2,26.42142857142857,1.0
2022-09-19 00:00:00,45.735698532886474,-64.5127708517066,9.0,0,16.0,0.0,15.7,50.0,10.0,19.978571428571424,1.0
2022-08-30 00:00:00,49.02420000000012,-69.92740000000003,8.0,1,26.7,3.4,15.6,57.0,36.0,21.36428571428572,4.0
2024-06-19 00:00:00,48.37570000000005,-72.93269999999995,6.0,1,31.3,2.0,25.6,43.0,52.6,20.8,1.0
2022-06-08 00:00:00,58.71300000000008,-66.01319999999993,6.0,1,18.7,0.0,32.4,41.0,10.9,8.457142857142857,10.0
2020-05-22 00:00:00,46.98180000089507,-70.44620000011223,5.0,1,19.6,0.6,22.4,23.0,22.8,12.492857142857144,6.0
2023-05-08 00:00:00,48.25379999977025,-77.96530000019482,5.0,1,12.1,0.0,16.7,32.0,61.6,11.45,5.0
2020-05-16 00:00:00,51.26490000082479,-69.17980000058405,5.0,1,11.8,0.0,15.7,32.0,6.699999999999999,3.957142857142857,12.0
2018-06-09 00:00:00,46.29790000079252,-73.41609999951737,6.0,1,19.5,0.0,15.5,27.0,43.0,20.61428571428572,2.0
2022-08-12 00:00:00,53.01756214244884,-73.11045761674237,8.0,0,17.9,0.3,14.4,41.0,81.9,17.414285714285715,1.0
2018-06-13 00:00:00,46.60780000068044,-77.02190000014042,6.0,1,24.0,8.0,15.9,59.0,56.2,19.935714285714287,6.0
2023-05-13 00:00:00,48.53360000023986,-69.2571000000649,5.0,1,11.6,0.0,27.7,43.0,33.5,11.035714285714285,5.0
2020-07-13 00:00:00,49.09990923110371,-66.3305821508721,7.0,0,19.6,6.4,17.0,90.0,54.1,21.392857142857142,1.0
2021-08-10 00:00:00,49.35820000083035,-72.78029999932869,8.0,1,25.9,11.9,10.1,75.0,24.0,19.72142857142857,1.0
2022-06-19 00:00:00,55.411227978037,-71.97556369587657,6.0,0,9.1,0.4,17.1,54.0,55.4,16.92142857142857,2.0
2023-07-03 00:00:00,54.87590000028485,-69.49549999972515,7.0,1,26.6,0.0,14.6,34.0,54.8,19.328571428571426,1.0
2022-05-25 00:00:00,55.55688929646965,-76.30737640242948,5.0,0,-0.9,0.8,26.0,69.0,33.2,5.7,1.0
2022-07-27 00:00:00,47.0453,-69.95999999999998,7.0,1,24.4,0.0,17.3,47.0,96.3,24.02142857142857,2.0
2021-09-20 00:00:00,46.49380000123267,-72.82419999953946,9.0,1,20.4,0.0,11.9,48.0,45.9,20.342857142857145,5.0
2020-09-12 00:00:00,47.33902864092003,-66.80071359212995,9.0,0,15.3,0.0,15.6,52.0,50.1,17.442857142857143,2.0
2022-09-01 00:00:00,54.76078697189673,-59.35702808555833,9.0,0,23.3,3.0,29.5,71.0,37.0,17.72857142857143,3.0
2023-07-27 00:00:00,49.89969999985516,-74.14390000028476,7.0,1,22.2,0.0,12.3,40.0,89.2,21.92142857142857,1.0
2018-07-28 00:00:00,48.42620000054609,-68.19890000029247,7.0,1,27.2,0.6,13.0,49.0,46.7,26.14285714285714,2.0
2022-08-19 00:00:00,45.70489576858349,-74.92776767595757,8.0,0,27.5,0.6,12.1,46.0,46.6,24.450000000000006,2.0
2023-06-22 00:00:00,54.682199999830175,-74.85649999987504,6.0,1,29.2,6.3,42.2,38.0,1.9,22.292857142857137,1.0
2023-07-08 00:00:00,49.81599999990016,-74.53750000022478,7.0,1,25.7,6.5,10.0,36.0,63.2,25.42142857142857,1.0
2024-06-28 00:00:00,54.3527582926048,-73.90771509877365,6.0,0,13.4,3.1,28.6,46.0,54.4,16.07142857142857,1.0
2021-05-10 00:00:00,49.16002377905292,-76.07280496935822,5.0,0,10.9,4.1,17.0,55.0,26.8,10.042857142857144,1.0
2022-07-05 00:00:00,58.180385563740465,-64.50303402355873,7.0,0,9.7,0.9,22.0,65.0,64.0,11.37857142857143,1.0
2020-07-30 00:00:00,48.08240000127659,-67.15089999947214,7.0,1,19.5,41.9,11.5,86.0,49.2,23.47857142857143,1.0
2023-05-11 00:00:00,45.62700000024984,-71.91740000030973,5.0,1,22.0,0.0,17.7,32.0,37.3,14.857142857142858,7.0
2019-08-31 00:00:00,48.77970000084725,-72.5957999996011,8.0,1,16.2,0.1,21.9,45.0,43.6,22.8,1.0
2023-06-01 00:00:00,49.75319999968031,-69.55109999976514,6.0,1,28.5,2.2,16.3,35.0,28.9,15.95,8.0
2024-06-27 00:00:00,48.38473384467885,-75.54738625973175,6.0,0,11.5,0.2,20.6,49.0,40.0,22.95,1.0
2018-08-12 00:00:00,48.27380000108994,-68.50569999964256,8.0,1,27.4,0.0,12.1,47.0,62.9,24.635714285714283,3.0
2021-06-24 00:00:00,58.1673650429592,-69.58607521096934,6.0,0,13.1,4.5,32.4,60.0,18.7,10.914285714285716,2.0
2024-06-24 00:00:00,54.84336965515928,-75.03446332973708,6.0,0,15.7,1.1,25.5,40.0,29.8,17.692857142857143,1.0
2024-09-19 00:00:00,54.37468845602584,-63.28719617879713,9.0,0,13.3,0.6,22.3,66.0,42.2,14.528571428571428,7.0
2020-07-22 00:00:00,50.03721474091606,-59.15349988453687,7.0,0,16.1,0.0,35.9,76.0,35.4,14.46428571428571,2.0
2020-09-16 00:00:00,53.649245361420014,-64.28207639609373,9.0,0,9.6,5.9,31.2,56.0,76.5,12.157142857142858,1.0
2020-05-03 00:00:00,45.48430000099835,-76.30769999991837,5.0,1,20.5,1.6,26.2,29.0,38.4,11.192857142857145,1.0
2023-09-16 00:00:00,46.854177332846426,-59.10949602476994,9.0,0,20.2,22.3,48.6,82.0,34.6,18.56428571428572,1.0
2020-05-17 00:00:00,48.012200000906354,-66.74499999934284,5.0,1,14.2,0.0,21.0,29.0,44.9,9.45,5.0
2018-07-02 00:00:00,48.98690000084931,-72.90829999947923,7.0,1,33.7,0.1,27.8,41.0,16.400000000000002,23.821428571428573,2.0
2019-06-11 00:00:00,53.40839325640564,-77.30202002593819,6.0,0,14.1,28.0,28.2,89.0,18.6,11.25,1.0
2018-07-05 00:00:00,51.90450000121313,-76.65340000017875,7.0,1,29.4,9.1,29.6,53.0,25.1,20.42142857142857,3.0
2024-09-06 00:00:00,46.677750900509345,-78.3061726800609,9.0,0,17.2,7.7,17.0,67.0,38.1,22.714285714285715,5.0
2024-06-05 00:00:00,50.45030000000003,-68.22849999999994,6.0,1,26.4,3.9,9.2,41.0,41.5,16.314285714285713,7.0
2019-07-23 00:00:00,51.784112041269466,-78.52005798138336,7.0,0,11.2,0.0,14.6,77.0,68.2,21.807142857142857,1.0
2018-06-03 00:00:00,48.159216810818094,-79.3289668246556,6.0,0,22.9,5.0,18.6,28.0,32.5,21.857142857142858,3.0
2024-07-08 00:00:00,50.64750000000004,-79.16969999999998,7.0,1,28.0,9.0,13.4,46.0,38.1,22.44285714285714,4.0
2021-08-20 00:00:00,53.43301613086227,-67.1168821080951,8.0,0,13.0,0.0,18.0,60.0,52.7,19.178571428571427,4.0
2019-08-21 00:00:00,49.409400000646976,-78.72819999945416,8.0,1,21.3,3.5,10.6,46.0,50.6,20.92142857142857,1.0
2018-05-11 00:00:00,48.09951504873353,-70.64835511741649,5.0,0,3.1,0.9,29.7,38.0,49.5,10.678571428571429,1.0
2019-08-17 00:00:00,54.76366739744416,-63.421139726238295,8.0,0,19.9,3.3,27.0,61.0,60.5,15.142857142857144,2.0
2024-09-22 00:00:00,54.020712649954746,-75.17492832290498,9.0,0,22.7,0.1,22.8,59.0,25.1,17.8,5.0
2023-05-25 00:00:00,51.231382099383595,-70.81898245185347,5.0,0,11.5,0.0,17.1,36.0,43.9,8.607142857142858,2.0
2023-05-17 00:00:00,52.32481792590504,-71.9873435861254,5.0,0,1.3,4.0,25.5,50.0,25.3,8.492857142857142,1.0
2021-09-02 00:00:00,50.2350277252792,-63.77059043226589,9.0,0,15.3,2.9,24.4,64.0,50.1,19.75714285714286,1.0
2023-05-30 00:00:00,50.13109999956538,-61.80920000027976,5.0,1,13.8,0.0,19.4,60.0,47.8,10.964285714285714,2.0
2019-08-17 00:00:00,50.86138460843585,-75.91714181361502,8.0,0,24.7,0.0,15.9,40.0,76.7,18.321428571428573,5.0
2018-08-24 00:00:00,46.45000055642527,-68.99564764234681,8.0,0,26.2,0.0,16.2,46.0,44.4,23.457142857142856,2.0
2018-07-08 00:00:00,51.577800001152376,-76.10420000043396,7.0,1,29.0,7.0,29.6,50.0,34.4,22.378571428571423,1.0
2018-07-28 00:00:00,56.589121682406365,-71.79077953349446,7.0,0,20.4,2.4,20.8,68.0,42.4,16.45714285714286,3.0
2022-09-12 00:00:00,47.14043033277327,-63.927317144796696,9.0,0,19.1,0.0,15.0,79.0,26.5,20.17142857142857,12.0
2023-05-28 00:00:00,50.22880000031984,-66.53719999968018,5.0,1,22.3,0.1,38.2,42.0,28.4,12.835714285714284,4.0
2023-09-04 00:00:00,50.94322661939675,-67.68552165631507,9.0,0,25.0,0.9,12.6,38.0,34.7,17.807142857142857,2.0
2022-05-05 00:00:00,45.74580000000015,-74.27600000000001,5.0,1,15.0,0.0,17.1,34.0,30.2,13.078571428571427,1.0
2019-07-13 00:00:00,52.888517600067345,-60.22918106272273,7.0,0,16.3,5.8,17.0,75.0,42.2,16.757142857142856,3.0
2019-05-04 00:00:00,45.39200000091007,-73.68260000049699,5.0,1,15.2,0.3,7.7,47.0,81.6,11.357142857142858,1.0
2018-09-21 00:00:00,51.058402272169175,-73.32363972401541,9.0,0,17.4,33.7,51.2,73.0,57.9,14.742857142857144,2.0
2020-05-18 00:00:00,46.40270000086401,-72.71350000039726,5.0,1,17.2,0.0,20.9,23.0,14.1,11.564285714285711,3.0
2022-08-12 00:00:00,49.67436882644446,-57.298480908131104,8.0,0,21.4,0.0,11.9,55.0,19.8,21.328571428571426,3.0
2021-08-12 00:00:00,47.3077000010383,-73.40080000039032,8.0,1,28.6,1.8,18.9,60.0,31.5,21.87142857142857,1.0
2022-06-17 00:00:00,58.28899790482939,-64.155785661221,6.0,0,12.3,19.9,19.8,85.0,5.1000000000000005,9.5,6.0
2020-05-07 00:00:00,45.550400000598906,-73.23839999939355,5.0,1,14.9,3.4,20.3,32.0,14.9,13.021428571428572,4.0
2018-06-05 00:00:00,47.414031480496405,-77.79633899409635,6.0,0,9.5,6.5,19.9,82.0,47.3,21.57857142857143,1.0
2024-05-09 00:00:00,47.478315982787734,-78.19252018742853,5.0,0,12.5,0.0,14.8,40.0,28.6,13.85714285714286,4.0
2022-05-13 00:00:00,55.425348148639515,-74.93985102516604,5.0,0,5.2,0.0,20.8,71.0,3.4,1.864285714285714,10.0
2023-05-06 00:00:00,45.70230000044472,-74.13920000027974,5.0,1,20.9,0.0,16.3,30.0,110.0,12.97857142857143,3.0
2019-06-01 00:00:00,53.3141187301481,-61.27148023366313,6.0,0,7.2,1.1,17.5,48.0,33.2,5.414285714285714,1.0
2021-08-26 00:00:00,46.325600000875816,-78.70399999981299,8.0,1,28.3,0.0,13.6,45.0,8.2,27.428571428571427,1.0
2018-07-13 00:00:00,45.13530000115537,-74.20120000042793,7.0,1,31.8,0.0,13.8,23.0,14.3,31.392857142857142,7.0
2021-08-14 00:00:00,56.25707295280519,-61.11126424785078,8.0,0,15.4,15.9,26.6,78.0,34.4,13.385714285714286,1.0
2024-08-19 00:00:00,47.84608901276756,-71.14644440157988,8.0,0,15.7,15.6,18.9,96.0,80.8,19.285714285714285,1.0
2020-06-16 00:00:00,52.26430145252493,-59.9354474787692,6.0,0,15.4,0.5,20.6,44.0,62.7,12.642857142857144,3.0
2021-05-27 00:00:00,47.30175512709007,-76.86800099290029,5.0,0,6.8,0.0,19.8,37.0,25.4,21.985714285714288,1.0
2024-07-08 00:00:00,51.92510000000004,-63.310199999999966,7.0,1,27.7,0.8,16.8,35.0,51.8,19.228571428571428,4.0
2020-09-28 00:00:00,51.31542834298022,-75.68959085903923,9.0,0,14.8,7.7,20.4,78.0,35.6,11.5,1.0
2020-07-04 00:00:00,45.47470000124328,-76.28290000035575,7.0,1,28.7,0.0,12.9,24.0,24.9,28.36428571428572,1.0
2021-06-14 00:00:00,48.90380000099318,-72.38840000014027,6.0,1,24.1,2.4,15.0,40.0,10.6,23.75714285714286,9.0
2019-09-23 00:00:00,54.13666927304772,-78.89066253628037,9.0,0,9.1,0.0,25.5,67.0,38.5,14.942857142857145,1.0
2022-09-28 00:00:00,50.094505374993055,-74.87715648264422,9.0,0,8.8,0.2,18.6,71.0,39.3,14.085714285714284,1.0
2021-08-07 00:00:00,54.6091867096981,-78.29781338630902,8.0,0,12.2,0.0,19.1,67.0,67.0,14.771428571428572,1.0
2022-05-06 00:00:00,46.404321953733174,-64.39493071814354,5.0,0,4.7,0.4,24.7,69.0,46.0,5.85,1.0
2019-05-01 00:00:00,45.48097725811208,-74.12858978260229,5.0,0,5.7,12.4,22.1,42.0,78.0,12.25,4.0
2021-08-01 00:00:00,45.756600000694185,-70.91940000016415,8.0,1,17.5,1.4,13.1,49.0,55.6,18.978571428571428,2.0
2021-07-13 00:00:00,56.17050685381363,-64.294781718783,7.0,0,24.5,0.0,29.5,36.0,60.9,16.75,2.0
2021-05-03 00:00:00,48.70540000086346,-71.3729999995223,5.0,1,10.4,0.0,14.7,33.0,24.9,9.992857142857142,1.0
2018-05-21 00:00:00,46.57320000135948,-75.58030000001303,5.0,1,20.5,0.0,17.6,34.0,25.4,16.635714285714283,1.0
2020-06-17 00:00:00,46.335600001105,-73.21919999996894,6.0,1,31.0,0.0,13.9,26.0,27.2,22.07857142857143,6.0
2020-05-14 00:00:00,46.48720000059377,-72.28499999995945,5.0,1,16.8,0.0,15.3,31.0,36.4,11.650000000000002,6.0
2020-06-22 00:00:00,45.87880000077918,-75.90130000048251,6.0,1,29.4,0.8,11.6,52.0,22.2,23.46428571428572,9.0
2021-06-07 00:00:00,49.59850000073125,-71.31350000061974,6.0,1,30.1,0.3,30.0,39.0,23.3,17.22142857142857,2.0
2021-09-18 00:00:00,48.094100000777935,-77.77820000020427,9.0,1,15.8,3.5,14.8,50.0,58.9,18.17142857142857,1.0
2022-09-05 00:00:00,49.20419339745783,-73.13682851476813,9.0,0,18.5,0.0,8.8,54.0,45.4,20.04285714285714,2.0
2023-06-10 00:00:00,54.00279999972025,-72.17160000013985,6.0,1,21.6,10.4,21.6,38.0,4.0,16.77142857142857,14.0
2023-07-06 00:00:00,50.52553788823442,-61.05571301700813,7.0,0,25.0,0.2,18.7,52.0,93.9,21.300000000000004,1.0
2023-07-04 00:00:00,50.54999999980021,-68.37949999972517,7.0,1,27.8,1.1,11.0,46.0,57.1,23.321428571428573,1.0
2020-07-05 00:00:00,52.48050000115333,-67.6296999999938,7.0,1,16.1,7.5,16.6,59.0,68.5,20.05714285714286,1.0
2018-09-23 00:00:00,58.008188299369706,-65.68404661193058,9.0,0,-1.3,8.4,27.4,75.0,76.3,4.821428571428571,1.0
2024-07-28 00:00:00,51.45870000000008,-64.11889999999994,7.0,1,26.9,2.2,18.2,50.0,62.6,19.928571428571427,2.0
2021-05-17 00:00:00,46.16560000080136,-73.58579999950771,5.0,1,22.6,0.8,14.1,31.0,21.4,14.914285714285713,1.0
2023-07-05 00:00:00,55.68120000027983,-74.90269999990505,7.0,1,27.3,5.3,23.1,44.0,20.6,23.342857142857145,11.0
2024-08-06 00:00:00,45.8470673325115,-77.64229715633876,8.0,0,22.2,0.3,10.9,48.0,69.8,26.821428571428573,1.0
2019-07-21 00:00:00,56.463129102558135,-61.21104913257633,7.0,0,9.3,0.4,21.8,92.0,56.1,11.078571428571427,3.0
2020-05-14 00:00:00,45.64730000081847,-75.836600000367,5.0,1,15.1,0.0,12.7,30.0,47.9,10.564285714285711,6.0
2020-09-18 00:00:00,53.1253725735487,-67.91939595912349,9.0,0,4.2,3.0,43.8,47.0,84.1,9.45,1.0
2023-08-27 00:00:00,49.067234861594926,-63.12289947174621,8.0,0,14.7,0.0,35.1,88.0,50.9,17.242857142857144,1.0
2022-08-14 00:00:00,50.30200000000002,-66.3911,8.0,1,21.4,1.9,16.7,65.0,20.8,21.65,3.0
2023-08-20 00:00:00,51.293161193596426,-77.544332135227,8.0,0,19.8,2.6,29.7,65.0,45.1,21.964285714285715,2.0
2023-08-17 00:00:00,53.982300927527746,-58.784637741349,8.0,0,22.3,0.0,22.4,66.0,27.9,17.471428571428568,3.0
2018-05-18 00:00:00,47.54150000106805,-73.00289999935582,5.0,1,11.8,0.0,12.6,31.0,29.1,14.5,1.0
2024-06-15 00:00:00,53.107579987361405,-75.17761273342826,6.0,0,14.3,0.2,18.7,39.0,18.8,21.70714285714286,1.0
2023-08-24 00:00:00,51.33862939567035,-74.23366526850182,8.0,0,22.3,2.3,16.5,40.0,60.2,20.62857142857143,4.0
2023-06-18 00:00:00,48.729295438552064,-60.01656228292927,6.0,0,9.2,1.0,36.9,85.0,39.0,8.264285714285716,2.0
2021-09-26 00:00:00,50.83647544251192,-61.84265965439763,9.0,0,14.9,9.6,20.7,93.0,62.7,16.007142857142856,1.0
2023-06-01 00:00:00,49.03079999962034,-76.50670000040463,6.0,1,31.8,0.5,16.5,26.0,23.8,17.964285714285715,9.0
2023-06-16 00:00:00,48.09419999983021,-77.76580000026973,6.0,1,21.6,0.1,17.8,34.0,16.0,21.928571428571427,3.0
2018-05-12 00:00:00,45.050605859443934,-64.61773721084356,5.0,0,11.8,0.0,17.3,28.0,58.1,16.514285714285712,2.0
2024-05-16 00:00:00,46.73050000000006,-75.64969999999994,5.0,1,21.7,0.0,14.2,37.0,24.8,15.80714285714286,3.0
2018-08-18 00:00:00,48.75320000071842,-73.12679999948823,8.0,1,21.6,0.0,13.1,26.0,36.2,23.728571428571428,9.0
2019-08-21 00:00:00,46.27070000110381,-75.62070000010331,8.0,1,25.4,9.7,15.5,59.0,34.3,22.15,2.0
2023-09-20 00:00:00,46.66150000012493,-73.42320000037967,9.0,1,18.5,0.0,13.0,53.0,44.4,20.77142857142857,1.0
2024-07-26 00:00:00,52.09389496093152,-66.78588512508267,7.0,0,17.4,0.2,17.3,48.0,77.7,21.485714285714288,1.0
2022-05-09 00:00:00,46.20409999999998,-74.57059999999996,5.0,1,19.8,0.0,12.9,20.0,33.9,12.842857142857142,5.0
2023-08-26 00:00:00,50.88816028142729,-61.9281218118228,8.0,0,14.2,32.4,20.3,91.0,43.1,18.99285714285714,3.0
2024-08-03 00:00:00,49.72959152839663,-62.71015470779723,8.0,0,29.1,0.6,20.2,56.0,16.5,25.050000000000004,2.0
2019-09-07 00:00:00,46.03845710047142,-63.302380998566456,9.0,0,17.0,62.1,90.9,67.0,54.5,20.535714285714285,2.0
2021-09-19 00:00:00,46.3059000013133,-74.6771999998058,9.0,1,16.8,0.0,10.1,46.0,106.9,17.357142857142858,1.0
2018-07-23 00:00:00,58.27690429624902,-74.3572832706615,7.0,0,22.4,0.0,18.1,44.0,12.3,13.1,8.0
2019-05-12 00:00:00,50.420579868058226,-77.3788133668876,5.0,0,13.0,0.0,11.9,31.0,17.3,5.021428571428571,2.0
2018-05-13 00:00:00,46.16890000078001,-76.10529999979588,5.0,1,19.3,0.0,16.1,25.0,31.6,16.478571428571428,3.0
2019-07-16 00:00:00,56.26808957067187,-62.4766219463596,7.0,0,22.0,1.9,15.5,55.0,59.5,15.699999999999998,2.0
2023-06-05 00:00:00,53.78609999981518,-78.90169999975512,6.0,1,17.6,0.0,27.7,43.0,24.3,14.549999999999995,1.0
2023-06-11 00:00:00,45.58289999993508,-75.68860000008988,6.0,1,24.3,3.8,9.5,47.0,15.5,23.592857142857145,2.0
2023-06-01 00:00:00,49.65890000013496,-69.92240000015983,6.0,1,27.9,1.2,15.0,37.0,28.9,15.407142857142858,8.0
2018-09-04 00:00:00,45.41305280464161,-64.12212689143279,9.0,0,24.0,0.5,19.1,41.0,22.1,22.62857142857143,8.0
2019-07-15 00:00:00,53.73188414698308,-76.26394630438153,7.0,0,18.9,0.2,13.4,51.0,29.9,18.985714285714284,2.0
2019-07-20 00:00:00,51.78459414411119,-68.55728235331452,7.0,0,22.3,4.6,18.8,39.0,68.0,18.464285714285715,1.0
2021-08-17 00:00:00,47.83770000058313,-73.60100000044412,8.0,1,27.4,0.0,12.7,44.0,26.3,23.978571428571428,4.0
2021-05-28 00:00:00,45.88060000082039,-75.99320000012513,5.0,1,11.2,0.0,11.5,35.0,7.5,22.81428571428572,2.0
2018-06-26 00:00:00,47.02310000054331,-71.84369999999161,6.0,1,23.0,0.0,16.0,33.0,62.6,21.92142857142857,2.0
2018-07-08 00:00:00,48.960200001261605,-69.18600000029001,7.0,1,28.5,0.9,21.5,32.0,19.8,23.97142857142857,2.0
2022-07-04 00:00:00,45.60057759023057,-76.67029159845292,7.0,0,25.5,0.0,11.0,35.0,37.5,25.25714285714286,3.0
2020-05-21 00:00:00,46.40870000074733,-73.32059999949193,5.0,1,24.8,0.0,16.9,20.0,13.4,12.592857142857143,6.0
2022-07-15 00:00:00,50.69272259707263,-63.14041211253853,7.0,0,22.4,5.2,17.1,50.0,37.6,20.800000000000004,2.0
2024-07-08 00:00:00,50.832700000000045,-74.90779999999995,7.0,1,26.6,2.0,19.7,47.0,35.1,20.285714285714285,4.0
2018-05-25 00:00:00,47.07280000078253,-71.88260000036229,5.0,1,25.1,3.1,17.8,44.0,19.0,14.45,2.0
2021-09-05 00:00:00,52.68073923148263,-66.23856456030406,9.0,0,16.3,0.0,19.8,44.0,74.7,17.21428571428571,3.0
2021-09-25 00:00:00,46.915726522183235,-78.28386973780269,9.0,0,19.4,9.7,25.1,58.0,122.6,19.035714285714285,1.0
2021-08-15 00:00:00,45.85840000106638,-73.87549999973048,8.0,1,21.7,0.0,12.2,44.0,22.3,26.12142857142857,3.0
2021-06-04 00:00:00,46.0836594782884,-57.58992478615173,6.0,0,10.1,9.9,44.1,84.0,47.0,7.6,3.0
2019-06-07 00:00:00,54.72443772162474,-67.33659122043427,6.0,0,4.7,2.1,20.1,68.0,88.39999999999999,3.1357142857142857,1.0
2019-05-17 00:00:00,48.86549724899005,-62.90737261158425,5.0,0,3.8,0.5,17.1,90.0,29.5,3.585714285714286,1.0
2020-07-05 00:00:00,51.01080000096267,-70.5881000002211,7.0,1,17.7,1.7,12.9,47.0,60.6,21.778571428571432,3.0
2023-09-05 00:00:00,51.99017458346647,-59.18891186483228,9.0,0,24.0,0.0,10.2,40.0,146.70000000000002,17.3,5.0
2022-05-10 00:00:00,45.855800000000045,-73.52329999999995,5.0,1,22.8,0.0,11.2,25.0,20.9,15.2,6.0
2018-07-05 00:00:00,46.5028000007574,-78.30719999973034,7.0,1,31.3,3.6,17.3,44.0,24.4,25.53571428571429,3.0
2022-09-04 00:00:00,47.79767230306188,-68.49790994806843,9.0,0,16.3,0.5,16.4,57.0,44.2,21.45714285714286,3.0
2020-06-22 00:00:00,48.14700000123929,-72.69400000060482,6.0,1,30.2,2.4,19.9,41.0,6.7,23.77142857142857,11.0
2020-08-16 00:00:00,46.13211316416496,-66.22227445590416,8.0,0,23.6,2.2,10.1,54.0,20.0,27.742857142857144,4.0
2020-05-09 00:00:00,45.640000000836245,-75.10149999962853,5.0,1,5.4,1.2,25.0,33.0,32.2,13.142857142857142,6.0
2021-07-03 00:00:00,46.64390454899357,-60.91052105692302,7.0,0,13.9,0.0,33.6,66.0,78.3,20.885714285714283,1.0
2019-08-13 00:00:00,46.304691334867925,-61.043727877021695,8.0,0,20.9,10.1,21.3,75.0,39.0,23.29285714285714,1.0
2024-05-23 00:00:00,50.60896107190673,-69.24678948973302,5.0,0,18.2,8.8,21.2,68.0,46.2,16.414285714285715,2.0
2019-05-06 00:00:00,45.54130000056836,-75.7747999996698,5.0,1,21.7,1.9,15.1,31.0,59.9,12.150000000000002,3.0
2023-06-02 00:00:00,49.28170000015496,-68.73670000010486,6.0,1,17.4,3.1,19.6,52.0,46.3,18.3,1.0
2022-05-08 00:00:00,46.00240000000014,-74.21039999999999,5.0,1,15.2,0.0,13.3,22.0,16.3,12.142857142857144,4.0
2020-05-14 00:00:00,46.803566334463966,-62.578636001379735,5.0,0,3.6,0.0,38.7,65.0,71.4,4.671428571428572,2.0
2020-09-28 00:00:00,46.44007947783333,-61.64468882675834,9.0,0,19.4,0.0,36.2,83.0,40.8,16.45,5.0
2019-06-19 00:00:00,45.592409863118085,-70.68760051119499,6.0,0,22.0,0.9,10.2,43.0,42.7,18.692857142857143,3.0
2020-07-28 00:00:00,56.3640934548248,-60.67244408229787,7.0,0,7.2,0.8,34.2,93.0,35.2,10.757142857142854,1.0
2021-07-24 00:00:00,56.56378765430128,-70.15081900169356,7.0,0,25.7,0.0,32.9,29.0,29.2,17.04285714285714,7.0
2021-07-18 00:00:00,47.76983406921942,-69.1312392893156,7.0,0,25.2,0.0,9.9,45.0,37.4,21.62857142857143,2.0
2021-08-19 00:00:00,49.30140000047869,-72.3127000004175,8.0,1,29.8,0.0,10.5,49.0,36.3,25.77142857142857,6.0
2020-05-01 00:00:00,53.41516586588967,-79.2855648212205,5.0,0,-1.3,0.0,24.7,91.0,7.6,-5.1571428571428575,10.0
2023-07-22 00:00:00,50.242180492687375,-70.53422725165476,7.0,0,19.3,49.7,14.2,69.0,139.0,21.135714285714283,1.0
2023-05-07 00:00:00,46.09849999977524,-73.48630000004493,5.0,1,22.1,0.0,21.7,24.0,132.0,13.17857142857143,3.0
2020-06-22 00:00:00,45.40470000075084,-73.89550000026875,6.0,1,31.9,0.0,12.3,42.0,10.8,25.02142857142857,11.0
2024-07-07 00:00:00,48.327088121918,-79.2853167641067,7.0,0,26.9,0.2,12.9,47.0,70.4,21.500000000000004,4.0
2022-09-14 00:00:00,48.74001446363196,-65.49246206490615,9.0,0,17.3,17.3,24.7,84.0,20.8,20.06428571428572,1.0
2024-08-24 00:00:00,46.112380702621266,-61.70014045013615,8.0,0,23.5,1.1,37.4,67.0,27.8,22.42142857142857,4.0
2024-05-25 00:00:00,46.23600000000005,-74.40899999999992,5.0,1,17.3,0.6,9.3,44.0,32.1,19.985714285714288,2.0
2024-07-12 00:00:00,48.44870000000003,-77.67279999999994,7.0,1,28.1,0.0,16.4,34.0,42.6,23.05,3.0
2021-05-28 00:00:00,54.59423795539177,-74.30152356839159,5.0,0,-1.4,0.6,38.9,76.0,34.2,9.807142857142855,1.0
2024-07-26 00:00:00,51.26306130080382,-63.19984616888132,7.0,0,16.4,0.5,25.0,43.0,53.5,21.31428571428572,1.0
2020-06-06 00:00:00,51.95546911612348,-64.11869305226499,6.0,0,9.1,0.0,14.7,45.0,72.8,9.471428571428572,2.0
2020-09-13 00:00:00,47.29479325054409,-74.72083654817368,9.0,0,16.1,20.6,24.5,70.0,77.8,16.321428571428573,3.0
2021-05-12 00:00:00,56.43404053358142,-59.750464902696656,5.0,0,1.4,0.0,33.8,87.0,33.1,1.0357142857142858,2.0
2024-05-17 00:00:00,46.40240000000006,-71.78939999999994,5.0,1,22.6,0.9,13.9,57.0,39.3,17.92857142857143,1.0
2020-06-15 00:00:00,54.978906705693696,-70.2425773597403,6.0,0,12.0,1.3,33.5,54.0,43.2,4.135714285714285,3.0
2020-06-22 00:00:00,49.45540000071378,-70.34749999961059,6.0,1,27.3,2.0,17.6,49.0,16.2,20.778571428571432,1.0
2018-06-28 00:00:00,52.55630000134012,-72.28919999967144,6.0,1,25.0,0.3,19.9,31.0,34.0,15.62857142857143,2.0
2021-07-11 00:00:00,49.19820000056534,-65.40109999954306,7.0,1,21.5,8.1,13.1,60.0,73.0,20.164285714285715,1.0
2023-05-15 00:00:00,47.02700000014994,-79.26809999991502,5.0,1,23.2,0.0,22.1,27.0,37.6,15.52857142857143,3.0
2020-09-01 00:00:00,46.25630858228427,-68.41362599140388,9.0,0,21.1,0.0,20.5,52.0,45.6,19.75,2.0
2019-09-03 00:00:00,45.92490000057851,-76.89419999970661,9.0,1,17.3,2.4,20.1,60.0,30.0,22.87142857142857,1.0
2022-05-04 00:00:00,53.105170386671944,-79.01674124098727,5.0,0,-3.4,2.2,35.3,81.0,28.4,1.907142857142857,1.0
2020-08-07 00:00:00,52.65440000123336,-78.54640000060742,8.0,1,24.6,2.0,16.9,57.0,38.7,21.5,2.0
2022-09-09 00:00:00,58.10115400052885,-65.87003609699983,9.0,0,19.6,0.0,23.9,47.0,59.6,14.207142857142856,5.0
2018-06-13 00:00:00,51.392800000855125,-78.5503000000437,6.0,1,18.8,0.1,18.0,42.0,44.4,17.514285714285716,6.0
2022-08-16 00:00:00,49.0800000000001,-77.11439999999999,8.0,1,25.1,0.6,12.2,48.0,17.6,21.74285714285714,1.0
2020-05-08 00:00:00,46.17690000115135,-74.7898000000832,5.0,1,3.7,0.6,13.6,32.0,23.8,11.685714285714283,1.0
2018-05-19 00:00:00,48.15670000070427,-70.05309999995012,5.0,1,19.2,3.0,15.7,25.0,16.5,11.292857142857144,2.0
2020-09-15 00:00:00,56.69190126625522,-68.60594607880493,9.0,0,7.9,0.6,26.5,68.0,90.6,12.3,1.0
2020-09-25 00:00:00,57.93223782488346,-66.33525511922934,9.0,0,2.7,10.5,32.4,88.0,93.4,8.542857142857143,1.0
2024-08-29 00:00:00,51.43940000000004,-74.57899999999995,8.0,1,19.1,0.0,10.2,42.0,9.2,21.85,2.0
2022-06-10 00:00:00,53.05241556252425,-72.47727034627336,6.0,0,12.5,4.5,17.6,72.0,30.9,14.3,2.0
2023-08-01 00:00:00,54.558491904692175,-70.36970639705973,8.0,0,15.8,2.2,26.5,53.0,56.7,16.65,1.0
2018-07-25 00:00:00,45.98987603845532,-77.00102294069244,7.0,0,23.3,13.0,15.3,91.0,24.1,26.77142857142857,1.0
2019-09-02 00:00:00,57.0864827289452,-61.20475335491694,9.0,0,15.9,5.4,20.9,66.0,29.7,13.278571428571428,2.0
2020-05-15 00:00:00,48.012100000546745,-66.74529999969046,5.0,1,16.8,0.0,17.6,29.0,56.1,8.47857142857143,3.0
2019-07-29 00:00:00,47.47540000072825,-78.49109999944137,7.0,1,25.5,5.8,19.4,58.0,22.0,25.057142857142857,2.0
2024-07-14 00:00:00,53.38800705935,-67.33668371690487,7.0,0,20.7,0.5,18.2,43.0,42.0,19.078571428571426,2.0
2024-08-25 00:00:00,54.14220514713226,-79.08480355740132,8.0,0,14.1,0.0,28.0,84.0,5.3,17.59285714285714,1.0
2024-09-17 00:00:00,56.18483339318056,-78.38146430115319,9.0,0,11.7,0.0,21.7,80.0,6.6000000000000005,10.04285714285714,2.0
2022-05-10 00:00:00,46.03170000000006,-73.41359999999997,5.0,1,23.2,0.0,10.0,22.0,16.7,15.321428571428571,6.0
2024-05-27 00:00:00,48.030800000000056,-71.46059999999994,5.0,1,17.9,3.9,36.2,50.0,30.2,19.06428571428572,2.0
2018-05-03 00:00:00,56.92456662629924,-78.71269408113403,5.0,0,-2.0,0.0,18.0,81.0,8.5,-3.971428571428572,7.0
2019-08-04 00:00:00,46.45110000088326,-73.71999999990749,8.0,1,20.7,0.0,14.2,34.0,21.8,24.09285714285715,1.0
2023-08-05 00:00:00,47.6806590538103,-73.0837661006632,8.0,0,21.0,0.3,17.4,55.0,58.6,21.61428571428572,1.0
2021-05-05 00:00:00,53.481650262181006,-73.55725703260505,5.0,0,5.8,4.4,17.1,72.0,42.3,0.4214285714285716,3.0
2019-05-22 00:00:00,54.329448936862896,-69.8744553987184,5.0,0,3.8,0.0,13.8,86.0,24.6,2.8999999999999995,11.0
2018-06-12 00:00:00,48.74590000085463,-72.51000000027348,6.0,1,28.8,0.4,37.1,22.0,27.4,19.0,5.0
2024-06-25 00:00:00,50.21700000000004,-66.35639999999997,6.0,1,21.5,0.0,17.4,42.0,7.4,20.52142857142857,11.0
2021-06-14 00:00:00,47.61240000119953,-74.45420000023168,6.0,1,23.1,9.9,9.8,46.0,11.2,22.12857142857143,8.0
2019-05-18 00:00:00,45.812876542195205,-78.91355114967557,5.0,0,11.4,1.2,14.5,48.0,43.2,12.95,1.0
2019-09-23 00:00:00,56.03009991757204,-57.90117063215817,9.0,0,7.2,4.0,49.3,87.0,25.3,6.771428571428572,1.0
2021-07-15 00:00:00,47.451126605165456,-63.85554137564784,7.0,0,18.9,0.2,35.5,78.0,85.1,16.514285714285716,5.0
2022-05-08 00:00:00,56.18369462885819,-57.94073538147094,5.0,0,-0.4,0.0,41.1,67.0,24.5,0.0642857142857142,3.0
2023-05-12 00:00:00,45.83159999974026,-75.11970000015486,5.0,1,23.1,0.8,19.2,37.0,74.6,14.87857142857143,8.0
2020-05-07 00:00:00,45.44960000086751,-72.07479999949996,5.0,1,12.9,1.2,17.6,27.0,15.4,11.30714285714286,2.0
2018-06-28 00:00:00,51.82830000134004,-65.25619999979145,6.0,1,24.0,3.1,15.5,51.0,34.1,13.37857142857143,2.0
2024-06-06 00:00:00,56.49042505157138,-60.16672486723435,6.0,0,6.3,0.0,35.2,90.0,11.9,3.321428571428572,3.0
2022-06-18 00:00:00,54.373692727112854,-73.84194360923969,6.0,0,10.2,0.0,34.7,45.0,34.8,18.42142857142857,1.0
2022-08-14 00:00:00,57.48548055337509,-71.33305255613247,8.0,0,17.6,0.2,35.5,56.0,74.2,14.664285714285713,1.0
2019-06-07 00:00:00,46.41650000049507,-75.36310000051705,6.0,1,19.6,0.4,16.9,41.0,39.6,16.47142857142857,4.0
2019-08-06 00:00:00,47.53620000058008,-69.80759999975722,8.0,1,24.1,0.0,21.9,63.0,12.0,23.442857142857143,3.0
2018-06-03 00:00:00,48.05600000100783,-71.93199999972121,6.0,1,18.1,0.0,13.8,31.0,32.9,18.3,2.0
2022-08-12 00:00:00,47.970845757896285,-77.96015309628852,8.0,0,21.1,0.0,13.5,40.0,50.7,22.278571428571432,2.0
2023-06-01 00:00:00,47.43630000014497,-75.10439999966025,6.0,1,30.7,0.5,13.9,31.0,41.4,18.592857142857145,8.0
2019-07-20 00:00:00,47.172000000633794,-72.80610000028437,7.0,1,30.6,0.0,17.5,40.0,58.4,24.578571428571426,1.0
2019-05-05 00:00:00,45.89620000071187,-75.16989999991118,5.0,1,17.9,0.0,11.8,32.0,54.0,10.464285714285712,2.0
2024-09-22 00:00:00,54.05336989679035,-74.96254715062435,9.0,0,22.4,0.1,23.3,56.0,29.5,17.564285714285713,5.0
2023-05-27 00:00:00,53.16689999963535,-75.26659999989005,5.0,1,21.8,4.0,27.4,49.0,16.4,7.035714285714285,4.0
2022-06-09 00:00:00,55.89741562415162,-78.49629497793687,6.0,0,4.0,1.0,40.1,84.0,2.2,5.485714285714285,1.0
2021-09-21 00:00:00,52.83637157054336,-74.42914920260387,9.0,0,20.1,25.1,32.4,54.0,75.5,14.042857142857144,1.0
2024-08-05 00:00:00,50.59187827836183,-78.92024435319794,8.0,0,19.8,0.1,19.7,40.0,29.6,25.59285714285713,2.0
2020-09-14 00:00:00,58.13726729908032,-62.168142465866296,9.0,0,9.0,4.8,51.7,85.0,33.6,8.457142857142857,1.0
2021-07-25 00:00:00,49.50344460081761,-78.68083084173465,7.0,0,24.3,8.1,18.1,49.0,57.3,23.14285714285714,1.0
2024-05-20 00:00:00,46.11800000000005,-70.69459999999998,5.0,1,26.4,0.5,13.2,50.0,46.2,18.37142857142857,2.0
2021-06-15 00:00:00,49.15490000092106,-72.00799999936132,6.0,1,19.6,2.5,24.7,26.0,24.3,22.121428571428577,8.0
2019-06-29 00:00:00,47.30380000073161,-75.60529999930606,6.0,1,23.1,7.8,13.3,62.0,37.7,20.95,2.0
2023-05-10 00:00:00,46.30300000005002,-73.81270000010488,5.0,1,19.6,0.0,20.3,30.0,91.9,12.39285714285714,6.0
2022-07-25 00:00:00,58.520111734496325,-73.21244102069561,7.0,0,15.3,6.2,34.6,79.0,13.6,16.685714285714287,2.0
2023-06-03 00:00:00,48.93299999965029,-79.0530000000499,6.0,1,26.0,0.0,14.6,22.0,9.1,21.24285714285714,11.0
2018-06-26 00:00:00,46.51520000046296,-77.42530000047307,6.0,1,23.2,0.0,9.9,33.0,25.4,21.907142857142865,6.0
2022-09-26 00:00:00,57.26611076563799,-78.8919736054509,9.0,0,6.1,0.0,24.6,95.0,8.4,6.714285714285714,6.0
2021-06-17 00:00:00,45.873165984180304,-78.52338453967741,6.0,0,23.2,0.0,18.9,30.0,18.4,23.964285714285715,3.0
2020-08-12 00:00:00,50.23530000070827,-60.04970000065268,8.0,1,21.8,4.5,20.0,84.0,21.5,20.642857142857142,6.0
2018-07-27 00:00:00,47.031911481207096,-69.1531260204291,7.0,0,27.9,0.3,13.6,48.0,54.2,25.87857142857143,1.0
2020-07-13 00:00:00,48.018811108446485,-62.99264582787366,7.0,0,19.2,0.0,34.4,81.0,67.0,16.864285714285714,1.0
2023-05-18 00:00:00,49.24242239133336,-65.45776818064547,5.0,0,7.9,1.1,30.3,40.0,31.0,8.7,3.0
2020-07-27 00:00:00,54.417113541199434,-61.962221811833984,7.0,0,13.4,0.8,18.8,69.0,33.6,19.67857142857144,2.0
2024-06-06 00:00:00,45.86316483824741,-68.07516038018413,6.0,0,24.9,0.1,16.7,55.0,30.9,21.56428571428572,9.0
2021-05-24 00:00:00,47.7879942990315,-57.53257539254895,5.0,0,5.6,0.1,31.1,40.0,49.8,9.757142857142856,1.0
2024-06-19 00:00:00,55.77147888641724,-69.31692678348857,6.0,0,24.5,7.4,39.8,62.0,51.9,17.92142857142857,2.0
2022-05-01 00:00:00,46.19439999999997,-77.68849999999998,5.0,1,17.8,0.0,17.6,34.0,48.2,9.9,4.0
2019-09-14 00:00:00,47.0117000011406,-71.34249999992977,9.0,1,14.8,17.0,16.4,70.0,66.8,16.242857142857144,3.0
2018-05-12 00:00:00,47.60950000061617,-79.47200000043404,5.0,1,16.6,0.0,9.8,27.0,52.3,14.05714285714286,2.0
2023-06-01 00:00:00,48.38369999975527,-76.63160000003995,6.0,1,30.5,1.0,11.4,31.0,34.300000000000004,18.442857142857147,9.0
2019-09-02 00:00:00,53.70374334617322,-64.01830671677409,9.0,0,12.7,13.2,38.7,66.0,60.3,17.235714285714288,1.0
2019-06-22 00:00:00,55.17285789573309,-63.14929599721002,6.0,0,11.9,0.1,18.4,64.0,37.4,12.157142857142857,2.0
2019-09-06 00:00:00,45.61384031429953,-69.23614138584804,9.0,0,18.1,0.3,10.6,46.0,60.9,19.96428571428571,2.0
2020-06-17 00:00:00,46.438300000562144,-73.17099999994856,6.0,1,30.7,0.0,14.2,26.0,21.6,21.27857142857142,6.0
2023-06-06 00:00:00,45.68640000015995,-75.6836999998551,6.0,1,19.1,1.8,20.7,48.0,9.9,23.514285714285712,4.0
2023-06-05 00:00:00,52.86511092162875,-68.0042388742358,6.0,0,12.2,1.7,32.4,59.0,29.6,13.0,8.0
2023-08-27 00:00:00,45.28798535536416,-57.28036482947516,8.0,0,19.8,6.4,39.7,75.0,67.0,19.057142857142853,5.0
2020-07-06 00:00:00,50.23650000087325,-73.2743000006275,7.0,1,25.2,0.0,12.4,25.0,50.0,23.56428571428572,8.0
2019-06-12 00:00:00,57.973175244041855,-58.01583230526617,6.0,0,5.3,0.0,32.8,89.0,39.5,5.235714285714286,5.0
2021-09-24 00:00:00,54.94514642552325,-72.90028060020927,9.0,0,11.8,19.0,38.0,73.0,54.900000000000006,10.814285714285711,3.0
2022-08-09 00:00:00,55.859484325528534,-61.78228440471456,8.0,0,20.1,0.0,18.0,37.0,69.5,18.000000000000004,1.0
2023-08-10 00:00:00,51.053899999685314,-79.13249999967519,8.0,1,21.2,3.7,15.0,64.0,24.1,21.87857142857143,1.0
2024-06-10 00:00:00,52.55992416425647,-60.780814477730615,6.0,0,16.9,0.6,14.3,62.0,26.2,15.87142857142857,8.0
2022-05-08 00:00:00,48.11300000000011,-65.02879999999993,5.0,1,11.2,0.0,23.2,39.0,28.6,7.292857142857144,8.0
2021-05-15 00:00:00,46.12970000090451,-74.39689999989896,5.0,1,19.2,0.5,15.3,30.0,19.5,11.521428571428572,4.0
2023-05-30 00:00:00,47.3327999999201,-73.77779999957028,5.0,1,26.1,0.0,11.7,26.0,32.6,16.400000000000002,6.0
2023-08-17 00:00:00,45.808211436003816,-76.93164611843862,8.0,0,26.4,1.3,20.0,52.0,119.0,23.435714285714283,4.0
2020-05-25 00:00:00,48.0594000013084,-65.25250000033614,5.0,1,20.9,0.0,26.6,39.0,6.3,13.100000000000003,7.0
2021-08-22 00:00:00,49.92540837842492,-71.16264489902679,8.0,0,26.3,1.2,12.2,67.0,36.2,24.128571428571423,9.0
2022-08-04 00:00:00,58.29325372204752,-65.30758820527996,8.0,0,13.4,9.0,31.6,67.0,40.0,15.842857142857143,1.0
2023-08-17 00:00:00,46.60399999970031,-74.84420000012989,8.0,1,24.8,1.3,18.4,56.0,93.6,21.735714285714288,4.0
2022-05-02 00:00:00,45.85840000000008,-73.42399999999992,5.0,1,19.0,1.1,22.0,45.0,53.9,11.864285714285714,5.0
2019-07-01 00:00:00,46.666212486241186,-62.92581021008444,7.0,0,12.9,6.9,45.1,89.0,77.0,15.3,1.0
2020-05-07 00:00:00,45.27330000081531,-72.65359999988475,5.0,1,14.0,2.8,17.7,28.0,11.9,12.235714285714286,3.0
2023-08-09 00:00:00,57.148227364689944,-59.1788421741534,8.0,0,8.4,0.0,37.1,89.0,30.0,7.814285714285712,3.0
2019-07-27 00:00:00,46.48730000132709,-78.24490000043879,7.0,1,26.1,4.7,22.7,48.0,16.8,25.12142857142857,8.0
2021-06-07 00:00:00,46.30660000051502,-75.47840000058063,6.0,1,29.3,0.3,21.4,45.0,13.6,20.342857142857145,2.0
2023-09-19 00:00:00,54.57627647776648,-74.22316111360158,9.0,0,10.8,0.2,15.5,70.0,17.1,14.35,2.0
2024-07-07 00:00:00,55.80466417118629,-66.437540437811,7.0,0,18.1,1.5,20.9,52.0,83.1,14.735714285714284,1.0
2018-07-02 00:00:00,49.25840000095794,-69.34990000053364,7.0,1,28.5,8.1,20.5,59.0,22.3,20.278571428571432,2.0
2018-07-18 00:00:00,48.14240000117651,-77.44930000024554,7.0,1,19.8,0.0,14.0,39.0,50.1,25.82857142857143,2.0
2018-07-14 00:00:00,49.2888000011297,-75.87750000047996,7.0,1,24.3,10.6,16.0,70.0,35.3,25.021428571428576,1.0
2020-05-23 00:00:00,46.140200001269456,-75.13140000055449,5.0,1,23.8,0.0,14.0,22.0,11.9,14.571428571428571,8.0
2022-05-26 00:00:00,52.61625584225705,-78.48458964296135,5.0,0,16.2,0.0,16.2,43.0,31.2,13.357142857142858,2.0
2023-05-29 00:00:00,45.65360000023986,-74.67799999980014,5.0,1,22.6,0.0,16.6,25.0,24.4,19.107142857142858,5.0
2019-07-27 00:00:00,50.43503802645283,-77.06384448098044,7.0,0,25.1,14.2,25.6,55.0,42.7,21.414285714285715,5.0
2021-06-14 00:00:00,47.22514381754395,-66.15723333338225,6.0,0,21.3,3.5,21.4,46.0,53.9,20.678571428571423,9.0
2024-05-10 00:00:00,58.040784212459734,-72.12357086725885,5.0,0,4.2,0.0,15.5,47.0,17.6,1.3214285714285714,4.0
2022-08-18 00:00:00,48.63711810765471,-68.13323158046896,8.0,0,17.5,35.2,34.8,70.0,18.8,20.67142857142857,9.0
2019-07-23 00:00:00,46.75070000109235,-78.83200000012899,7.0,1,21.7,0.0,16.3,37.0,22.5,26.292857142857144,4.0
2021-09-15 00:00:00,52.99478841930255,-65.25673887105191,9.0,0,9.0,3.6,36.6,72.0,41.1,12.935714285714283,2.0
2023-07-02 00:00:00,56.86629999964532,-66.16019999993,7.0,1,24.0,2.5,11.9,54.0,9.2,20.185714285714287,5.0
2018-07-16 00:00:00,46.309700000996806,-78.10269999956068,7.0,1,31.1,0.6,15.9,38.0,13.4,28.96428571428572,3.0
2023-09-19 00:00:00,51.96897699435078,-68.23802851505417,9.0,0,13.8,3.3,15.5,72.0,60.4,17.12857142857143,1.0
2022-08-01 00:00:00,47.34489482707438,-70.19434027248727,8.0,0,26.4,0.0,27.8,64.0,63.6,25.52142857142857,3.0
2022-06-01 00:00:00,52.33222395408248,-72.91431006331821,6.0,0,18.2,0.0,17.9,30.0,48.8,10.942857142857145,4.0
2019-08-12 00:00:00,51.41706175194385,-74.85816756155047,8.0,0,15.8,4.7,18.4,59.0,61.8,19.58571428571429,1.0
2021-08-05 00:00:00,53.36199221290639,-62.83139254848484,8.0,0,23.9,0.0,22.3,40.0,48.6,17.32142857142857,1.0
2019-05-02 00:00:00,48.23509840903766,-61.80062926641504,5.0,0,2.0,0.0,42.7,74.0,64.4,2.1142857142857143,4.0
2023-06-01 00:00:00,48.93699999975024,-71.34489999983509,6.0,1,29.1,1.9,15.1,34.0,42.8,16.9,8.0
2024-05-19 00:00:00,50.24620000000005,-63.46369999999995,5.0,1,12.5,0.2,17.4,65.0,17.0,12.892857142857142,11.0
2018-07-08 00:00:00,48.86420000137606,-76.53279999964403,7.0,1,28.8,0.0,27.2,38.0,31.7,24.90714285714285,3.0
2021-05-26 00:00:00,53.84500000068643,-72.05280000007289,5.0,1,16.1,12.2,48.1,71.0,22.1,9.342857142857142,1.0
2019-05-03 00:00:00,53.86804426521944,-60.2738847587344,5.0,0,0.4,0.0,26.9,82.0,25.4,2.278571428571429,2.0
2020-09-23 00:00:00,45.63630000090348,-70.89700000058626,9.0,1,17.1,0.6,24.6,64.0,8.5,16.00714285714286,9.0
2022-08-05 00:00:00,48.361300000000085,-64.69330000000002,8.0,1,26.9,0.2,19.8,48.0,20.9,23.635714285714283,3.0
2023-07-07 00:00:00,56.972099999815214,-67.35999999999996,7.0,1,14.5,21.2,19.4,83.0,17.2,23.25714285714286,1.0
2023-05-15 00:00:00,46.064400000159935,-76.29060000028977,5.0,1,21.0,0.0,27.2,21.0,43.1,15.385714285714286,11.0
2023-05-14 00:00:00,50.42094047798992,-71.9437621363743,5.0,0,9.7,0.0,21.9,37.0,13.9,9.007142857142858,1.0
2018-09-10 00:00:00,46.55190000059538,-76.2147999997472,9.0,1,16.2,5.3,15.2,51.0,38.2,21.87142857142857,5.0
2019-06-06 00:00:00,47.7190350509486,-70.77696926455998,6.0,0,14.0,0.0,19.4,31.0,57.1,12.785714285714286,1.0
2023-05-21 00:00:00,49.788258276721464,-66.82513118213708,5.0,0,10.7,18.0,34.2,54.0,11.2,8.564285714285715,1.0
2020-08-11 00:00:00,47.4898000012466,-75.3122999998259,8.0,1,23.5,17.3,19.2,79.0,103.0,22.52142857142857,6.0
2019-09-12 00:00:00,53.64196695364083,-71.54679139762126,9.0,0,6.7,1.9,25.2,75.0,54.2,9.842857142857142,3.0
2021-05-15 00:00:00,45.17380000058152,-73.8089000000361,5.0,1,22.2,0.0,18.8,27.0,17.7,14.435714285714283,3.0
2021-08-04 00:00:00,57.759105477063216,-59.65421334669013,8.0,0,9.2,0.6,26.5,80.0,43.4,7.721428571428571,2.0
2018-07-05 00:00:00,52.66360000055379,-77.50919999925435,7.0,1,27.9,3.3,34.2,54.0,24.6,19.00714285714286,2.0
2018-05-26 00:00:00,48.27530000134976,-79.1448000001095,5.0,1,19.9,0.9,14.5,29.0,22.0,17.607142857142858,1.0
2018-07-19 00:00:00,51.42340537308421,-65.76364267071258,7.0,0,17.5,0.6,20.8,43.0,30.1,18.03571428571428,2.0
2021-09-20 00:00:00,55.97952961603689,-58.22722040051727,9.0,0,5.7,0.7,35.6,73.0,73.5,8.285714285714286,2.0
2023-07-05 00:00:00,53.540540420636646,-61.29718688138961,7.0,0,25.6,0.0,9.4,36.0,71.4,21.79285714285714,2.0
2023-07-22 00:00:00,56.33181928507026,-65.61282461371377,7.0,0,19.8,0.0,17.2,47.0,50.0,22.542857142857144,1.0
2018-05-23 00:00:00,52.464565592804774,-59.06377805852479,5.0,0,1.1,3.5,19.5,46.0,29.1,2.1142857142857143,2.0
2018-07-29 00:00:00,51.46130000102012,-63.46469999988333,7.0,1,23.0,1.0,15.2,47.0,37.7,24.092857142857145,1.0
2024-06-13 00:00:00,48.07560000000007,-77.89239999999995,6.0,1,22.6,8.1,24.6,61.0,46.3,20.87857142857144,3.0
2018-05-18 00:00:00,46.991500000637366,-72.17390000034376,5.0,1,13.0,0.0,11.3,29.0,31.4,15.421428571428573,8.0
2022-06-16 00:00:00,50.6678,-59.67779999999999,6.0,1,29.5,1.0,18.4,28.0,29.1,17.328571428571426,6.0
2023-08-05 00:00:00,55.86678438663455,-70.129222742939,8.0,0,17.5,4.8,30.8,73.0,32.6,15.764285714285714,3.0
2021-08-07 00:00:00,56.90643886977776,-65.43394827780081,8.0,0,9.7,2.5,24.4,66.0,41.0,14.400000000000002,1.0
2019-06-13 00:00:00,46.70810000096212,-72.16440000027237,6.0,1,21.1,1.1,21.3,45.0,61.0,19.185714285714283,2.0
2022-05-08 00:00:00,53.69086381365214,-62.01035436742771,5.0,0,0.6,0.0,26.8,67.0,27.5,-0.6857142857142858,4.0
2020-09-22 00:00:00,52.0603112082898,-66.94576419221222,9.0,0,19.0,0.0,10.8,52.0,49.2,9.664285714285716,4.0
2019-07-10 00:00:00,57.0742793545541,-76.48587801872516,7.0,0,21.6,5.8,29.6,51.0,38.9,15.421428571428567,3.0
2018-06-15 00:00:00,57.61932576564829,-79.34699028760116,6.0,0,3.1,0.0,18.6,87.0,2.4000000000000004,1.785714285714286,4.0
2021-05-30 00:00:00,45.32110000090873,-72.6053000004598,5.0,1,17.7,2.0,12.7,33.0,10.6,22.292857142857144,4.0
2020-06-09 00:00:00,56.5638956713828,-59.18711881909505,6.0,0,0.9,1.5,44.7,85.0,48.2,2.421428571428572,3.0
2019-08-23 00:00:00,57.84514746125245,-62.288292229748464,8.0,0,5.9,0.0,13.8,88.0,58.3,9.407142857142858,3.0
2021-05-18 00:00:00,46.20900000051109,-72.35810000032804,5.0,1,23.8,0.1,14.4,19.0,31.8,16.650000000000002,4.0
2024-09-06 00:00:00,48.22242669459597,-77.85043112618276,9.0,0,18.3,7.0,18.5,70.0,40.0,21.87857142857143,5.0
2024-07-08 00:00:00,47.2912997060364,-75.83124566921282,7.0,0,24.9,0.0,13.6,52.0,40.5,21.8,2.0
2018-08-09 00:00:00,54.25578428026216,-72.38304557517542,8.0,0,19.9,8.5,30.6,69.0,66.3,18.65,4.0
2021-07-28 00:00:00,52.79425712080601,-68.61210132213218,7.0,0,11.2,3.2,20.9,59.0,37.1,16.45,1.0
2021-06-22 00:00:00,49.15980000131528,-71.50560000030939,6.0,1,18.1,2.7,19.8,45.0,39.1,20.371428571428577,1.0
2023-07-09 00:00:00,56.4847108435744,-75.95921328064256,7.0,0,19.4,8.4,15.7,60.0,30.2,20.657142857142865,1.0
2021-07-04 00:00:00,47.64410000048978,-79.4230000003066,7.0,1,27.2,0.0,14.9,45.0,72.3,21.550000000000004,3.0
2018-09-04 00:00:00,51.23979717444449,-61.58766806747685,9.0,0,17.5,0.5,27.0,39.0,39.4,19.77142857142857,1.0
2018-06-03 00:00:00,46.19270000090211,-71.68610000021934,6.0,1,20.4,0.0,18.7,26.0,37.7,21.21428571428572,2.0
2021-08-22 00:00:00,45.44420000125279,-72.16009999964764,8.0,1,28.5,0.2,16.0,51.0,22.3,26.81428571428572,8.0
2020-05-17 00:00:00,48.933900001248375,-72.72420000002042,5.0,1,10.0,0.0,15.3,25.0,18.7,6.1571428571428575,9.0
2023-08-16 00:00:00,56.223585381238024,-60.19415064979623,8.0,0,9.9,0.0,30.3,86.0,26.5,8.414285714285713,3.0
2018-07-07 00:00:00,48.47790000127495,-67.1585000004881,7.0,1,19.4,0.0,26.5,38.0,44.9,23.414285714285715,1.0
2024-07-29 00:00:00,46.20680000000005,-76.04999999999994,7.0,1,28.6,0.0,10.1,50.0,49.5,24.571428571428573,4.0
2021-07-09 00:00:00,53.525787609470925,-70.68723782700388,7.0,0,17.3,1.6,25.8,42.0,59.9,17.342857142857145,3.0
2024-07-19 00:00:00,47.36684337532347,-62.89156430537032,7.0,0,23.0,0.0,35.3,68.0,39.3,21.028571428571432,1.0
2024-08-13 00:00:00,49.69656852771207,-67.28426095790425,8.0,0,20.5,5.4,13.2,70.0,50.1,23.36428571428571,1.0
2024-06-01 00:00:00,54.06703824372701,-72.78221050119363,6.0,0,21.8,5.3,25.9,54.0,42.4,12.178571428571429,4.0
2023-05-02 00:00:00,56.371703558958345,-57.61700912875758,5.0,0,2.1,0.0,21.4,85.0,6.4,1.307142857142857,13.0
2019-06-19 00:00:00,52.35975586758799,-72.664580337012,6.0,0,11.2,1.9,7.9,64.0,61.9,13.278571428571428,1.0
2021-09-18 00:00:00,49.6495451200196,-71.77014371881278,9.0,0,16.3,2.3,18.0,54.0,95.1,15.95714285714286,3.0
2023-05-14 00:00:00,45.92379999957035,-75.97009999981509,5.0,1,15.4,0.0,17.4,32.0,59.2,15.87857142857143,10.0
2023-06-01 00:00:00,48.8513000001949,-70.47469999990506,6.0,1,27.3,0.5,15.1,33.0,35.5,15.664285714285716,8.0
2022-09-03 00:00:00,56.02619868879125,-74.00328392747925,9.0,0,16.5,7.4,50.4,71.0,100.8,15.064285714285717,1.0
2023-06-21 00:00:00,54.530600000089976,-77.67709999996498,6.0,1,28.4,0.1,26.3,34.0,0.4,23.657142857142865,14.0
2022-08-16 00:00:00,50.0717884802882,-59.21823767111114,8.0,0,19.5,0.0,19.2,85.0,30.9,18.442857142857147,1.0
2018-07-14 00:00:00,57.74837989314784,-75.74859838263764,7.0,0,15.3,5.5,24.5,87.0,92.7,13.47142857142857,1.0
2022-08-15 00:00:00,45.719500000000096,-75.70339999999993,8.0,1,24.4,0.0,13.0,43.0,92.0,24.414285714285715,4.0
2023-05-06 00:00:00,46.027099999565394,-74.67089999973518,5.0,1,19.2,0.0,14.2,32.0,92.1,11.614285714285714,2.0
2022-06-17 00:00:00,50.02036917157069,-57.56683570447135,6.0,0,19.8,0.7,24.1,41.0,6.7,14.764285714285714,7.0
2022-05-07 00:00:00,45.76600000000013,-71.94290000000001,5.0,1,13.3,0.0,15.1,28.0,23.7,12.878571428571428,3.0
2019-05-12 00:00:00,55.91562384195386,-69.91365415144764,5.0,0,0.7,0.0,25.3,76.0,45.4,-1.614285714285714,1.0
2021-08-22 00:00:00,45.99940000124421,-76.11239999987032,8.0,1,27.8,3.9,8.8,69.0,50.5,26.578571428571426,1.0
2021-05-19 00:00:00,45.72900000068029,-74.48850000034655,5.0,1,27.5,0.0,12.2,33.0,14.9,16.314285714285713,3.0
2018-06-15 00:00:00,48.24780000075138,-77.62730000052225,6.0,1,22.6,0.0,14.5,31.0,56.7,19.035714285714285,1.0
2020-06-16 00:00:00,47.319900001333686,-73.06759999981907,6.0,1,26.5,0.0,13.1,26.0,10.4,19.04285714285714,5.0
2023-07-25 00:00:00,45.79158236353773,-72.34407089636183,7.0,0,25.3,2.7,14.8,68.0,122.0,25.61428571428572,3.0
2021-05-15 00:00:00,45.93370000126892,-74.29710000056436,5.0,1,19.3,0.2,14.4,30.0,18.7,11.87142857142857,4.0
2024-07-08 00:00:00,51.88190000000003,-64.86419999999998,7.0,1,26.4,0.1,18.7,35.0,54.5,18.607142857142858,3.0
2023-06-01 00:00:00,49.2593999997103,-74.98649999997497,6.0,1,29.6,1.1,18.5,32.0,24.3,17.72142857142857,8.0
2019-05-21 00:00:00,51.863665232765335,-70.50021989984756,5.0,0,2.7,14.5,17.4,82.0,40.1,5.921428571428571,1.0
2021-08-23 00:00:00,57.86441925066864,-77.5345743947502,8.0,0,9.2,0.0,53.3,81.0,26.3,11.064285714285711,1.0
2020-05-14 00:00:00,46.06820000094925,-74.84000000053359,5.0,1,14.7,0.3,11.2,28.0,26.1,9.55,7.0
2023-06-23 00:00:00,48.67569999985517,-78.24049999987506,6.0,1,28.8,0.0,13.4,37.0,13.2,23.642857142857142,5.0
2020-05-21 00:00:00,47.03250000099553,-71.0546000004424,5.0,1,24.4,0.0,21.9,20.0,20.5,10.528571428571428,5.0
2018-09-26 00:00:00,52.053582441607176,-61.418301088643354,9.0,0,12.0,7.1,27.1,87.0,26.7,10.385714285714284,1.0
2020-07-14 00:00:00,55.15430664734461,-77.81821083751149,7.0,0,26.3,0.0,30.9,26.0,18.8,21.85,3.0
2024-07-05 00:00:00,45.669764166011376,-66.1441463731189,7.0,0,24.5,0.0,17.3,70.0,53.7,23.971428571428568,5.0
2020-05-21 00:00:00,48.15050000090452,-66.48559999979622,5.0,1,25.3,0.0,20.3,28.0,12.4,11.75,9.0
2022-07-02 00:00:00,52.25067745637613,-67.78844151599476,7.0,0,19.3,4.7,28.5,37.0,50.1,16.071428571428573,1.0
2020-06-22 00:00:00,45.76010000135628,-74.13720000018898,6.0,1,31.8,0.1,13.0,40.0,17.5,25.007142857142856,11.0
2018-05-28 00:00:00,46.55715089360964,-60.919745816926216,5.0,0,13.3,0.0,19.5,32.0,52.0,10.807142857142855,2.0
2018-06-14 00:00:00,49.96585741924509,-69.63202267317928,6.0,0,15.6,0.0,18.3,38.0,20.6,14.335714285714284,2.0
2023-05-04 00:00:00,45.4105645098621,-67.41782342982673,5.0,0,7.5,3.1,20.8,80.0,33.0,12.157142857142858,3.0
2020-05-03 00:00:00,45.32410000056707,-72.78589999993409,5.0,1,19.3,1.0,21.8,45.0,17.3,11.314285714285717,2.0
2019-05-07 00:00:00,45.65950000060414,-75.87199999979903,5.0,1,12.8,0.2,18.7,48.0,56.7,11.55,1.0
2020-05-21 00:00:00,45.89210000099018,-74.99439999937312,5.0,1,23.3,0.0,13.9,25.0,13.5,12.178571428571429,6.0
2018-06-27 00:00:00,46.75520000075852,-79.10619999929784,6.0,1,26.5,0.0,15.5,36.0,24.8,23.107142857142858,3.0
2021-08-12 00:00:00,48.09190000107439,-77.77860000062195,8.0,1,27.2,1.1,21.1,39.0,40.0,22.235714285714288,2.0
2019-06-06 00:00:00,54.535715260813454,-64.77989909324457,6.0,0,6.7,1.7,22.5,64.0,65.3,4.4642857142857135,2.0
2019-07-24 00:00:00,47.594100000563344,-78.44659999967256,7.0,1,22.8,1.2,16.9,48.0,31.9,24.407142857142865,5.0
2020-05-14 00:00:00,45.57030000055175,-75.4142000003111,5.0,1,16.3,0.0,10.9,27.0,41.3,11.6,11.0
2024-07-11 00:00:00,51.645984472330035,-57.73185163050024,7.0,0,19.8,11.7,21.2,41.0,68.8,18.035714285714285,1.0
2018-06-11 00:00:00,49.21720000073329,-68.19300000059444,6.0,1,13.4,0.0,13.7,39.0,29.5,14.435714285714283,3.0
2023-06-12 00:00:00,52.52289999973527,-70.40050000007489,6.0,1,20.2,0.0,12.3,42.0,8.4,15.857142857142858,2.0
2022-08-17 00:00:00,53.42131393797648,-67.9256588013188,8.0,0,22.0,0.0,12.2,34.0,52.5,17.02142857142857,2.0
2018-07-27 00:00:00,45.838100000605294,-76.3615000001734,7.0,1,23.9,5.2,10.8,63.0,62.9,26.72142857142857,2.0
2021-05-15 00:00:00,48.508199023730874,-61.754935683305696,5.0,0,5.2,0.0,20.5,85.0,53.1,4.478571428571428,6.0
2019-05-09 00:00:00,45.54830000126579,-75.70600000029751,5.0,1,13.7,9.1,24.5,39.0,45.7,12.535714285714286,3.0
2021-07-24 00:00:00,46.47452914119696,-60.738480686446664,7.0,0,13.5,0.8,21.9,72.0,54.4,20.428571428571427,1.0
2022-06-03 00:00:00,50.34420589945132,-57.67688608279453,6.0,0,10.1,0.0,17.9,70.0,68.4,10.528571428571428,1.0
2020-05-17 00:00:00,45.98880000057524,-74.12619999977605,5.0,1,17.9,0.0,13.4,38.0,15.4,10.478571428571428,2.0
2023-07-02 00:00:00,56.37830000004504,-68.90590000028476,7.0,1,24.6,8.3,10.3,54.0,15.7,20.9,5.0
2024-06-21 00:00:00,50.64550000000003,-77.47149999999992,6.0,1,24.7,0.2,17.2,36.0,77.3,20.592857142857145,2.0
2019-05-14 00:00:00,48.126800000811656,-69.18300000049665,5.0,1,9.3,0.0,24.0,54.0,22.9,9.32142857142857,3.0
2023-06-05 00:00:00,52.48502516547233,-78.51513617281654,6.0,0,19.1,0.0,19.4,38.0,11.8,16.5,9.0
2023-05-28 00:00:00,47.24249999957539,-72.83249999967518,5.0,1,25.7,0.0,24.8,28.0,36.3,16.107142857142858,4.0
2023-07-05 00:00:00,52.619799999570375,-77.0026000000899,7.0,1,29.4,7.1,19.9,51.0,12.9,25.728571428571428,4.0
2021-08-25 00:00:00,47.14472291374104,-61.7635170721765,8.0,0,21.5,0.3,22.2,89.0,4.9,21.292857142857144,1.0
2024-05-15 00:00:00,57.75960120973695,-58.7165448149658,5.0,0,3.2,0.0,29.8,87.0,31.8,2.0142857142857142,8.0
2018-07-12 00:00:00,53.44876874752327,-75.44209789303112,7.0,0,24.3,0.0,16.3,43.0,53.0,19.02857142857143,1.0
2022-08-02 00:00:00,48.587399999999946,-67.63499999999999,8.0,1,24.1,2.8,23.3,64.0,66.7,25.12857142857143,4.0
2021-06-21 00:00:00,45.88383677090459,-63.53666166702669,6.0,0,28.7,0.0,22.0,42.0,23.4,22.07142857142857,1.0
2024-07-09 00:00:00,51.83260000000007,-63.26419999999996,7.0,1,26.5,18.5,16.1,41.0,55.7,19.56428571428572,5.0
2018-05-22 00:00:00,51.18943130916835,-77.94426375175786,5.0,0,12.7,2.5,19.2,41.0,22.8,6.042857142857144,3.0
2021-06-03 00:00:00,56.800964638225864,-74.54144553195026,6.0,0,9.6,7.2,33.2,69.0,50.8,3.3000000000000003,7.0
2020-07-14 00:00:00,55.025866339383334,-59.118364919144,7.0,0,12.8,0.0,14.8,62.0,81.1,17.22142857142857,1.0
2022-05-09 00:00:00,45.93470000000002,-73.87260000000003,5.0,1,19.4,0.0,14.0,23.0,11.5,14.092857142857142,5.0
2018-05-09 00:00:00,45.81600000107337,-73.95880000053576,5.0,1,23.0,0.0,12.1,37.0,66.1,15.357142857142858,5.0
2020-06-12 00:00:00,51.12855664194051,-78.31539806303847,6.0,0,7.3,7.3,30.0,66.0,40.1,13.271428571428572,1.0
2022-09-12 00:00:00,48.39263502492973,-63.28440961040141,9.0,0,16.7,0.0,17.1,91.0,21.3,18.535714285714285,11.0
2022-05-15 00:00:00,48.14670000000012,-77.74259999999998,5.0,1,26.4,1.3,13.4,37.0,4.1000000000000005,18.67142857142857,12.0
2023-09-13 00:00:00,52.48562058260675,-68.70088732260514,9.0,0,13.3,1.9,22.2,74.0,90.9,15.792857142857144,1.0
2020-05-06 00:00:00,45.582200001118814,-75.58550000049812,5.0,1,13.0,0.0,13.2,27.0,44.9,12.392857142857142,3.0
2024-07-27 00:00:00,55.37318412951296,-77.96631699442727,7.0,0,20.6,11.9,36.6,57.0,24.7,15.092857142857142,5.0
2019-08-17 00:00:00,47.72100000117423,-79.06880000063775,8.0,1,23.9,0.1,10.5,56.0,51.2,21.56428571428572,5.0
2021-06-10 00:00:00,45.84640000099946,-74.29459999959587,6.0,1,20.4,0.1,17.5,37.0,19.4,20.86428571428572,2.0
2024-09-20 00:00:00,57.777440324227584,-71.4249474960807,9.0,0,14.1,0.0,23.8,65.0,11.9,9.885714285714286,4.0
2018-07-12 00:00:00,45.9353000013575,-75.09690000047354,7.0,1,26.0,0.0,9.8,35.0,28.9,27.907142857142865,6.0
2018-07-02 00:00:00,48.18560000133176,-72.87459999999086,7.0,1,32.0,2.9,28.0,44.0,45.0,23.242857142857144,1.0
2021-05-30 00:00:00,46.01900000077039,-74.07330000002123,5.0,1,16.3,0.4,13.1,34.0,12.8,20.971428571428568,4.0
2024-07-23 00:00:00,45.15174298242991,-62.95196784900345,7.0,0,23.0,0.3,12.5,52.0,115.9,26.97142857142857,2.0
2023-06-01 00:00:00,47.49600000039976,-76.64779999977014,6.0,1,30.6,0.1,13.6,32.0,25.4,18.67142857142857,8.0
2018-07-06 00:00:00,45.254670800286256,-69.0634626763877,7.0,0,25.9,8.1,24.7,40.0,55.7,26.71428571428571,3.0
2018-07-19 00:00:00,53.37509253876152,-68.1027325789591,7.0,0,14.9,4.7,29.2,60.0,84.5,16.085714285714285,2.0
2021-07-20 00:00:00,50.18558637837455,-78.26515574048089,7.0,0,19.2,0.0,19.5,44.0,30.3,20.992857142857144,1.0
2020-05-22 00:00:00,45.78630000090007,-76.07820000047398,5.0,1,27.3,0.0,14.0,24.0,11.0,13.485714285714286,7.0
2019-08-18 00:00:00,48.404000000805325,-77.24449999971816,8.0,1,24.8,0.3,16.5,53.0,36.1,21.5,1.0
2023-07-03 00:00:00,46.04468553002967,-72.37300775132057,7.0,0,27.2,2.2,7.2,63.0,78.5,25.157142857142865,1.0
2021-06-15 00:00:00,47.84550000135179,-78.86159999996275,6.0,1,16.1,0.0,21.0,34.0,20.9,23.77857142857143,1.0
2019-07-24 00:00:00,47.490600001378674,-73.41209999991013,7.0,1,17.6,0.0,11.2,49.0,43.5,23.86428571428572,3.0
2018-05-12 00:00:00,46.27690000132018,-75.99149999989189,5.0,1,16.4,0.0,9.3,25.0,45.8,15.671428571428573,2.0
2022-05-08 00:00:00,45.96210000000008,-73.27549999999997,5.0,1,16.4,0.0,14.0,23.0,19.9,14.614285714285712,4.0
2022-06-11 00:00:00,50.407451819636336,-78.21391440063854,6.0,0,18.9,4.9,22.2,48.0,82.2,17.364285714285714,2.0
2023-06-01 00:00:00,47.408499999675314,-72.57889999963521,6.0,1,29.1,1.0,16.9,35.0,37.0,19.278571428571432,8.0
2022-08-10 00:00:00,46.54399999999998,-72.89080000000001,8.0,1,23.0,0.2,15.7,57.0,79.0,24.178571428571427,1.0
2019-05-19 00:00:00,47.16535696175365,-69.16575165407525,5.0,0,11.1,1.7,10.9,68.0,28.8,11.535714285714288,1.0
2023-07-04 00:00:00,50.523600000040005,-67.83709999966521,7.0,1,27.7,0.1,8.1,48.0,67.4,23.56428571428572,1.0
2019-08-01 00:00:00,48.10980000124401,-75.36000000054314,8.0,1,23.1,0.0,18.5,35.0,25.6,23.8,2.0
2021-08-08 00:00:00,48.953766748081165,-67.61973138792814,8.0,0,16.3,0.0,20.5,72.0,28.2,17.700000000000003,8.0
2021-05-20 00:00:00,48.704826719369464,-58.51381225279928,5.0,0,10.9,0.0,15.5,73.0,51.3,7.478571428571429,4.0
2023-09-12 00:00:00,46.13340000030979,-74.16100000014984,9.0,1,18.2,1.1,13.0,76.0,8.799999999999999,23.65714285714285,4.0
2018-05-12 00:00:00,48.74860000116741,-64.39360000058164,5.0,1,7.0,0.0,17.1,36.0,29.3,9.835714285714284,7.0
2024-08-28 00:00:00,52.22369978978324,-62.15982122188091,8.0,0,16.3,6.4,23.2,55.0,31.1,23.028571428571432,1.0
2023-05-25 00:00:00,54.52946801886643,-60.30430302800663,5.0,0,7.8,0.0,14.0,50.0,69.5,6.3,1.0
2021-07-08 00:00:00,58.52808850896039,-73.2212171536636,7.0,0,14.2,3.0,43.0,60.0,30.6,12.207142857142856,3.0
2018-05-16 00:00:00,45.99780000113569,-74.64759999954381,5.0,1,19.3,0.0,18.2,36.0,32.9,17.114285714285714,6.0
2019-06-24 00:00:00,49.1940000010963,-68.24240000006297,6.0,1,21.0,0.0,17.1,28.0,42.7,17.728571428571428,8.0
2019-05-12 00:00:00,53.43649908336059,-78.07491146254671,5.0,0,14.2,0.0,23.7,37.0,15.1,-0.7142857142857139,2.0
2023-08-12 00:00:00,46.16115192687869,-59.95357924210897,8.0,0,21.8,0.0,30.0,61.0,71.3,21.735714285714288,1.0
2021-07-13 00:00:00,48.41480000084988,-77.80089999997169,7.0,1,25.8,3.6,16.7,49.0,38.8,22.27857142857143,7.0
2022-05-20 00:00:00,46.09700000000004,-76.0856,5.0,1,25.8,0.5,26.1,50.0,44.2,20.92857142857144,3.0
2019-07-04 00:00:00,47.08282339260742,-77.70691148672304,7.0,0,31.0,0.0,13.8,33.0,48.6,23.15,5.0
2022-07-24 00:00:00,54.57929705433675,-58.932612254100704,7.0,0,18.1,1.7,9.0,74.0,87.1,14.12142857142857,1.0
2019-05-08 00:00:00,46.10310000134415,-74.49820000031018,5.0,1,10.8,0.0,17.3,28.0,50.5,11.12142857142857,1.0
2023-08-21 00:00:00,55.687834109887646,-74.52565711454774,8.0,0,11.6,2.8,38.5,71.0,96.9,18.728571428571428,1.0
2021-08-28 00:00:00,46.11060000122895,-70.69159999991156,8.0,1,18.1,0.0,7.8,47.0,24.3,25.985714285714284,2.0
2019-09-07 00:00:00,49.001157497341104,-77.57824425662665,9.0,0,13.7,27.8,17.3,90.0,42.4,18.557142857142853,1.0
2018-07-16 00:00:00,49.018900000833234,-76.3728000002972,7.0,1,27.4,11.1,19.0,45.0,40.3,24.957142857142856,2.0
2020-06-21 00:00:00,45.56710000113154,-75.77439999989961,6.0,1,31.6,0.0,12.7,37.0,22.1,24.42142857142857,8.0
2024-05-25 00:00:00,47.786504985295046,-62.24753223069965,5.0,0,8.2,0.3,33.1,86.0,19.9,7.65,1.0
2021-07-07 00:00:00,52.10985574527733,-74.82651617609103,7.0,0,11.3,0.1,19.5,59.0,61.1,21.207142857142856,1.0
2018-07-08 00:00:00,55.94577924128977,-63.24516737067734,7.0,0,18.9,5.3,26.1,47.0,46.7,11.464285714285714,1.0
2024-06-05 00:00:00,51.52290000000005,-70.47129999999997,6.0,1,25.3,0.0,14.3,37.0,67.1,15.492857142857142,6.0
2018-05-14 00:00:00,46.83300000089317,-71.60689999973809,5.0,1,21.3,0.0,22.1,39.0,78.3,15.342857142857142,4.0
2020-05-17 00:00:00,48.61930000099572,-64.29350000048393,5.0,1,13.2,0.1,21.7,39.0,44.2,7.242857142857143,5.0
2023-08-24 00:00:00,54.754589306989864,-67.12524856998826,8.0,0,14.0,0.1,25.0,63.0,37.1,16.771428571428572,1.0
2021-08-28 00:00:00,50.07529429508767,-60.604743291748775,8.0,0,19.0,0.0,35.1,55.0,57.5,18.9,1.0
2019-05-18 00:00:00,45.97400000111289,-74.69340000061202,5.0,1,13.2,0.0,15.8,55.0,43.3,13.835714285714287,1.0
2024-05-04 00:00:00,49.50690000000004,-76.19089999999994,5.0,1,21.3,4.2,15.0,38.0,29.0,8.657142857142857,1.0
2018-09-21 00:00:00,47.890900001265386,-72.83200000045085,9.0,1,18.8,22.6,30.4,79.0,7.5,19.464285714285715,4.0
2024-06-06 00:00:00,49.325259208453645,-74.75847911389377,6.0,0,26.7,1.4,22.7,46.0,38.9,19.8,9.0
2022-08-21 00:00:00,49.866458561060895,-61.831200905532334,8.0,0,23.3,0.0,29.3,68.0,61.0,18.435714285714283,2.0
2019-07-01 00:00:00,52.57300000099598,-76.54179999939507,7.0,1,21.3,7.3,21.2,59.0,15.7,16.335714285714285,2.0
2020-06-20 00:00:00,49.22800000114275,-72.61020000045696,6.0,1,31.4,0.6,12.4,37.0,14.1,22.021428571428576,9.0
2024-07-24 00:00:00,48.25730000000004,-69.63759999999996,7.0,1,24.6,0.0,15.5,39.0,34.2,24.764285714285712,4.0
2019-06-19 00:00:00,45.43240000052938,-71.32180000017092,6.0,1,22.5,2.6,13.7,48.0,45.9,19.014285714285712,3.0
2021-06-25 00:00:00,55.30421570126296,-71.24586745216409,6.0,0,17.1,4.0,33.1,53.0,35.0,13.642857142857142,1.0
2019-08-27 00:00:00,49.833079834587416,-64.11725337127085,8.0,0,20.8,0.0,11.8,58.0,21.9,21.242857142857144,5.0
2022-09-14 00:00:00,51.29426718997753,-79.26014071518172,9.0,0,10.9,0.4,21.9,61.0,54.6,20.892857142857142,3.0
2023-07-05 00:00:00,51.23200000019989,-78.17219999963027,7.0,1,31.3,2.8,17.5,44.0,38.5,26.142857142857142,3.0
2023-06-22 00:00:00,48.47080000002006,-78.19850000017482,6.0,1,31.3,0.0,10.6,27.0,13.8,22.685714285714287,9.0
2024-07-24 00:00:00,48.36540000000008,-64.81659999999994,7.0,1,21.0,1.2,12.1,60.0,13.4,25.49285714285714,6.0
2020-06-22 00:00:00,49.55740000065787,-69.55740000060167,6.0,1,26.6,3.3,14.0,58.0,15.7,20.52142857142857,2.0
2018-07-13 00:00:00,46.05372141705624,-62.0088911210599,7.0,0,16.7,0.0,16.7,74.0,25.3,19.035714285714285,7.0
2018-09-18 00:00:00,52.38609702101744,-68.37570331393285,9.0,0,4.3,0.2,20.4,54.0,30.5,12.649999999999997,1.0
2020-09-07 00:00:00,54.645720723737206,-69.05552240288392,9.0,0,12.1,15.1,50.0,75.0,84.3,10.564285714285717,1.0
2024-05-04 00:00:00,48.79000000000008,-78.01779999999997,5.0,1,22.1,0.0,16.5,31.0,37.3,9.385714285714286,1.0
2024-05-27 00:00:00,52.68397181521454,-68.13977171225841,5.0,0,16.9,1.0,29.3,44.0,69.2,10.335714285714287,2.0
2020-05-22 00:00:00,46.38200000075018,-72.80080000002259,5.0,1,28.1,0.0,17.3,22.0,11.1,14.307142857142855,7.0
2021-06-24 00:00:00,53.47672297084794,-78.27043617961004,6.0,0,15.2,16.4,31.8,56.0,42.6,16.42142857142857,1.0
2022-05-10 00:00:00,45.96510000000001,-74.37789999999995,5.0,1,21.0,0.0,15.0,23.0,15.3,12.685714285714283,6.0
2021-09-21 00:00:00,51.278712688694874,-72.67459194104998,9.0,0,22.3,1.1,30.7,54.0,63.7,15.378571428571432,3.0
2023-06-13 00:00:00,47.87537935825883,-61.20664953859966,6.0,0,11.3,0.0,21.6,77.0,60.6,7.800000000000002,2.0
2024-05-13 00:00:00,57.17533821439706,-79.26888599425955,5.0,0,1.1,3.9,48.4,90.0,21.6,0.6785714285714287,7.0
2022-08-02 00:00:00,54.77866497892778,-57.96675880538267,8.0,0,25.4,9.1,28.9,64.0,39.0,12.985714285714284,6.0
2024-05-07 00:00:00,47.565100000000015,-78.67669999999998,5.0,1,17.8,0.0,17.1,36.0,36.1,12.571428571428571,2.0
2018-06-28 00:00:00,51.60690000066247,-77.9610999997331,6.0,1,24.2,6.3,22.8,51.0,23.8,19.15714285714285,1.0
2021-05-20 00:00:00,54.50539668995931,-78.06134288914359,5.0,0,12.8,0.8,31.2,80.0,22.3,6.335714285714286,1.0
2021-06-14 00:00:00,47.36050000134443,-75.93299999942721,6.0,1,24.1,3.2,12.4,46.0,8.1,23.86428571428572,8.0
2022-09-06 00:00:00,51.89053084123451,-68.94530202483314,9.0,0,19.8,0.0,12.3,50.0,50.5,17.235714285714284,3.0
2022-06-07 00:00:00,49.826412494046025,-59.80514023415245,6.0,0,7.7,0.0,29.6,66.0,53.1,6.857142857142857,6.0
2023-06-06 00:00:00,48.41010000041473,-77.92889999973517,6.0,1,19.1,0.0,24.6,20.0,19.9,23.31428571428572,14.0
2023-08-19 00:00:00,56.10003629985101,-64.17175355872044,8.0,0,22.4,0.0,20.5,54.0,16.9,16.342857142857145,3.0
2018-05-21 00:00:00,46.59930000106029,-71.64319999978404,5.0,1,20.7,0.0,27.5,34.0,21.7,17.792857142857144,1.0
2024-06-02 00:00:00,53.58530000000008,-69.32889999999998,6.0,1,23.4,0.2,20.6,37.0,101.6,10.6,1.0
2020-05-28 00:00:00,48.46840908348562,-71.02080275601637,5.0,0,31.5,0.0,19.9,39.0,26.1,19.07857142857143,1.0
2019-05-27 00:00:00,49.79503347695524,-58.49935236660191,5.0,0,9.6,0.2,19.9,64.0,12.8,4.764285714285714,10.0
2022-05-14 00:00:00,45.87830000000008,-71.57949999999994,5.0,1,29.1,0.0,14.6,39.0,4.6,17.3,10.0
2019-06-10 00:00:00,46.74450000080953,-73.91920000037035,6.0,1,25.1,0.1,19.4,34.0,28.5,16.4,7.0
2022-08-09 00:00:00,49.738000000000056,-75.53379999999999,8.0,1,22.5,0.0,15.0,41.0,52.7,21.435714285714287,1.0
2024-07-08 00:00:00,49.08850000000007,-66.68569999999994,7.0,1,22.9,0.0,15.0,64.0,26.0,19.36428571428572,4.0
2023-05-23 00:00:00,46.50031030890616,-67.95867922406214,5.0,0,18.7,0.0,21.5,37.0,51.4,15.014285714285714,2.0
2024-05-10 00:00:00,49.27680000000004,-70.99529999999999,5.0,1,15.4,0.0,15.9,25.0,15.6,12.035714285714286,4.0
2018-07-21 00:00:00,48.26206523564823,-59.826299937081174,7.0,0,16.6,0.1,35.1,76.0,10.7,14.064285714285711,3.0
2018-05-23 00:00:00,46.574600001030056,-75.8238000005507,5.0,1,17.5,0.0,17.4,30.0,26.5,17.50714285714286,3.0
2021-08-16 00:00:00,52.12950326847483,-63.008609246523086,8.0,0,19.7,0.6,17.6,49.0,80.5,20.67142857142857,1.0
2018-08-20 00:00:00,50.23710000123179,-66.34029999973761,8.0,1,20.9,0.0,20.0,61.0,53.5,20.75,5.0
2023-07-06 00:00:00,51.9929000004347,-66.98039999996001,7.0,1,30.2,0.5,14.8,40.0,55.0,23.592857142857145,4.0
2024-08-24 00:00:00,45.417610526476516,-58.44210444454927,8.0,0,22.7,0.9,36.0,70.0,7.6,20.935714285714287,3.0
2024-05-02 00:00:00,50.613231547301794,-75.53488810861417,5.0,0,15.6,0.0,12.9,50.0,35.6,5.242857142857143,4.0
2022-05-14 00:00:00,46.37860000000012,-77.03710000000001,5.0,1,29.0,0.3,14.6,36.0,14.7,18.22142857142857,11.0
2023-05-24 00:00:00,54.167742047467144,-75.62755774028881,5.0,0,4.6,0.0,25.8,57.0,21.1,6.107142857142857,1.0
2024-05-23 00:00:00,53.7887154991305,-72.3979821447623,5.0,0,10.2,10.9,32.9,74.0,40.3,11.364285714285714,2.0
2020-07-01 00:00:00,48.26470000121973,-70.98149999991327,7.0,1,28.6,0.0,13.8,44.0,53.7,26.87857142857143,2.0
2018-05-14 00:00:00,51.199599814169346,-62.50168502414552,5.0,0,10.6,2.7,21.6,44.0,34.2,5.057142857142857,3.0
2018-09-26 00:00:00,56.179940486318955,-75.37916421397753,9.0,0,3.9,1.4,28.7,79.0,73.1,6.492857142857143,1.0
2024-07-08 00:00:00,53.52830000000006,-70.12239999999997,7.0,1,24.7,5.2,32.4,44.0,45.6,17.235714285714284,1.0
2024-07-09 00:00:00,49.29690000000005,-68.60449999999997,7.0,1,26.1,11.9,14.0,60.0,28.0,23.207142857142856,2.0
2020-06-22 00:00:00,45.731600000803766,-74.25480000012772,6.0,1,31.6,0.1,15.6,40.0,21.4,24.507142857142856,11.0
2023-08-20 00:00:00,47.91466178516708,-70.1255213169542,8.0,0,23.2,0.2,13.2,52.0,197.1,19.428571428571427,1.0
2024-07-07 00:00:00,49.3916714183371,-69.50742931693512,7.0,0,26.2,0.0,12.3,38.0,45.7,21.45714285714286,3.0
2020-06-08 00:00:00,48.46357331567814,-62.16011796184043,6.0,0,8.6,10.4,37.4,74.0,25.9,8.77857142857143,5.0
2020-09-07 00:00:00,47.04248020271086,-76.22319210264696,9.0,0,18.0,12.1,24.4,67.0,70.7,18.17142857142857,2.0
2023-05-13 00:00:00,45.763699999955065,-74.1378999996852,5.0,1,17.9,0.0,23.2,30.0,88.3,16.514285714285712,9.0
2023-05-30 00:00:00,48.138699999705295,-75.30820000002996,5.0,1,26.5,0.0,13.5,27.0,45.8,14.935714285714283,6.0
2023-07-22 00:00:00,55.85310912550616,-57.87269712251594,7.0,0,12.3,2.4,26.9,88.0,13.4,10.87857142857143,3.0
2019-05-03 00:00:00,48.21958276828197,-77.96244053098327,5.0,0,11.6,0.0,16.6,46.0,67.3,7.199999999999998,2.0
2024-06-21 00:00:00,47.1500134920463,-61.5272479872131,6.0,0,15.3,0.0,31.5,72.0,72.5,13.814285714285717,2.0
2021-09-03 00:00:00,53.899519365690466,-79.33974741283397,9.0,0,11.5,0.0,23.9,84.0,46.7,13.62142857142857,2.0
2024-09-03 00:00:00,55.81911800390731,-77.38148490114932,9.0,0,11.4,0.3,36.7,75.0,23.9,14.071428571428571,1.0
2020-06-22 00:00:00,46.95940000094991,-73.52260000014475,6.0,1,30.5,0.1,14.9,36.0,14.0,22.75714285714286,1.0
2021-09-10 00:00:00,46.709800000659776,-75.2183000005957,9.0,1,17.0,0.0,18.8,43.0,58.1,19.235714285714288,1.0
2020-05-13 00:00:00,46.92980000115767,-72.2931999998436,5.0,1,10.4,0.0,21.7,22.0,32.8,9.80714285714286,5.0
2020-08-22 00:00:00,49.200665213423925,-70.64718877011964,8.0,0,19.2,0.0,14.9,36.0,42.7,20.835714285714285,1.0
2019-07-09 00:00:00,49.33380000131183,-72.2651000002311,7.0,1,24.1,0.0,17.1,32.0,47.7,24.764285714285712,7.0
2022-09-28 00:00:00,58.31732069015344,-75.79619995052295,9.0,0,3.1,0.2,32.8,61.0,13.2,9.121428571428572,1.0
2021-07-20 00:00:00,49.13870593258815,-69.41246052284183,7.0,0,21.2,0.9,16.6,37.0,65.4,22.40714285714285,1.0
2024-09-01 00:00:00,58.43401625768999,-67.64672943622742,9.0,0,14.4,9.0,25.7,70.0,25.8,16.471428571428575,1.0
2024-05-28 00:00:00,48.3830466838999,-62.283201992039494,5.0,0,10.4,25.6,56.9,84.0,20.5,7.042857142857142,3.0
2024-09-23 00:00:00,49.83910000000003,-67.21389999999997,9.0,1,14.8,0.0,8.7,66.0,8.0,19.59285714285713,1.0
2023-07-09 00:00:00,57.09019999973026,-67.1237000000549,7.0,1,26.4,2.1,18.0,34.0,34.9,24.371428571428577,2.0
2018-08-11 00:00:00,46.07150000114542,-71.55280000043622,8.0,1,24.3,0.0,13.2,45.0,60.8,24.328571428571426,2.0
2020-09-11 00:00:00,53.44556594090432,-69.74467918146262,9.0,0,11.4,4.0,32.8,65.0,79.1,11.0,2.0
2023-07-05 00:00:00,53.00210000001505,-76.73030000014484,7.0,1,29.1,18.7,17.1,46.0,5.7,25.657142857142865,8.0
2020-09-07 00:00:00,48.67210000112068,-67.60670000011659,9.0,1,22.0,0.8,33.6,48.0,71.7,17.807142857142857,4.0
2020-06-09 00:00:00,47.43790000089837,-72.75999999981087,6.0,1,20.3,0.0,12.2,27.0,40.3,19.764285714285712,3.0
2021-07-15 00:00:00,45.046561993248794,-61.03585214824919,7.0,0,16.0,0.0,29.3,90.0,53.5,14.828571428571427,4.0
2018-08-03 00:00:00,49.15970000064708,-74.05960000050192,8.0,1,23.3,6.1,16.1,47.0,117.3,24.892857142857142,1.0
2021-05-01 00:00:00,49.38770000126704,-67.55089999979178,5.0,1,9.4,0.5,35.4,25.0,56.6,7.549999999999999,4.0
2020-05-05 00:00:00,54.59831100651878,-70.62511029993715,5.0,0,-3.3,0.0,22.0,65.0,39.9,-4.2285714285714295,4.0
2023-06-05 00:00:00,50.38460000038975,-72.18129999959524,6.0,1,20.8,4.0,19.1,36.0,16.2,19.81428571428572,13.0
2019-08-16 00:00:00,57.77713776729324,-72.61035602508183,8.0,0,11.8,3.0,23.2,66.0,53.8,14.95,1.0
2021-06-26 00:00:00,57.39104735717514,-64.98063823158458,6.0,0,18.5,4.0,27.7,42.0,29.5,12.092857142857142,1.0
2022-05-08 00:00:00,46.38119999999998,-72.57760000000002,5.0,1,16.7,0.0,13.5,21.0,17.1,14.385714285714284,4.0
2019-06-10 00:00:00,50.739774488197845,-76.35699820615325,6.0,0,24.9,7.1,19.8,39.0,58.8,11.792857142857144,2.0
2020-06-23 00:00:00,46.28380000129184,-74.51779999949667,6.0,1,27.5,5.3,18.1,60.0,31.1,23.24285714285714,1.0
2018-08-17 00:00:00,46.30730000057939,-71.57369999980506,8.0,1,24.2,17.4,10.7,53.0,48.0,25.74285714285714,2.0
2021-09-28 00:00:00,55.80342072097909,-71.8398702874314,9.0,0,7.4,0.0,23.1,75.0,79.3,10.685714285714289,1.0
2021-05-22 00:00:00,45.47680000133098,-72.17559999943342,5.0,1,26.6,0.2,22.8,45.0,12.0,19.35,1.0
2020-07-24 00:00:00,55.76126333874831,-67.8541566418552,7.0,0,14.4,1.7,15.0,65.0,97.1,19.52142857142857,1.0
2023-06-22 00:00:00,55.366073994488126,-79.37556415893899,6.0,0,10.3,0.9,22.5,89.0,1.8,6.471428571428572,1.0
2018-07-14 00:00:00,47.44346086106089,-63.33218227263867,7.0,0,17.7,0.0,26.7,71.0,9.4,17.392857142857142,4.0
2023-06-22 00:00:00,49.85468373875534,-79.1594842132159,6.0,0,31.1,0.0,18.9,25.0,28.8,23.05,8.0
2022-05-24 00:00:00,48.0209000000001,-65.32899999999995,5.0,1,13.4,0.0,15.3,39.0,40.1,14.814285714285711,1.0
2024-07-25 00:00:00,54.24664905899217,-67.32583488451041,7.0,0,19.9,0.0,25.4,41.0,61.4,17.45,2.0
2018-07-13 00:00:00,50.03690000096263,-79.42720000029357,7.0,1,26.1,5.8,24.5,57.0,23.9,26.2,4.0
2020-05-21 00:00:00,47.93200000054127,-66.97720000036385,5.0,1,25.4,0.0,24.6,21.0,26.7,11.1,9.0
2020-05-05 00:00:00,45.66430000072106,-74.41410000017223,5.0,1,9.8,0.0,18.5,41.0,29.0,11.885714285714286,2.0
2024-07-08 00:00:00,51.87390000000005,-76.53689999999996,7.0,1,27.2,6.6,24.8,46.0,76.0,20.592857142857145,4.0
2022-05-10 00:00:00,46.30099999999993,-73.39939999999996,5.0,1,21.9,0.0,13.9,21.0,13.9,13.964285714285715,6.0
2019-05-03 00:00:00,58.22782268917217,-77.0208908905522,5.0,0,-1.8,0.0,27.8,78.0,25.4,-3.935714285714286,5.0
2019-05-22 00:00:00,50.15535949225823,-66.1758258720904,5.0,0,11.0,0.0,15.9,53.0,29.0,7.828571428571428,1.0
2023-05-18 00:00:00,48.74940000001004,-72.49679999972017,5.0,1,14.0,0.0,18.2,22.0,4.5,14.992857142857144,3.0
2020-06-19 00:00:00,50.707037156622846,-75.31606988634377,6.0,0,29.7,0.0,21.9,32.0,12.6,18.11428571428572,8.0
2020-07-04 00:00:00,49.19292121684636,-75.96779634967169,7.0,0,23.0,0.1,12.6,33.0,64.8,24.83571428571429,2.0
2020-08-28 00:00:00,57.68895224120882,-62.73586961979572,8.0,0,8.1,4.0,29.2,85.0,75.9,14.80714285714286,1.0
2021-08-28 00:00:00,48.51780000050385,-75.23760000017714,8.0,1,17.0,0.0,15.4,61.0,21.4,25.13571428571429,2.0
2020-06-05 00:00:00,57.86351109529715,-79.27300069371891,6.0,0,1.9,0.0,13.2,95.0,10.3,0.9000000000000001,1.0
2019-05-23 00:00:00,52.9127157735948,-73.34248016330562,5.0,0,13.7,0.1,17.2,47.0,21.9,8.235714285714286,2.0
2019-07-17 00:00:00,46.80591307104381,-63.85384743354585,7.0,0,26.9,2.1,23.1,59.0,36.8,22.66428571428571,2.0
2021-09-01 00:00:00,47.57872953824831,-72.21113982892439,9.0,0,15.2,0.6,14.8,61.0,25.0,24.121428571428577,1.0
2019-07-15 00:00:00,47.088400000993225,-79.19710000045318,7.0,1,27.9,0.0,17.4,38.0,6.8,26.478571428571428,2.0
2021-06-08 00:00:00,48.59970000086173,-72.7132999993778,6.0,1,26.3,0.0,20.5,29.0,12.5,19.192857142857143,3.0
2023-05-12 00:00:00,47.36590000018492,-70.04659999989002,5.0,1,20.2,1.5,19.1,61.0,34.1,13.607142857142858,8.0
2018-07-24 00:00:00,56.521581275527566,-74.39640909543624,7.0,0,21.0,6.1,24.9,78.0,28.4,15.15,5.0
2021-07-26 00:00:00,54.50317824044655,-57.80632449173997,7.0,0,26.0,0.0,17.1,39.0,22.2,21.22142857142857,6.0
2022-08-21 00:00:00,54.91535666329632,-68.8357261997451,8.0,0,20.8,3.7,22.6,64.0,29.4,18.12857142857143,7.0
2018-07-20 00:00:00,48.24610000066889,-71.38040000005122,7.0,1,29.3,0.0,18.8,39.0,42.7,23.435714285714283,3.0
2018-08-14 00:00:00,52.51973766884622,-76.07259344104057,8.0,0,23.2,6.7,27.9,68.0,54.3,19.63571428571429,1.0
2021-06-07 00:00:00,49.29870000058445,-73.20510000052714,6.0,1,29.6,0.5,29.9,38.0,21.9,17.7,2.0
2024-08-07 00:00:00,52.87572167526276,-73.99441025195765,8.0,0,11.9,4.7,20.5,66.0,31.1,21.6,1.0
2018-05-14 00:00:00,46.29810000104472,-73.41279999954374,5.0,1,22.8,0.0,19.2,26.0,40.3,16.535714285714285,4.0
2022-09-15 00:00:00,50.02793079197135,-76.29357123208047,9.0,0,11.0,0.1,17.8,51.0,13.7,20.571428571428573,12.0
2018-07-01 00:00:00,52.28330000115747,-72.98389999943988,7.0,1,24.8,1.2,15.2,32.0,36.9,17.22142857142857,2.0
2022-06-22 00:00:00,48.84566579067103,-66.50787513869608,6.0,0,18.8,0.3,21.6,52.0,115.6,15.564285714285717,2.0
2019-05-13 00:00:00,54.3101851789861,-59.548757212236744,5.0,0,5.5,0.2,12.3,57.0,40.0,2.171428571428572,11.0
2018-05-14 00:00:00,48.24540000076082,-79.0974999997336,5.0,1,18.0,0.2,16.5,45.0,32.2,14.0,4.0
2024-05-26 00:00:00,54.12714573498468,-69.51011821318298,5.0,0,10.9,0.0,17.4,55.0,38.7,5.15,2.0
2018-08-13 00:00:00,52.03170796949148,-60.733302093615606,8.0,0,23.6,0.0,23.6,29.0,75.8,22.53571428571428,2.0
2019-09-22 00:00:00,45.65942306942444,-71.7157115702354,9.0,0,24.8,0.4,18.4,56.0,18.0,17.585714285714285,7.0
2024-06-06 00:00:00,58.71124650770182,-62.45062070615347,6.0,0,2.6,0.0,35.6,93.0,5.1,1.3928571428571428,9.0
2020-05-22 00:00:00,46.78917893641034,-74.35984797354267,5.0,0,22.7,0.0,15.8,31.0,11.7,10.428571428571429,7.0
2019-07-19 00:00:00,47.05940000073545,-78.46569999974939,7.0,1,29.0,8.8,22.9,54.0,21.3,25.235714285714284,1.0
2022-08-15 00:00:00,48.33960000000013,-70.37819999999999,8.0,1,24.5,0.0,9.1,42.0,57.6,22.392857142857142,6.0
2021-07-02 00:00:00,47.57899518804703,-74.05347261358152,7.0,0,18.5,0.7,12.6,58.0,103.9,21.1,1.0
2022-05-17 00:00:00,55.58722846198054,-75.37355397950563,5.0,0,0.2,0.0,30.3,82.0,8.5,3.821428571428572,2.0
2018-05-18 00:00:00,47.32290000129293,-72.79220000031917,5.0,1,13.2,0.0,14.1,31.0,26.9,16.164285714285715,2.0
2023-06-27 00:00:00,48.63719999968032,-72.75330000039469,6.0,1,20.7,5.0,13.5,81.0,44.4,22.307142857142857,1.0
2022-06-02 00:00:00,47.94930000000005,-68.63259999999997,6.0,1,16.5,0.0,11.9,41.0,90.9,17.142857142857146,5.0
2021-07-20 00:00:00,46.864300001233616,-72.7555000000708,7.0,1,21.6,2.1,14.2,54.0,62.5,24.507142857142856,1.0
2023-05-28 00:00:00,50.2923000004447,-66.41279999972016,5.0,1,20.7,0.3,38.0,40.0,28.2,12.257142857142858,4.0
2021-08-24 00:00:00,55.95347564783349,-61.59446649388988,8.0,0,19.0,0.1,12.8,50.0,36.2,20.25714285714286,6.0
2022-08-04 00:00:00,46.16255912247535,-67.35288636346485,8.0,0,29.7,0.0,16.3,58.0,18.0,27.192857142857147,2.0
2020-09-29 00:00:00,45.802800001052205,-70.89120000019089,9.0,1,24.7,1.2,21.3,51.0,4.2,16.585714285714285,12.0
2023-06-05 00:00:00,51.65310000026483,-71.69490000003492,6.0,1,18.1,1.4,25.2,39.0,15.5,16.435714285714287,8.0
2023-06-05 00:00:00,51.555699999855165,-71.42639999995998,6.0,1,20.6,3.2,25.4,29.0,17.9,17.242857142857144,13.0
2023-09-04 00:00:00,48.44140000040977,-67.55719999997996,9.0,1,27.4,0.2,11.7,55.0,29.2,19.65,4.0
2022-05-15 00:00:00,55.89812438229533,-61.43412391359767,5.0,0,4.5,0.3,11.9,54.0,13.3,5.114285714285714,4.0
2020-05-14 00:00:00,46.99330000102424,-71.74899999946675,5.0,1,15.6,0.0,14.7,22.0,43.2,9.257142857142856,6.0
2020-06-02 00:00:00,54.85030686219708,-69.79972105229417,6.0,0,3.8,0.0,20.9,49.0,41.8,2.0928571428571425,3.0
2018-08-04 00:00:00,53.43121872463321,-72.85595406739041,8.0,0,21.8,0.0,16.8,39.0,62.7,20.72142857142857,3.0
2024-09-07 00:00:00,46.987100000000055,-71.39659999999998,9.0,1,21.8,6.3,19.0,58.0,50.3,21.792857142857144,6.0
2023-05-15 00:00:00,45.84499999985019,-74.18719999968022,5.0,1,19.5,0.0,28.2,27.0,79.1,15.064285714285711,11.0
2023-06-01 00:00:00,50.4834999998252,-74.27850000027473,6.0,1,26.2,2.0,17.7,43.0,26.5,15.592857142857143,5.0
2024-07-01 00:00:00,54.08960000000008,-73.38159999999993,7.0,1,20.5,1.3,33.2,50.0,48.5,16.321428571428573,3.0
2023-07-02 00:00:00,54.15260000008999,-70.16570000005493,7.0,1,20.8,1.9,18.6,68.0,49.3,19.55,1.0
2020-05-11 00:00:00,48.40440000069402,-64.5249999997427,5.0,1,11.4,0.0,27.4,38.0,64.6,6.814285714285716,2.0
2018-06-28 00:00:00,51.5253000008642,-78.14079999945484,6.0,1,25.1,5.7,21.3,51.0,26.6,19.557142857142857,1.0
2018-08-20 00:00:00,46.16626139966246,-70.90159215328052,8.0,0,24.8,0.0,9.7,46.0,64.7,24.85714285714286,2.0
2020-05-09 00:00:00,45.39062062293939,-60.02740216849275,5.0,0,7.4,12.5,65.3,74.0,100.1,4.1571428571428575,1.0
2020-08-13 00:00:00,50.40170000097645,-60.98309999943407,8.0,1,28.2,2.6,16.6,50.0,32.4,23.785714285714285,1.0
2022-06-04 00:00:00,46.011200000000144,-73.65569999999997,6.0,1,21.1,0.3,24.5,39.0,43.5,21.857142857142858,1.0
2018-07-05 00:00:00,52.59060000050604,-75.62220000013212,7.0,1,28.5,28.6,28.7,54.0,19.3,18.55,2.0
2018-05-22 00:00:00,49.05390000113105,-66.6225999997659,5.0,1,15.3,7.4,13.6,33.0,20.7,11.842857142857143,2.0
2023-07-06 00:00:00,52.97887743006773,-66.73529094882912,7.0,0,30.1,0.1,16.4,36.0,45.7,22.2,4.0
2021-05-15 00:00:00,49.36710000109812,-68.22679999953098,5.0,1,12.5,0.0,12.5,45.0,39.7,9.8,2.0
2022-07-23 00:00:00,49.21825247585093,-67.20783660393117,7.0,0,15.4,0.0,26.9,87.0,108.3,15.085714285714284,1.0
2019-07-05 00:00:00,46.27050000125647,-76.54850000003424,7.0,1,29.7,1.5,12.5,55.0,29.2,24.557142857142857,6.0
2019-07-21 00:00:00,51.50090000058617,-63.18079999979807,7.0,1,19.4,4.1,12.4,48.0,39.7,17.07142857142857,1.0
2019-05-05 00:00:00,50.87536540353971,-72.47331842209667,5.0,0,8.2,0.3,18.3,41.0,35.9,1.7071428571428573,8.0
2019-07-29 00:00:00,47.108600000821,-77.65259999946987,7.0,1,27.3,7.3,17.1,51.0,18.8,25.06428571428572,1.0
2018-06-15 00:00:00,51.51000000096166,-57.249999999413774,6.0,1,11.5,0.2,21.7,72.0,51.2,6.885714285714286,2.0
2022-09-01 00:00:00,45.45968800128519,-66.74079515066488,9.0,0,22.7,1.5,16.3,61.0,49.9,22.842857142857145,1.0
2022-09-20 00:00:00,54.64286448451425,-78.40504217573809,9.0,0,15.8,6.6,34.9,66.0,39.7,15.05,6.0
2022-05-06 00:00:00,45.64270000000005,-76.02460000000002,5.0,1,13.5,0.0,14.2,25.0,54.5,12.55714285714286,2.0
2019-06-06 00:00:00,48.896300000492,-72.19609999980783,6.0,1,17.3,0.0,19.9,30.0,32.6,15.471428571428572,1.0
2023-06-23 00:00:00,49.91679999972024,-79.39990000028473,6.0,1,31.1,0.0,17.4,29.0,37.9,23.99285714285714,9.0
2023-06-03 00:00:00,50.20878330407584,-59.64630096170104,6.0,0,5.2,0.0,50.2,67.0,44.3,5.864285714285715,1.0
2021-05-08 00:00:00,45.284800000832014,-72.80570000012047,5.0,1,14.5,0.0,14.3,39.0,57.0,13.87857142857143,3.0
2020-05-23 00:00:00,48.08430000114365,-78.99990000020712,5.0,1,25.6,0.0,15.2,26.0,5.1,12.785714285714288,9.0
2018-09-11 00:00:00,50.21892422970282,-60.73401438925082,9.0,0,16.9,2.5,27.2,64.0,39.6,18.392857142857142,5.0
2024-09-12 00:00:00,47.46533786026217,-60.49416535536695,9.0,0,15.7,0.0,25.1,67.0,53.1,18.59285714285713,3.0
2018-09-09 00:00:00,56.61763657680802,-59.18281354658771,9.0,0,4.9,1.3,40.9,75.0,54.6,7.750000000000001,3.0
2018-09-14 00:00:00,48.69080000095517,-64.39759999973153,9.0,1,25.1,0.0,15.8,55.0,13.9,18.7,3.0
2024-05-21 00:00:00,48.92946228574904,-78.01854456149984,5.0,0,24.5,0.1,13.6,33.0,21.9,17.807142857142857,2.0
2023-09-16 00:00:00,45.42282426107974,-66.13142373010051,9.0,0,18.6,65.4,38.7,80.0,20.6,23.22142857142858,2.0
2023-06-01 00:00:00,48.8548999998352,-76.08020000042961,6.0,1,31.5,1.1,21.4,25.0,29.6,17.928571428571427,9.0
2021-06-09 00:00:00,53.80168653291449,-71.57768227167999,6.0,0,2.5,2.6,41.3,66.0,38.1,11.257142857142856,2.0
2021-05-19 00:00:00,47.57880000075171,-79.38960000007648,5.0,1,25.4,0.0,18.4,35.0,14.3,15.114285714285714,2.0
2019-07-05 00:00:00,48.797801058898834,-61.04378356946461,7.0,0,12.0,0.0,18.6,89.0,78.5,10.278571428571428,2.0
2019-09-12 00:00:00,53.66131024869271,-65.40930537057318,9.0,0,8.0,0.4,18.1,56.0,62.8,11.19285714285714,2.0
2019-05-19 00:00:00,46.90815661395953,-65.81275997148157,5.0,0,14.9,0.0,10.7,44.0,39.7,11.578571428571426,1.0
2024-08-28 00:00:00,57.68013214435573,-78.2217242737316,8.0,0,10.2,0.0,59.4,74.0,27.4,12.85714285714286,1.0
2020-07-24 00:00:00,50.62720000075667,-63.12780000057048,7.0,1,25.6,0.2,19.6,42.0,26.7,23.55,4.0
2018-08-21 00:00:00,55.50121913279128,-78.32064267090995,8.0,0,10.1,0.0,28.5,74.0,62.8,10.242857142857144,2.0
2020-06-01 00:00:00,51.000175941078425,-74.97698051032711,6.0,0,7.7,0.0,10.3,47.0,29.2,14.292857142857144,3.0
2022-05-08 00:00:00,46.77240000000012,-79.13319999999999,5.0,1,18.4,0.0,13.9,23.0,20.5,12.914285714285716,5.0
2021-09-04 00:00:00,46.12590000103474,-75.8094999998,9.0,1,21.1,0.1,9.7,53.0,23.2,24.15,5.0
2023-06-01 00:00:00,48.5963000003448,-78.20570000035468,6.0,1,31.8,1.0,15.1,28.0,34.4,19.12142857142857,9.0
2022-08-09 00:00:00,57.741678371755896,-78.64025631408343,8.0,0,9.4,8.4,47.5,77.0,37.6,9.828571428571427,1.0
2020-07-12 00:00:00,57.67597234194946,-73.32231278652748,7.0,0,16.3,0.0,25.4,57.0,17.2,20.557142857142853,4.0
2022-07-13 00:00:00,52.398036913341976,-63.69646299767272,7.0,0,13.8,14.1,25.0,69.0,101.0,15.757142857142858,1.0
2018-07-19 00:00:00,47.58300000120076,-79.18500000010384,7.0,1,27.4,0.0,17.9,41.0,28.0,25.528571428571432,2.0
2018-06-15 00:00:00,49.17570000058417,-71.95099999936345,6.0,1,24.9,0.0,14.5,27.0,37.8,17.171428571428567,1.0
2022-05-06 00:00:00,45.650700000000086,-75.9171,5.0,1,13.5,0.0,14.2,25.0,54.5,12.55714285714286,2.0
2024-06-13 00:00:00,49.25184275689246,-74.22382865408676,6.0,0,21.8,13.5,26.7,56.0,53.5,21.20714285714286,4.0
2022-05-14 00:00:00,51.09801186469296,-74.83914701571537,5.0,0,20.1,3.4,20.9,41.0,23.2,10.621428571428572,1.0
2018-06-04 00:00:00,57.30080951794589,-58.22754128007488,6.0,0,0.8,0.1,57.8,71.0,14.7,1.2285714285714284,3.0
2022-05-01 00:00:00,45.10779999999994,-73.74079999999998,5.0,1,17.5,0.0,12.6,36.0,53.4,11.292857142857144,4.0
2020-05-13 00:00:00,50.34979479078479,-71.80662527336008,5.0,0,0.4,0.0,24.5,43.0,56.8,2.614285714285714,3.0
2022-09-19 00:00:00,47.14416727394937,-59.31400270691694,9.0,0,14.5,0.0,36.8,56.0,31.5,17.999999999999996,2.0
2024-07-14 00:00:00,50.48980000000006,-66.08639999999997,7.0,1,26.5,3.9,14.4,50.0,45.0,24.61428571428571,5.0
2019-09-23 00:00:00,53.33361243819344,-68.06812745830365,9.0,0,12.6,9.0,36.8,73.0,40.8,10.385714285714284,1.0
2019-07-28 00:00:00,54.79586739662885,-77.54354079478775,7.0,0,16.1,3.5,25.6,93.0,98.8,16.07142857142857,1.0
2019-08-07 00:00:00,47.42690000124508,-70.45360000047219,8.0,1,26.5,1.0,14.8,66.0,25.4,25.321428571428573,4.0
2023-07-21 00:00:00,49.2750774094858,-78.7285199365147,7.0,0,21.2,0.0,16.5,35.0,31.5,23.00714285714286,1.0
2018-08-25 00:00:00,49.234533072464174,-77.23908276558446,8.0,0,23.1,1.4,15.9,58.0,44.1,23.77857142857143,3.0
2022-06-23 00:00:00,51.923477781731705,-59.543247645514136,6.0,0,21.6,0.2,19.9,42.0,49.2,15.521428571428574,1.0
2020-05-13 00:00:00,46.119000000904805,-76.09039999991573,5.0,1,12.8,0.0,13.8,25.0,26.0,10.185714285714283,4.0
2023-05-07 00:00:00,48.28540000010997,-70.9885000003747,5.0,1,15.4,0.0,26.0,34.0,29.3,11.921428571428567,6.0
2022-06-06 00:00:00,47.13973625855802,-75.51435090325575,6.0,0,20.6,0.0,9.7,39.0,82.1,18.571428571428573,3.0
2020-05-22 00:00:00,46.04000000125389,-75.91950000062059,5.0,1,27.7,0.0,14.8,20.0,11.2,13.264285714285714,7.0
2024-05-10 00:00:00,49.51480000000004,-74.19119999999998,5.0,1,15.0,0.0,11.0,29.0,29.7,11.9,4.0
2020-05-15 00:00:00,52.96397481132568,-66.05378981824013,5.0,0,2.6,0.0,17.1,77.0,26.6,-0.5714285714285714,1.0
2021-05-16 00:00:00,57.698808198335875,-63.15473827772784,5.0,0,3.6,0.9,19.1,77.0,79.3,0.1714285714285714,2.0
2022-09-12 00:00:00,48.22410000000008,-76.18180000000001,9.0,1,19.8,1.1,7.0,75.0,36.8,21.185714285714283,1.0
2021-05-14 00:00:00,50.98960000084929,-78.68420000044976,5.0,1,21.8,0.4,13.4,32.0,19.6,9.678571428571429,7.0
2021-06-04 00:00:00,52.934961651642915,-60.30034834101566,6.0,0,20.3,5.4,21.2,51.0,43.8,10.028571428571428,6.0
2020-06-17 00:00:00,47.78930000128816,-72.1742000005273,6.0,1,28.9,0.0,17.4,26.0,17.2,17.907142857142855,5.0
2018-07-02 00:00:00,46.285400001206085,-75.80979999970376,7.0,1,31.1,6.9,19.6,60.0,60.7,22.65,1.0
2021-07-05 00:00:00,52.56120000067982,-76.22040000026863,7.0,1,28.4,11.7,21.4,52.0,68.0,19.36428571428572,6.0
2020-08-15 00:00:00,50.63175491695296,-79.12110763807021,8.0,0,28.9,0.0,22.0,29.0,37.6,23.842857142857145,5.0
2018-06-22 00:00:00,46.044800000486894,-74.08210000013501,6.0,1,22.1,0.0,10.9,40.0,31.1,21.285714285714285,2.0
2020-06-18 00:00:00,48.77960000066613,-65.07060000064358,6.0,1,33.3,0.0,27.0,24.0,22.0,18.17142857142857,7.0
2018-05-30 00:00:00,46.45440000132688,-71.69020000003434,5.0,1,26.9,0.0,13.6,24.0,27.8,20.11428571428571,2.0
2019-07-08 00:00:00,49.71420000061439,-69.52270000000844,7.0,1,21.3,0.1,30.5,33.0,30.1,21.77142857142857,6.0
2021-08-30 00:00:00,48.10690000071961,-77.77420000043308,8.0,1,22.5,1.4,28.8,46.0,20.9,25.871428571428567,1.0
2022-05-02 00:00:00,52.93743865401088,-59.3027906229043,5.0,0,0.4,0.0,19.2,80.0,71.1,0.757142857142857,1.0
2019-05-04 00:00:00,49.31591297651334,-65.41054465061738,5.0,0,8.1,0.0,17.8,59.0,30.2,4.742857142857143,7.0
2020-05-23 00:00:00,49.412600000769146,-72.35270000003129,5.0,1,13.1,0.0,14.3,28.0,2.4,9.4,13.0
2021-05-28 00:00:00,48.07910000097252,-77.91469999963975,5.0,1,12.2,0.0,13.2,29.0,29.9,20.5,3.0
2023-05-29 00:00:00,46.94340000030979,-71.37939999991005,5.0,1,18.1,0.0,19.4,35.0,30.5,17.235714285714284,5.0
2021-05-29 00:00:00,46.2581000009829,-74.05839999959936,5.0,1,14.8,0.0,11.0,25.0,10.9,21.00714285714286,3.0
2023-06-01 00:00:00,50.16670000000505,-73.47330000039466,6.0,1,26.4,1.0,18.6,42.0,21.1,15.935714285714283,9.0
2021-06-14 00:00:00,47.98240000127679,-76.48929999950174,6.0,1,20.6,14.4,16.3,61.0,7.9,22.764285714285712,9.0
2019-08-28 00:00:00,48.25480000091832,-70.73660000052206,8.0,1,26.6,12.5,17.8,44.0,29.5,22.52857142857143,5.0
2020-06-17 00:00:00,46.4815000012847,-72.81630000009342,6.0,1,31.1,0.0,16.9,27.0,12.3,22.12142857142857,6.0
2022-09-03 00:00:00,53.86707121394761,-78.48779440821905,9.0,0,14.5,3.0,39.7,69.0,84.9,16.442857142857143,1.0
2019-08-07 00:00:00,46.45330000059659,-72.73140000058869,8.0,1,24.8,5.4,12.4,71.0,23.6,26.35,4.0
2022-09-05 00:00:00,48.232600000000105,-68.08469999999994,9.0,1,17.5,0.0,9.1,51.0,22.3,20.221428571428568,5.0
2022-05-13 00:00:00,50.330402674151095,-57.47737112850011,5.0,0,8.8,0.0,10.4,60.0,44.1,6.007142857142858,1.0
2018-06-28 00:00:00,49.67870000070548,-78.58790000014153,6.0,1,25.8,3.3,18.1,41.0,35.4,21.9,5.0
2023-08-24 00:00:00,54.35535413726759,-79.00681164332968,8.0,0,19.7,0.4,23.8,61.0,40.9,18.757142857142856,1.0
2018-05-30 00:00:00,46.427700000627134,-71.7308999998511,5.0,1,26.9,0.0,13.6,24.0,27.8,20.11428571428571,2.0
2024-07-14 00:00:00,48.0250164041734,-71.98505350823704,7.0,0,28.1,2.6,16.5,51.0,46.1,23.457142857142856,3.0
2024-08-02 00:00:00,45.489956835508984,-62.64202497897574,8.0,0,27.2,1.5,11.6,55.0,12.4,25.292857142857144,3.0
2024-05-12 00:00:00,48.10200000000003,-77.82309999999997,5.0,1,17.3,0.2,16.0,43.0,34.3,14.428571428571429,7.0
2020-07-15 00:00:00,55.37338259128883,-65.6276122590728,7.0,0,21.6,0.0,15.3,39.0,47.7,18.414285714285715,3.0
2019-07-04 00:00:00,57.05796112945976,-70.5363295026641,7.0,0,18.8,1.5,19.9,59.0,31.8,17.385714285714286,2.0
2018-09-02 00:00:00,51.62771844505358,-59.53753521197898,9.0,0,20.5,2.4,18.6,68.0,27.0,19.807142857142857,3.0
2019-06-12 00:00:00,53.780417613069005,-65.00536854778582,6.0,0,10.3,15.0,44.8,76.0,56.2,5.364285714285714,5.0
2024-06-02 00:00:00,48.02300000000008,-66.67859999999996,6.0,1,25.5,0.0,13.4,27.0,37.6,18.971428571428568,5.0
2022-05-20 00:00:00,57.59869355055785,-63.5066784687163,5.0,0,3.5,0.0,20.5,75.0,13.4,-0.5357142857142858,2.0
2023-05-28 00:00:00,48.60659999959034,-71.03169999965525,5.0,1,21.7,0.0,28.9,33.0,47.8,14.485714285714286,4.0
2024-08-04 00:00:00,49.56330000000003,-70.86399999999998,8.0,1,21.1,0.3,16.3,47.0,35.9,23.85,1.0
2024-06-06 00:00:00,53.572592739520104,-69.97264465295235,6.0,0,26.8,0.1,13.8,35.0,47.8,14.62857142857143,7.0
2022-07-18 00:00:00,48.98700000000002,-77.03909999999996,7.0,1,29.7,0.0,16.0,37.0,69.39999999999999,20.95714285714286,2.0
2019-07-07 00:00:00,47.058474942152,-76.29660349725293,7.0,0,22.3,0.0,11.2,32.0,30.6,25.035714285714285,1.0
2020-05-13 00:00:00,47.969995626096996,-61.58042656989487,5.0,0,3.0,0.2,54.4,64.0,67.8,3.242857142857143,1.0
2024-05-17 00:00:00,48.72990000000004,-77.39879999999992,5.0,1,21.5,3.9,20.2,52.0,21.9,15.842857142857142,4.0
2020-08-18 00:00:00,55.820496996640514,-72.51300563692584,8.0,0,14.6,26.1,32.5,84.0,37.6,20.907142857142865,6.0
2019-06-09 00:00:00,49.14600000049216,-75.36959999987768,6.0,1,29.5,0.0,14.3,23.0,40.8,12.071428571428571,6.0
2024-07-18 00:00:00,54.578992693020574,-73.26225391793304,7.0,0,19.7,0.2,20.7,53.0,39.3,18.285714285714285,3.0
2019-07-28 00:00:00,51.25610000088879,-66.84839999944832,7.0,1,23.7,7.9,19.6,52.0,49.7,19.978571428571428,5.0
2021-08-26 00:00:00,46.08383723748578,-72.58665094058313,8.0,0,31.3,3.0,20.5,39.0,8.7,28.92142857142857,12.0
2018-08-04 00:00:00,47.38270000052985,-75.34779999964368,8.0,1,23.7,6.8,11.7,74.0,88.3,24.07857142857143,1.0
2024-07-09 00:00:00,56.84670202407441,-70.37282913480684,7.0,0,14.2,0.1,27.9,60.0,59.0,14.092857142857143,1.0
2024-06-03 00:00:00,54.97847897574139,-61.20227457260442,6.0,0,20.9,9.0,14.9,61.0,79.0,7.699999999999998,4.0
2018-05-13 00:00:00,48.61500000067617,-71.74469999981346,5.0,1,16.4,0.0,25.7,35.0,37.5,11.478571428571428,3.0
2020-07-10 00:00:00,50.716140972900334,-61.75000759139371,7.0,0,25.7,0.0,13.9,47.0,29.9,21.464285714285715,1.0
2023-06-01 00:00:00,46.82760000033977,-76.98669999980513,6.0,1,30.3,0.1,12.8,35.0,25.2,19.74285714285714,8.0
2018-07-05 00:00:00,46.77460000055312,-77.92949999964965,7.0,1,30.6,0.8,22.8,43.0,30.2,25.378571428571423,3.0
2020-06-22 00:00:00,48.8518000011636,-70.39720000005026,6.0,1,27.3,0.0,16.6,46.0,16.0,20.728571428571428,2.0
2022-05-08 00:00:00,57.491341460679166,-66.37298408879536,5.0,0,1.4,0.0,19.8,74.0,36.2,-2.564285714285714,3.0
2021-05-29 00:00:00,48.0891000012577,-65.25070000047562,5.0,1,11.4,0.0,12.3,47.0,32.2,16.77142857142857,3.0
2021-07-25 00:00:00,54.59109868218296,-78.15251170526975,7.0,0,16.2,0.0,22.4,61.0,8.3,20.685714285714287,1.0
2019-08-28 00:00:00,55.73466092095363,-63.466107177756506,8.0,0,20.3,0.0,19.4,60.0,54.8,15.242857142857144,6.0
2024-06-06 00:00:00,45.35154522670319,-63.79685518590761,6.0,0,21.2,0.0,11.8,59.0,33.6,18.685714285714283,4.0
2024-08-03 00:00:00,48.84210000000007,-72.76259999999996,8.0,1,28.2,0.6,14.0,48.0,51.3,25.357142857142858,3.0
2024-07-16 00:00:00,47.670729132878506,-76.90244015691289,7.0,0,24.2,7.6,16.1,68.0,32.4,24.892857142857142,1.0
2019-06-28 00:00:00,52.96561748523082,-67.11261190575156,6.0,0,15.9,2.4,11.6,76.0,41.0,13.292857142857144,5.0
2019-05-05 00:00:00,45.89420000072698,-76.42130000044767,5.0,1,18.4,0.0,12.8,34.0,54.3,10.485714285714284,2.0
2022-05-14 00:00:00,48.011300000000006,-66.73969999999997,5.0,1,23.3,0.0,16.2,26.0,6.4,14.871428571428572,10.0
2024-06-19 00:00:00,49.30570000000006,-68.29389999999997,6.0,1,30.8,0.0,18.4,57.0,27.1,21.057142857142857,1.0
2018-06-26 00:00:00,47.94330000125144,-72.2203999995571,6.0,1,22.2,0.0,17.9,33.0,73.3,19.935714285714287,8.0
2023-06-01 00:00:00,46.93690000003505,-72.76170000015486,6.0,1,31.4,0.9,17.0,31.0,33.1,20.607142857142858,8.0
2023-08-09 00:00:00,51.46280000011996,-78.65470000010487,8.0,1,25.2,4.8,16.8,57.0,15.9,20.057142857142853,1.0
2024-06-19 00:00:00,51.91660000000008,-62.03609999999998,6.0,1,29.8,0.1,18.4,47.0,13.7,20.485714285714288,2.0
2021-05-18 00:00:00,46.36880000105004,-71.53729999971951,5.0,1,21.9,0.4,16.1,23.0,38.4,15.578571428571433,4.0
2024-05-17 00:00:00,48.54972553548112,-74.95086969320504,5.0,0,21.5,10.7,21.3,48.0,27.8,13.55,3.0
2020-07-06 00:00:00,56.76493335505413,-65.0900429895768,7.0,0,17.0,0.9,22.2,59.0,18.3,15.771428571428572,5.0
2018-08-22 00:00:00,48.86170000054986,-67.18320000051015,8.0,1,18.5,10.5,26.9,70.0,24.9,21.107142857142858,4.0
2021-06-24 00:00:00,57.247232537962425,-74.52881230278457,6.0,0,10.6,6.7,44.3,66.0,59.4,11.257142857142856,2.0
2018-07-10 00:00:00,58.49631023030582,-70.81685710004467,7.0,0,7.7,1.7,21.1,77.0,50.8,10.828571428571426,2.0
2019-05-27 00:00:00,57.50585691872182,-66.0499794976993,5.0,0,6.2,5.9,30.9,71.0,5.6,8.4,13.0
2022-08-08 00:00:00,52.68037717665729,-63.82483532576149,8.0,0,14.5,0.6,21.4,49.0,98.7,18.492857142857144,1.0
2020-07-18 00:00:00,48.578988741040064,-57.63910575923795,7.0,0,22.4,0.0,12.8,39.0,14.2,19.992857142857144,5.0
2021-07-15 00:00:00,58.680283943408895,-78.47896964545721,7.0,0,7.3,0.2,22.7,79.0,24.8,10.428571428571429,7.0
2023-06-17 00:00:00,56.91309776505986,-62.96601598608348,6.0,0,4.3,0.8,12.1,76.0,12.7,7.578571428571429,1.0
2023-05-08 00:00:00,45.75700000034976,-71.89390000028476,5.0,1,13.4,0.0,24.3,27.0,53.9,14.092857142857143,4.0
2021-06-21 00:00:00,45.47700000057856,-72.17600000011157,6.0,1,29.7,14.4,21.7,54.0,46.6,23.785714285714285,2.0
2020-09-28 00:00:00,54.686412754347735,-66.84215129097835,9.0,0,13.7,8.0,30.2,72.0,53.3,7.035714285714287,1.0
2020-07-16 00:00:00,54.301591750217966,-63.349878505141334,7.0,0,21.5,0.0,23.0,52.0,75.0,18.264285714285712,3.0
2023-05-07 00:00:00,46.82220000042975,-75.62220000022978,5.0,1,17.1,0.0,20.1,30.0,82.9,11.12142857142857,4.0
2018-05-15 00:00:00,48.490700001325706,-77.68329999970165,5.0,1,6.9,0.0,21.4,32.0,29.8,13.085714285714287,5.0
2019-05-12 00:00:00,57.76104395919291,-60.35339046620376,5.0,0,1.7,0.0,19.4,91.0,13.7,0.7214285714285714,5.0
2020-05-14 00:00:00,46.00990000133995,-74.18520000020972,5.0,1,15.0,0.1,12.3,23.0,33.0,9.45,7.0
2024-06-07 00:00:00,48.58490000000006,-67.41319999999997,6.0,1,23.0,0.3,14.3,47.0,25.4,16.807142857142857,1.0
2023-07-16 00:00:00,46.731903595956,-67.1918554631925,7.0,0,20.9,13.4,25.1,90.0,75.8,25.02142857142857,1.0
2018-05-14 00:00:00,45.8986000007622,-74.94099999966171,5.0,1,22.4,0.0,17.6,32.0,30.2,16.9,4.0
2022-09-20 00:00:00,57.24157709765552,-65.1441870165793,9.0,0,14.2,0.0,14.8,51.0,81.3,12.492857142857144,2.0
2024-06-18 00:00:00,58.65141600661799,-76.3453307689274,6.0,0,13.5,0.5,41.4,61.0,19.8,12.307142857142855,1.0
2020-06-11 00:00:00,48.45530000105435,-72.33160000062912,6.0,1,26.2,0.2,35.8,36.0,46.4,16.857142857142858,1.0
2019-07-17 00:00:00,46.15862133053794,-74.41000374862745,7.0,0,24.7,0.5,14.8,46.0,41.1,24.471428571428568,1.0
2021-05-24 00:00:00,50.24110000066525,-66.38739999962839,5.0,1,8.9,0.0,29.5,41.0,29.9,11.835714285714287,1.0
2020-05-12 00:00:00,46.49320000080815,-73.11989999934752,5.0,1,7.5,0.0,20.1,22.0,38.7,10.428571428571429,5.0
2018-06-05 00:00:00,49.14630000081288,-68.18119999939168,6.0,1,9.2,2.9,19.4,68.0,26.0,13.392857142857142,4.0
2019-07-26 00:00:00,45.53103879011814,-71.82203109583902,7.0,0,28.1,0.0,9.4,39.0,47.3,24.90714285714285,5.0
2019-07-25 00:00:00,48.63206060947611,-76.47408400589521,7.0,0,22.2,0.1,12.4,41.0,42.7,22.29285714285714,4.0
2023-09-22 00:00:00,48.14669999990514,-77.44749999962522,9.0,1,22.8,4.1,13.8,59.0,64.0,17.52857142857143,5.0
2022-09-25 00:00:00,49.61665147554257,-65.31821567976053,9.0,0,11.7,0.0,47.6,69.0,85.0,12.335714285714287,1.0
2024-07-25 00:00:00,51.10226238056086,-75.80639174618734,7.0,0,23.0,0.9,23.2,37.0,76.9,20.714285714285715,4.0
2019-07-31 00:00:00,49.98080000061165,-70.59619999991534,7.0,1,22.4,0.0,20.7,41.0,50.4,21.278571428571432,1.0
2022-07-12 00:00:00,58.46656731077135,-75.69623442271734,7.0,0,18.2,0.1,20.7,46.0,37.6,12.65,3.0
2023-06-01 00:00:00,48.817000000349765,-76.27389999998496,6.0,1,31.9,1.3,15.6,26.0,32.0,17.942857142857143,9.0
2023-06-01 00:00:00,48.51299999995007,-76.04810000041465,6.0,1,31.3,2.7,14.4,27.0,34.5,18.221428571428568,8.0
2020-06-19 00:00:00,50.16150000076467,-66.52260000040654,6.0,1,21.4,0.0,14.7,68.0,24.4,19.164285714285715,7.0
2024-09-21 00:00:00,45.06210000000004,-72.29869999999994,9.0,1,17.0,0.0,10.1,58.0,13.4,19.514285714285712,13.0
2018-09-07 00:00:00,49.678300818344304,-62.77293383762796,9.0,0,18.7,0.0,20.5,36.0,29.2,22.1,1.0
2018-06-28 00:00:00,49.05110000064482,-75.6765999994325,6.0,1,26.8,0.6,17.1,39.0,17.3,21.178571428571427,4.0
2021-08-15 00:00:00,48.0303000013237,-77.28329999943944,8.0,1,21.4,0.0,13.5,46.0,29.6,23.307142857142857,3.0
2022-05-09 00:00:00,46.302599999999984,-74.8098,5.0,1,20.4,0.0,12.7,19.0,40.4,12.828571428571433,5.0
2020-05-14 00:00:00,46.21190000069843,-72.32969999967067,5.0,1,16.6,0.0,11.5,23.0,30.7,11.514285714285714,6.0
2020-09-22 00:00:00,45.7455441682153,-70.53450187883627,9.0,0,14.6,0.0,14.0,45.0,8.5,16.53571428571429,8.0
2020-07-22 00:00:00,52.11988481514651,-60.57288751240576,7.0,0,20.1,0.1,20.5,42.0,51.0,22.47857142857143,2.0
2021-06-18 00:00:00,48.472226107479344,-77.96022533625627,6.0,0,26.7,3.5,21.5,39.0,9.8,22.342857142857145,4.0
2021-09-07 00:00:00,51.85067405334741,-62.83081660833139,9.0,0,12.2,18.8,15.6,94.0,52.6,14.650000000000002,1.0
2024-08-13 00:00:00,48.48030000000005,-64.75679999999994,8.0,1,21.6,9.8,13.0,63.0,42.5,24.25,1.0
2024-06-15 00:00:00,45.904382374397464,-78.61687748886702,6.0,0,17.6,0.0,12.5,43.0,14.7,21.08571428571429,2.0
2024-07-08 00:00:00,50.80710000000005,-71.33489999999995,7.0,1,27.2,1.0,15.2,39.0,45.7,20.992857142857144,4.0
2018-07-21 00:00:00,45.25430000072946,-73.54770000004801,7.0,1,30.5,0.0,17.0,31.0,20.1,28.942857142857143,4.0
2023-06-26 00:00:00,54.47204136930378,-59.72370411686668,6.0,0,22.5,0.0,17.3,36.0,27.0,14.9,2.0
2024-07-30 00:00:00,51.73990000000003,-74.95739999999995,7.0,1,30.0,7.5,17.8,38.0,35.5,20.885714285714283,8.0
2021-06-11 00:00:00,48.59692392624853,-75.27506631863885,6.0,0,19.3,0.0,12.7,30.0,11.1,19.81428571428572,6.0
2022-08-12 00:00:00,51.402357748989154,-59.0448615440993,8.0,0,21.3,3.1,15.7,67.0,32.6,22.40000000000001,5.0
2022-06-02 00:00:00,46.00248441212861,-69.14906312255309,6.0,0,20.0,0.0,13.6,31.0,67.5,18.357142857142858,2.0
2020-09-27 00:00:00,48.57350000056514,-65.76179999963543,9.0,1,19.3,0.0,21.0,70.0,20.3,12.892857142857142,4.0
2019-09-04 00:00:00,49.379486195852145,-58.241330264053,9.0,0,18.9,0.3,20.5,55.0,57.8,19.464285714285715,1.0
2019-05-02 00:00:00,53.12432869883689,-59.6922102686811,5.0,0,-0.7,8.3,24.8,76.0,69.39999999999999,2.921428571428572,1.0
2021-06-09 00:00:00,47.3494000009181,-71.02929999945552,6.0,1,16.8,0.0,18.8,38.0,42.2,16.057142857142857,4.0
2021-09-10 00:00:00,56.927479209628,-70.4417411173848,9.0,0,11.2,1.5,20.4,84.0,39.1,14.264285714285714,1.0
2023-05-14 00:00:00,45.94860000018991,-74.56110000036466,5.0,1,14.4,0.0,19.3,31.0,59.2,15.135714285714286,11.0
2022-07-21 00:00:00,46.46292504163077,-75.24299577007599,7.0,0,24.7,9.7,23.7,60.0,30.5,23.47142857142857,1.0
2022-06-20 00:00:00,49.11860000000013,-72.83550000000002,6.0,1,21.4,0.0,13.7,37.0,92.4,19.692857142857143,2.0
2022-07-18 00:00:00,57.74402165530334,-65.62615488862814,7.0,0,19.6,1.0,10.4,53.0,31.4,13.335714285714284,7.0
2021-07-18 00:00:00,51.88967956225095,-78.97640920612334,7.0,0,10.0,0.0,21.1,74.0,25.7,21.971428571428568,4.0
2018-05-31 00:00:00,49.67530000074901,-68.29510000062365,5.0,1,25.2,0.0,15.9,37.0,15.7,12.17857142857143,2.0
2024-08-22 00:00:00,48.27810000000005,-78.42059999999996,8.0,1,21.3,0.0,10.9,43.0,26.8,22.31428571428572,4.0
2018-06-02 00:00:00,48.26180000138702,-70.65659999962503,6.0,1,18.9,0.0,14.1,26.0,52.9,18.392857142857142,1.0
2024-07-08 00:00:00,53.95090000000004,-70.07729999999998,7.0,1,23.6,8.7,42.6,52.0,45.6,16.857142857142858,1.0
2024-05-13 00:00:00,57.34898009315068,-77.97786192178953,5.0,0,2.6,6.3,40.6,85.0,22.7,1.2714285714285716,7.0
2023-08-09 00:00:00,52.43839793673315,-64.723459787515,8.0,0,13.2,26.2,20.4,81.0,93.1,18.071428571428573,3.0
2022-07-14 00:00:00,46.42949782744701,-67.98424191392458,7.0,0,24.5,18.1,13.2,52.0,53.2,23.56428571428572,2.0
2018-06-07 00:00:00,47.146416614199936,-74.5779755916875,6.0,0,17.0,4.2,21.2,56.0,61.1,20.678571428571423,2.0
2023-06-01 00:00:00,49.188700000304834,-72.08139999991005,6.0,1,29.8,2.3,14.7,37.0,33.1,18.26428571428572,8.0
2024-06-06 00:00:00,50.26410000000004,-73.44539999999996,6.0,1,27.8,0.0,22.2,28.0,39.3,19.207142857142856,9.0
2020-07-13 00:00:00,45.16198635841187,-70.08501230080296,7.0,0,25.7,4.3,14.0,60.0,115.0,23.97857142857143,1.0
2021-07-27 00:00:00,58.365251990032775,-67.84586245344254,7.0,0,11.2,0.0,18.3,70.0,32.2,17.214285714285715,1.0
2022-06-25 00:00:00,46.67924462885455,-73.4811318750181,6.0,0,25.5,0.0,15.5,39.0,95.8,19.81428571428572,2.0
2021-08-24 00:00:00,45.75720000098622,-74.4795000002881,8.0,1,28.5,0.0,14.8,42.0,33.1,26.0,3.0
2021-05-12 00:00:00,56.489038129243426,-59.15492692887698,5.0,0,1.3,0.0,36.1,84.0,37.7,1.5285714285714285,2.0
2023-06-01 00:00:00,47.52769999995508,-72.71030000044465,6.0,1,29.0,2.0,18.4,38.0,40.5,19.785714285714285,8.0
2018-05-13 00:00:00,47.4534000009102,-69.16070000063968,5.0,1,17.6,0.0,14.0,26.0,44.2,13.892857142857142,2.0
2023-09-12 00:00:00,54.93553273886049,-59.577832241279005,9.0,0,13.6,2.9,12.1,59.0,41.8,16.014285714285712,3.0
2022-08-13 00:00:00,46.32944135948352,-59.0131789119974,8.0,0,19.4,1.8,18.0,92.0,36.6,20.228571428571428,1.0
2023-09-23 00:00:00,55.881239867813235,-67.69173919744547,9.0,0,12.7,5.9,24.7,49.0,32.6,10.164285714285716,1.0
2018-07-07 00:00:00,51.55860000081579,-79.42329999968432,7.0,1,27.9,0.0,26.2,39.0,24.9,20.028571428571432,1.0
2018-07-04 00:00:00,49.897692422391785,-60.02380671976518,7.0,0,13.6,0.0,34.4,60.0,48.8,10.20714285714286,3.0
2019-08-01 00:00:00,52.5632349570717,-78.7528326607088,8.0,0,15.8,0.0,11.3,66.0,85.6,16.407142857142862,1.0
2024-05-11 00:00:00,52.090601072930454,-71.54165950656524,5.0,0,9.2,0.0,15.3,52.0,29.4,2.900000000000001,4.0
2018-07-15 00:00:00,46.085700000606586,-73.63840000000435,7.0,1,29.7,1.6,11.5,32.0,6.2,28.635714285714283,1.0
2023-05-27 00:00:00,49.67749999992509,-74.38139999981013,5.0,1,26.8,6.4,21.4,32.0,18.4,11.1,4.0
2022-07-03 00:00:00,54.18446131627556,-68.03499678309154,7.0,0,8.3,10.9,42.6,82.0,76.1,14.607142857142858,1.0
2023-05-18 00:00:00,48.7773999998102,-78.5688000003197,5.0,1,14.0,0.0,15.3,24.0,7.5,14.707142857142856,2.0
2023-05-28 00:00:00,45.22610000001504,-72.34460000018981,5.0,1,28.0,0.0,19.8,19.0,23.2,17.15,4.0
2023-09-07 00:00:00,52.13691236975765,-62.618367872003915,9.0,0,16.4,2.1,20.6,74.0,60.7,18.15,4.0
2019-07-28 00:00:00,49.12750000063003,-65.23520000040388,7.0,1,27.7,0.5,18.1,43.0,32.1,22.27857142857143,7.0
2021-09-02 00:00:00,53.868450494736535,-64.39239424937344,9.0,0,10.0,0.0,19.7,60.0,97.9,16.32857142857143,1.0
2022-05-09 00:00:00,45.985000000000014,-73.92849999999993,5.0,1,19.4,0.0,14.0,23.0,11.5,14.092857142857142,5.0
2023-08-21 00:00:00,45.64905624934987,-68.03599761220946,8.0,0,24.2,0.8,14.1,53.0,81.39999999999999,22.86428571428571,1.0
2020-07-27 00:00:00,48.39360000068506,-68.41869999961459,7.0,1,25.9,1.4,8.7,70.0,38.2,23.535714285714285,1.0
2020-05-09 00:00:00,46.02600000079168,-74.58499999957424,5.0,1,4.1,0.4,23.8,36.0,22.3,11.6,2.0
2018-07-05 00:00:00,51.60860000091927,-75.22830000058725,7.0,1,29.3,17.6,29.5,52.0,20.8,20.37142857142857,2.0
2020-06-05 00:00:00,53.571374645630634,-74.60342045641377,6.0,0,5.7,1.1,17.5,75.0,68.7,9.492857142857142,1.0
2024-05-12 00:00:00,47.49390000000005,-79.31359999999995,5.0,1,18.4,0.0,20.0,36.0,42.4,15.685714285714283,1.0
2022-09-05 00:00:00,48.3578120755724,-72.8055595804694,9.0,0,17.9,0.0,9.4,53.0,34.3,19.87857142857143,2.0
2018-07-04 00:00:00,56.15720347286559,-77.89006179003361,7.0,0,4.8,0.0,19.8,80.0,53.1,3.9,2.0
2024-07-08 00:00:00,52.96610000000003,-67.27949999999998,7.0,1,25.1,1.8,33.9,41.0,58.5,17.285714285714285,1.0
2019-09-14 00:00:00,53.48917080380634,-78.8614736042485,9.0,0,12.9,14.2,19.3,80.0,16.7,10.6,5.0
2018-07-26 00:00:00,51.91250000129463,-75.51779999965954,7.0,1,26.1,6.4,10.6,43.0,52.7,24.22857142857143,1.0
2022-06-09 00:00:00,52.53339833151904,-73.76520085326712,6.0,0,18.3,0.0,12.2,37.0,33.4,14.978571428571428,1.0
2018-06-25 00:00:00,49.842485812385824,-62.48422162607562,6.0,0,9.6,0.0,21.2,64.0,57.8,11.035714285714286,1.0
2024-07-09 00:00:00,52.61029054948732,-59.11298813901989,7.0,0,28.0,5.5,23.8,38.0,49.1,20.52142857142857,4.0
2023-06-01 00:00:00,50.45289999973528,-74.13109999996499,6.0,1,26.9,1.2,19.0,40.0,22.8,15.771428571428574,9.0
2021-08-22 00:00:00,45.42333144597911,-77.54455666215833,8.0,0,28.4,2.0,10.3,64.0,22.6,26.33571428571428,5.0
2018-07-13 00:00:00,46.59610000124122,-70.38919999937326,7.0,1,21.9,0.0,10.8,38.0,42.9,22.5,3.0
2019-05-27 00:00:00,49.59710714697786,-59.27940555449463,5.0,0,6.5,2.5,29.1,77.0,12.7,4.757142857142857,10.0
2022-09-23 00:00:00,48.39736777328984,-79.30160656808863,9.0,0,13.2,0.0,19.1,49.0,77.60000000000001,16.499999999999996,1.0
2022-06-07 00:00:00,58.55310000000003,-64.64940000000001,6.0,1,10.2,0.0,4.4,20.0,15.1,4.871428571428572,12.0
2023-05-01 00:00:00,58.16658174745673,-57.40939851168275,5.0,0,3.0,0.0,17.6,74.0,7.9,2.571428571428572,11.0
2023-06-15 00:00:00,47.42606506562331,-71.10235323070624,6.0,0,17.1,13.0,10.2,61.0,39.7,14.671428571428573,1.0
2018-07-02 00:00:00,49.44430000094626,-72.25669999979243,7.0,1,33.2,4.8,25.0,43.0,9.4,23.28571428571428,2.0
2020-08-24 00:00:00,53.460735898872514,-77.9646018071255,8.0,0,14.3,6.0,17.6,67.0,17.0,19.057142857142857,4.0
2024-05-16 00:00:00,45.06385094316575,-71.80953436409368,5.0,0,19.7,2.0,9.2,54.0,83.2,15.307142857142852,1.0
2020-07-26 00:00:00,45.01540000060714,-72.62780000047754,7.0,1,30.7,0.9,21.3,47.0,61.2,25.300000000000004,3.0
2018-08-27 00:00:00,53.312666505212825,-77.79010075851832,8.0,0,20.3,11.8,20.1,58.0,38.2,16.67142857142857,1.0
2018-05-04 00:00:00,57.558798113521526,-69.04994131076516,5.0,0,2.1,0.0,21.6,62.0,12.6,-1.85,4.0
2022-06-10 00:00:00,46.176931893947895,-57.343942246634754,6.0,0,12.4,77.6,52.5,90.0,60.3,8.1,1.0
2022-08-04 00:00:00,53.36597978726199,-76.64415300998935,8.0,0,16.2,0.8,24.1,51.0,66.0,18.657142857142865,1.0
2019-09-21 00:00:00,56.58353907039361,-76.73513548778787,9.0,0,14.5,8.6,27.6,72.0,24.5,11.321428571428571,1.0
2022-08-19 00:00:00,50.2778001859494,-78.14528975264173,8.0,0,26.0,2.1,13.8,50.0,25.1,22.207142857142856,5.0
2020-06-20 00:00:00,45.802900000792285,-74.34920000035686,6.0,1,30.1,0.0,12.1,36.0,30.6,21.81428571428572,9.0
2021-09-04 00:00:00,47.75400000132762,-69.95350000066621,9.0,1,18.3,0.0,20.9,43.0,9.9,23.4,1.0
2020-08-02 00:00:00,47.2158158153942,-68.69900219127308,8.0,0,26.5,0.7,16.3,44.0,41.4,24.4,3.0
2021-05-25 00:00:00,51.030764780659986,-72.83516839015411,5.0,0,15.5,10.7,20.4,50.0,36.2,13.44285714285714,2.0
2018-05-08 00:00:00,45.03970000099703,-71.58560000021119,5.0,1,19.0,0.0,12.9,30.0,67.1,14.921428571428573,4.0
2024-06-05 00:00:00,50.417800000000064,-69.29189999999994,6.0,1,26.4,0.2,10.0,34.0,28.6,16.971428571428568,7.0
2020-09-28 00:00:00,45.67210000116028,-75.52209999962984,9.0,1,24.3,0.9,16.4,62.0,3.2,17.35,12.0
2021-06-21 00:00:00,53.78954720627263,-66.2878250099025,6.0,0,21.0,1.3,31.8,57.0,47.3,12.271428571428572,2.0
2018-06-24 00:00:00,55.885864626287706,-66.13549765418855,6.0,0,6.4,0.0,15.3,50.0,41.8,6.957142857142857,1.0
2020-05-09 00:00:00,49.506952121974535,-63.39242791118347,5.0,0,6.7,0.2,15.3,42.0,57.8,5.878571428571429,3.0
2024-05-21 00:00:00,53.95248168201939,-71.93293137281901,5.0,0,6.7,1.7,22.7,76.0,38.5,7.65,1.0
2020-08-25 00:00:00,48.15260000097971,-66.82119999991943,8.0,1,19.2,16.6,21.9,66.0,45.1,20.485714285714288,2.0
2018-08-23 00:00:00,52.82669439030053,-65.54733469740296,8.0,0,17.3,42.4,31.6,75.0,65.3,17.535714285714285,1.0
2018-05-22 00:00:00,48.15538617397897,-62.79048695828912,5.0,0,10.4,0.0,54.6,57.0,19.2,6.414285714285713,2.0
2023-06-21 00:00:00,52.342236792978184,-64.6535858964806,6.0,0,26.0,0.0,23.3,37.0,31.2,13.62142857142857,5.0
2020-06-17 00:00:00,46.00090000119179,-75.79600000007287,6.0,1,27.7,0.0,13.3,33.0,28.1,20.14285714285714,6.0
2022-05-07 00:00:00,54.13962759303766,-67.89547352268168,5.0,0,-3.2,0.0,21.6,75.0,28.3,-2.085714285714286,2.0
2023-09-19 00:00:00,54.1267896510311,-76.40413874345279,9.0,0,12.7,0.0,11.4,60.0,15.3,15.607142857142858,3.0
2023-06-11 00:00:00,49.36579999967029,-74.97100000014984,6.0,1,21.6,0.0,11.8,45.0,12.3,21.807142857142857,1.0
2023-06-01 00:00:00,48.04680000021989,-76.03889999973518,6.0,1,30.9,1.7,13.3,29.0,36.1,17.992857142857144,8.0
2018-05-25 00:00:00,48.21190000116277,-76.76910000070517,5.0,1,26.7,5.5,16.3,48.0,17.099999999999998,15.65,6.0
2022-05-12 00:00:00,45.957,-73.72929999999997,5.0,1,28.3,0.0,14.1,22.0,5.1,16.67142857142857,8.0
2022-08-15 00:00:00,49.18720000000013,-68.23829999999992,8.0,1,24.9,0.7,14.3,48.0,15.3,21.77142857142857,7.0
2023-08-25 00:00:00,51.78446531418237,-72.7397510726942,8.0,0,15.7,22.9,14.8,76.0,90.8,17.307142857142857,1.0
2018-06-27 00:00:00,49.217248611914854,-73.73190844611142,6.0,0,27.4,0.0,14.9,28.0,19.0,20.14285714285714,3.0
2018-07-19 00:00:00,47.24450000059264,-70.23779999954182,7.0,1,25.2,0.0,26.5,38.0,22.9,25.1,2.0
2024-07-08 00:00:00,50.07070000000005,-68.65809999999993,7.0,1,28.5,0.0,11.6,36.0,63.6,21.821428571428573,4.0
2021-05-10 00:00:00,47.48598974030109,-74.67189029801659,5.0,0,12.8,3.5,11.9,45.0,17.7,10.221428571428572,1.0
2021-08-26 00:00:00,46.358500001347295,-73.60599999982712,8.0,1,28.0,1.6,17.9,47.0,11.2,26.12857142857143,3.0
2021-08-19 00:00:00,45.14833419233609,-69.9502826662243,8.0,0,29.2,2.0,11.7,55.0,22.6,27.228571428571428,1.0
2023-05-07 00:00:00,45.71569999965533,-74.09479999962025,5.0,1,21.4,0.0,21.7,28.0,124.1,12.807142857142855,3.0
2020-06-15 00:00:00,46.241400000815766,-74.7044999993959,6.0,1,21.9,0.0,7.5,36.0,36.3,18.70714285714286,4.0
2022-05-25 00:00:00,55.10620320721098,-68.589158449971,5.0,0,3.9,3.2,34.2,76.0,37.5,2.921428571428572,4.0
2020-07-24 00:00:00,50.62870000123404,-62.97600000020863,7.0,1,25.7,0.7,19.4,41.0,28.8,23.635714285714283,4.0
2023-08-27 00:00:00,45.74869999980518,-76.76459999998997,8.0,1,22.2,0.0,8.6,47.0,34.6,23.092857142857145,3.0
2019-08-04 00:00:00,54.34980382902122,-79.35392039368544,8.0,0,10.2,0.0,14.4,90.0,69.7,11.471428571428577,4.0
2019-06-27 00:00:00,46.05730000128523,-74.27109999967018,6.0,1,24.5,0.7,20.5,51.0,73.1,19.27857142857143,1.0
2024-07-14 00:00:00,51.01710000000003,-70.96709999999996,7.0,1,26.1,7.5,17.3,48.0,53.5,21.935714285714283,5.0
2018-08-24 00:00:00,49.95211823471901,-62.907564734857274,8.0,0,17.8,0.0,36.6,63.0,15.2,17.999999999999996,1.0
2018-07-21 00:00:00,51.17480000105991,-64.94690000005833,7.0,1,27.7,4.2,17.6,43.0,23.9,20.385714285714283,3.0
2023-05-07 00:00:00,47.00309999966533,-71.3930000002498,5.0,1,19.1,0.0,19.2,32.0,81.8,12.564285714285717,3.0
2023-05-07 00:00:00,56.47159680768359,-70.87281220581036,5.0,0,1.2,0.6,19.1,54.0,1.7,10.085714285714284,14.0
2024-07-11 00:00:00,49.35617785212851,-69.5796736524634,7.0,0,26.1,0.0,10.9,44.0,47.5,23.750000000000004,2.0
2020-06-22 00:00:00,49.16120000073614,-69.48569999969375,6.0,1,26.6,2.3,12.0,59.0,19.5,20.642857142857142,2.0
2021-09-04 00:00:00,46.79260000061425,-71.96139999953046,9.0,1,22.3,0.0,12.7,31.0,28.6,24.65,5.0
2022-05-17 00:00:00,48.02480000000003,-78.14589999999993,5.0,1,12.0,1.7,28.6,31.0,8.799999999999999,19.435714285714287,2.0
2023-05-24 00:00:00,47.12169716128046,-66.61433263224869,5.0,0,18.4,12.1,16.6,46.0,37.1,13.978571428571428,3.0
2023-09-27 00:00:00,48.50569999965529,-69.28409999961525,9.0,1,20.3,0.0,15.0,59.0,57.8,18.971428571428568,4.0
2022-05-10 00:00:00,45.072400000000016,-71.65909999999997,5.0,1,20.1,0.0,13.8,29.0,38.3,11.550000000000002,6.0
2023-06-04 00:00:00,51.09836026168337,-77.27590944728098,6.0,0,24.6,0.1,15.3,29.0,8.1,19.307142857142857,3.0
2023-05-15 00:00:00,45.58690000003503,-75.62099999975015,5.0,1,22.2,0.0,26.1,21.0,49.3,16.250000000000004,11.0
2020-06-17 00:00:00,46.90950000116652,-74.04809999948475,6.0,1,28.0,0.0,14.7,25.0,25.9,18.67142857142857,6.0
2018-05-24 00:00:00,49.67200000100125,-67.17019999996619,5.0,1,11.4,0.0,13.4,42.0,13.8,9.478571428571428,2.0
2020-09-26 00:00:00,45.83751716903498,-70.54513745015402,9.0,0,23.7,0.0,15.5,48.0,9.0,15.2,2.0
2023-06-10 00:00:00,49.24640000006002,-72.83239999956027,6.0,1,17.6,5.2,12.2,69.0,11.9,21.757142857142856,1.0
2019-07-01 00:00:00,57.05161075304053,-61.36122870581837,7.0,0,5.5,3.6,12.9,92.0,58.5,6.478571428571429,4.0
2021-08-20 00:00:00,46.53680000086014,-74.34529999958497,8.0,1,28.7,1.4,9.4,60.0,50.8,24.09285714285713,7.0
2021-08-19 00:00:00,50.22793023380011,-74.0277935589572,8.0,0,28.0,4.4,16.1,58.0,39.1,23.185714285714287,5.0
2024-07-27 00:00:00,45.56878163492856,-74.77477559960033,7.0,0,28.0,0.0,10.5,45.0,48.3,25.85,2.0
2018-06-24 00:00:00,53.86735318760499,-79.40132212037744,6.0,0,4.5,0.0,24.6,84.0,8.3,7.085714285714286,5.0
2022-06-17 00:00:00,55.49760759075995,-71.77725520295886,6.0,0,15.1,27.2,31.4,70.0,22.4,17.45714285714286,1.0
2020-07-23 00:00:00,58.679883565762914,-73.56700713481455,7.0,0,11.1,5.0,36.1,89.0,19.1,18.142857142857142,1.0
2022-07-27 00:00:00,46.56733129297418,-74.55237325522583,7.0,0,23.1,0.0,13.5,48.0,106.5,23.235714285714288,2.0
2021-07-20 00:00:00,51.81053531983543,-71.42763516826963,7.0,0,16.6,0.0,16.3,48.0,52.0,18.842857142857145,4.0
2023-06-02 00:00:00,49.76180371941054,-65.79773364872698,6.0,0,10.6,5.9,37.4,73.0,31.4,9.385714285714286,7.0
2019-06-10 00:00:00,48.42450000052244,-74.66250000029862,6.0,1,26.9,0.0,21.0,37.0,29.3,13.428571428571429,7.0
2022-05-10 00:00:00,51.31504619496241,-76.36880945192854,5.0,0,20.5,0.1,27.4,28.0,11.5,6.75,6.0
2021-09-11 00:00:00,49.61804413567259,-63.715530592620006,9.0,0,15.5,0.0,35.3,65.0,114.0,16.90714285714286,1.0
2022-07-15 00:00:00,55.56997291397306,-78.06840652476534,7.0,0,12.7,4.1,25.0,74.0,15.4,5.321428571428571,8.0
2022-08-15 00:00:00,48.72230000000008,-69.24849999999998,8.0,1,25.7,2.8,13.6,42.0,22.2,23.685714285714287,6.0
2019-06-10 00:00:00,45.720526419088095,-78.18926273497722,6.0,0,16.0,13.9,20.6,66.0,19.2,17.192857142857143,5.0
2020-07-18 00:00:00,47.73383443203629,-61.80021087324605,7.0,0,16.0,4.8,21.6,81.0,47.8,16.307142857142857,6.0
2019-05-20 00:00:00,46.71975958126484,-68.78263121606413,5.0,0,17.1,39.7,15.7,78.0,43.4,10.864285714285716,1.0
2019-06-16 00:00:00,55.320573345223806,-70.19037238309679,6.0,0,13.3,4.6,20.6,65.0,59.7,10.642857142857142,1.0
2020-05-22 00:00:00,46.1099000006682,-73.65339999938362,5.0,1,28.6,0.0,17.2,20.0,11.2,13.828571428571433,7.0
2024-07-08 00:00:00,51.82650000000008,-77.89279999999997,7.0,1,25.5,13.6,15.8,59.0,46.7,21.11428571428572,4.0
2018-07-02 00:00:00,50.75580000106353,-77.79779999945659,7.0,1,25.9,1.4,33.0,41.0,28.0,20.47142857142857,1.0
2018-06-30 00:00:00,46.389300000884965,-76.90549999996459,6.0,1,27.6,35.6,15.9,70.0,19.1,22.92142857142857,2.0
2021-06-09 00:00:00,47.00320000101283,-73.25499999984052,6.0,1,22.3,0.0,19.4,28.0,30.2,20.92142857142857,3.0
2020-09-07 00:00:00,51.95309779210146,-70.03915553477559,9.0,0,12.4,17.8,32.7,80.0,93.5,11.185714285714283,2.0
2018-06-26 00:00:00,47.301800001155726,-79.11299999988972,6.0,1,24.6,0.0,11.9,26.0,32.3,22.94285714285714,2.0
2018-05-16 00:00:00,45.7678000012492,-71.3678000004119,5.0,1,18.5,0.0,18.8,33.0,37.9,17.485714285714288,1.0
2020-07-23 00:00:00,51.6293791672784,-58.81071382455764,7.0,0,23.8,0.0,11.8,32.0,36.1,22.3,3.0
2018-05-26 00:00:00,49.75600000074441,-77.79610000041177,5.0,1,16.3,0.0,13.0,26.0,5.6,14.428571428571429,6.0
2022-05-06 00:00:00,48.68552395744114,-61.12195892918165,5.0,0,2.7,0.0,32.6,74.0,51.5,2.792857142857144,5.0
2021-08-07 00:00:00,48.13920000126063,-69.72440000014761,8.0,1,23.2,2.4,19.7,61.0,19.5,22.321428571428577,4.0
2023-05-06 00:00:00,48.8091998719184,-68.62269758690239,5.0,0,11.9,0.0,33.6,52.0,14.4,5.65,3.0
2022-05-07 00:00:00,46.33790000000005,-73.55240000000003,5.0,1,12.1,0.0,14.4,29.0,22.4,11.521428571428572,3.0
2019-05-26 00:00:00,47.67489716466871,-70.30469105083648,5.0,0,19.8,4.4,23.2,61.0,39.4,12.385714285714286,1.0
2018-06-13 00:00:00,49.649094078328496,-73.5543420816355,6.0,0,16.4,6.3,14.8,38.0,23.6,17.32857142857143,6.0
2020-05-20 00:00:00,46.04480000068669,-72.27880000012718,5.0,1,22.9,0.0,12.2,29.0,15.3,12.842857142857142,5.0
2023-06-10 00:00:00,53.951700000354776,-72.402299999945,6.0,1,21.9,8.9,22.9,36.0,5.4,16.87857142857143,14.0
2022-06-23 00:00:00,53.04587818210163,-66.79419023728302,6.0,0,15.1,0.5,26.7,76.0,40.1,14.957142857142856,1.0
2023-09-24 00:00:00,48.39847988307166,-74.80916973223728,9.0,0,18.6,0.0,10.1,40.0,40.2,17.8,1.0
2023-05-14 00:00:00,50.20835212327271,-66.80676639860316,5.0,0,11.1,0.1,29.9,30.0,42.1,10.014285714285716,1.0
2019-08-03 00:00:00,55.9419116688852,-79.0180215349869,8.0,0,5.2,0.3,21.5,97.0,44.6,6.507142857142858,2.0
2020-05-22 00:00:00,48.432800000849,-64.39849999990831,5.0,1,15.6,0.1,22.3,21.0,8.6,10.292857142857144,5.0
2023-07-21 00:00:00,57.111785770222674,-76.34754878815973,7.0,0,10.5,0.0,29.6,80.0,66.1,18.45,2.0
2023-08-14 00:00:00,53.53086342269801,-78.81750033700081,8.0,0,22.3,1.4,18.6,55.0,16.4,21.62142857142857,3.0
2023-05-25 00:00:00,55.52063413092533,-57.563724691355795,5.0,0,0.0,0.0,28.3,86.0,30.7,1.9785714285714284,1.0
2024-07-08 00:00:00,52.43830000000003,-67.16669999999993,7.0,1,25.9,0.8,22.8,40.0,63.0,18.04285714285714,1.0
2021-06-13 00:00:00,47.07929433522144,-78.52862977523516,6.0,0,24.3,1.4,14.1,38.0,21.6,23.135714285714283,8.0
2018-09-28 00:00:00,50.35611637109089,-58.57741072619303,9.0,0,11.1,1.3,32.1,70.0,66.5,12.042857142857144,1.0
2023-07-04 00:00:00,56.607743353509626,-77.80132444814633,7.0,0,13.9,16.1,29.7,80.0,36.1,9.071428571428571,8.0
2019-07-18 00:00:00,47.72250000053729,-79.00869999981397,7.0,1,27.9,22.9,19.2,46.0,28.3,25.40714285714285,2.0
2018-05-12 00:00:00,48.45920000054647,-78.96199999953016,5.0,1,14.7,0.0,19.2,27.0,31.3,11.328571428571427,2.0
2020-05-12 00:00:00,46.3311000011538,-75.97580000017987,5.0,1,6.7,0.0,14.4,27.0,25.4,10.46428571428571,9.0
2022-05-11 00:00:00,46.27160000000009,-75.87629999999996,5.0,1,26.4,0.0,11.9,24.0,12.9,14.250000000000002,8.0
2021-08-26 00:00:00,49.34930000107663,-72.6933999994181,8.0,1,24.1,3.3,22.2,50.0,30.2,26.278571428571432,2.0
2024-06-05 00:00:00,52.22130000000004,-67.92429999999995,6.0,1,25.2,7.6,11.3,40.0,75.10000000000001,13.728571428571428,6.0
2019-06-24 00:00:00,55.84359916648565,-60.28435778848936,6.0,0,4.1,20.0,54.0,87.0,48.8,5.464285714285714,1.0
2024-07-17 00:00:00,50.73100000000005,-74.20259999999996,7.0,1,23.0,28.3,14.9,60.0,35.7,23.57857142857143,2.0
2023-05-05 00:00:00,52.11365700048602,-79.26638363577402,5.0,0,15.0,0.0,15.5,63.0,40.6,4.678571428571429,4.0
2018-08-01 00:00:00,45.477100000860304,-72.32590000026109,8.0,1,25.5,0.4,15.7,60.0,84.4,25.764285714285712,3.0
2018-06-27 00:00:00,49.4705613102816,-60.044067227876894,6.0,0,11.2,1.1,43.4,73.0,36.8,8.392857142857144,8.0
2024-08-24 00:00:00,45.99833261448581,-78.49382685336361,8.0,0,24.3,2.0,16.1,51.0,47.9,22.12857142857143,4.0
2018-07-10 00:00:00,50.08990000065633,-75.57760000034567,7.0,1,15.3,0.8,18.1,41.0,55.9,25.66428571428571,1.0
2020-09-25 00:00:00,47.37190000084944,-69.94439999941426,9.0,1,15.0,0.0,10.4,44.0,17.2,16.02857142857143,8.0
2020-06-07 00:00:00,46.83430000089388,-71.68800000048705,6.0,1,19.9,0.2,21.6,27.0,29.3,22.721428571428568,1.0
2021-08-22 00:00:00,57.13250270428369,-79.00375516434023,8.0,0,11.2,1.8,52.1,81.0,47.5,8.857142857142858,1.0
2019-06-03 00:00:00,57.78830018397014,-64.9087930120919,6.0,0,7.7,1.1,38.7,66.0,14.1,2.571428571428572,6.0
2020-05-29 00:00:00,46.10720000112365,-70.62960000021697,5.0,1,29.2,4.8,23.1,42.0,17.3,21.55,2.0
2023-05-26 00:00:00,46.88429999984516,-72.38070000030473,5.0,1,20.2,0.0,14.1,29.0,32.8,15.592857142857142,2.0
2023-05-06 00:00:00,47.74919320358221,-58.54964223152143,5.0,0,7.6,4.9,27.6,45.0,0.4,9.37142857142857,14.0
2023-08-07 00:00:00,52.56400000019988,-75.9367000001049,8.0,1,25.4,0.0,8.8,37.0,49.0,18.75,1.0
2020-07-25 00:00:00,46.57210000131979,-72.42140000004396,7.0,1,29.7,0.0,18.0,35.0,76.8,26.02142857142857,2.0
2024-09-02 00:00:00,55.331081448791736,-79.15956504062366,9.0,0,8.8,1.9,50.0,76.0,17.0,12.735714285714284,1.0
2019-06-11 00:00:00,54.84553297772093,-69.34444330337057,6.0,0,17.9,4.4,31.5,72.0,62.5,4.371428571428571,4.0
2018-08-04 00:00:00,54.753382135879015,-61.50774573241706,8.0,0,19.4,0.5,20.9,57.0,94.6,16.25,2.0
2018-09-16 00:00:00,54.52946355905897,-64.24893513494317,9.0,0,7.3,0.0,32.3,48.0,53.3,12.62857142857143,2.0
2023-05-14 00:00:00,46.14050000037474,-74.46020000042967,5.0,1,13.3,0.0,18.4,30.0,66.39999999999999,13.757142857142858,10.0
2024-06-04 00:00:00,48.39550000000003,-70.24349999999998,6.0,1,24.1,0.0,13.8,54.0,49.2,21.264285714285712,7.0
2023-08-15 00:00:00,49.291367978402654,-78.53829446079862,8.0,0,22.4,0.0,12.8,43.0,62.0,21.392857142857142,2.0
2021-07-20 00:00:00,47.932740724916826,-59.91782674741419,7.0,0,17.1,6.6,38.0,92.0,32.6,15.335714285714287,3.0
2022-05-09 00:00:00,45.92270000000008,-74.27959999999996,5.0,1,18.1,0.0,14.2,22.0,23.5,12.285714285714286,5.0
2018-06-28 00:00:00,49.40640000103447,-72.70710000068864,6.0,1,29.8,0.1,11.9,24.0,11.2,21.70714285714286,5.0
2023-08-02 00:00:00,48.58649999987517,-67.62080000021979,8.0,1,20.1,0.0,17.9,50.0,32.3,23.31428571428572,5.0
2024-07-25 00:00:00,48.93000000000006,-69.11739999999998,7.0,1,21.5,11.0,16.8,59.0,43.5,25.207142857142856,5.0
2020-07-12 00:00:00,58.2512055594576,-60.92865753797489,7.0,0,4.6,4.5,36.2,85.0,16.1,5.271428571428571,12.0
2019-05-23 00:00:00,50.953287072365875,-74.80835445753996,5.0,0,16.4,0.0,15.6,43.0,30.5,9.964285714285714,2.0
2021-06-13 00:00:00,48.6640000008265,-72.91200000036636,6.0,1,23.0,0.0,12.9,21.0,10.6,20.34285714285713,8.0
2018-09-10 00:00:00,53.63286659575374,-61.12817900851272,9.0,0,13.1,0.0,23.6,44.0,51.7,15.021428571428572,3.0
2021-05-15 00:00:00,46.41600000125663,-71.31730000018692,5.0,1,21.6,0.0,14.8,30.0,39.2,13.092857142857142,1.0
2021-05-10 00:00:00,45.78340000091146,-74.21029999992464,5.0,1,14.8,0.8,13.8,36.0,47.3,12.585714285714287,5.0
2021-05-15 00:00:00,45.09270000096154,-72.42120000013271,5.0,1,19.2,0.7,12.6,30.0,24.5,12.242857142857144,4.0
2018-05-11 00:00:00,47.01204362815295,-62.82470668710552,5.0,0,7.0,0.2,44.3,59.0,60.3,6.1,4.0
2021-05-29 00:00:00,48.22800000066828,-69.6446999993329,5.0,1,10.9,0.0,13.8,39.0,28.2,18.821428571428573,3.0
2018-06-08 00:00:00,46.75700000120913,-70.12530000006046,6.0,1,17.4,0.7,24.6,29.0,21.1,18.87142857142857,1.0
2020-05-17 00:00:00,46.3247000012748,-75.97340000024889,5.0,1,18.7,0.0,13.2,36.0,12.7,10.085714285714287,2.0
2024-08-02 00:00:00,48.18421431954704,-69.81991536923094,8.0,0,30.1,9.2,9.3,52.0,39.6,25.692857142857147,2.0
2021-08-08 00:00:00,58.62593962459594,-58.820025742840215,8.0,0,8.3,0.9,39.7,80.0,39.5,9.428571428571429,1.0
2022-09-07 00:00:00,56.13374033248384,-73.75825788401916,9.0,0,17.7,0.1,29.4,71.0,96.0,14.000000000000002,4.0
2019-08-28 00:00:00,46.86180649232805,-67.82173344211483,8.0,0,25.3,0.0,18.3,40.0,18.9,23.092857142857145,6.0
2024-06-14 00:00:00,46.117450581124665,-60.18563157508471,6.0,0,23.3,0.0,26.1,50.0,31.7,16.38571428571429,4.0
2020-07-10 00:00:00,47.673200000918506,-74.33339999955959,7.0,1,31.1,0.4,14.3,43.0,26.2,24.357142857142858,2.0
2018-05-12 00:00:00,45.97145955836297,-71.96617458040141,5.0,0,15.0,0.0,13.8,29.0,68.0,16.642857142857142,2.0
2018-07-05 00:00:00,50.12330000124251,-78.33390000011697,7.0,1,30.3,3.6,32.8,50.0,52.2,23.31428571428572,1.0
2018-09-26 00:00:00,47.408169553591414,-68.855957480112,9.0,0,20.9,21.0,23.2,80.0,23.9,17.964285714285715,1.0
2021-06-12 00:00:00,48.84260000055351,-72.39529999972426,6.0,1,24.1,0.0,19.2,17.0,10.8,22.664285714285715,7.0
2023-05-15 00:00:00,46.05929999969527,-70.78940000000995,5.0,1,17.9,0.6,29.9,30.0,28.8,14.7,11.0
2020-09-19 00:00:00,57.88485738874488,-75.35452745511562,9.0,0,4.8,0.9,37.7,64.0,65.4,8.464285714285712,1.0
2023-09-27 00:00:00,50.91171281408151,-77.56545031239419,9.0,0,18.7,0.0,10.1,47.0,26.0,17.150000000000002,5.0
2024-08-11 00:00:00,46.06893108237037,-70.1369963864695,8.0,0,20.5,0.4,17.2,55.0,62.8,24.2,1.0
2023-07-02 00:00:00,56.923100000164936,-66.0653999998101,7.0,1,24.3,1.4,10.9,50.0,9.5,19.75714285714286,5.0
2022-05-01 00:00:00,47.59809999999999,-78.68979999999993,5.0,1,17.6,0.0,17.9,31.0,26.200000000000003,8.064285714285715,6.0
2018-09-16 00:00:00,46.26360000077023,-74.29029999970503,9.0,1,21.3,0.5,10.1,76.0,45.8,20.13571428571429,5.0
2023-05-01 00:00:00,58.54149140371086,-74.95439811182213,5.0,0,4.8,2.5,29.3,80.0,34.4,0.7571428571428571,9.0
2018-05-12 00:00:00,46.62070000117964,-76.03130000056021,5.0,1,16.3,0.0,17.3,20.0,36.9,15.328571428571427,2.0
2022-05-13 00:00:00,46.29820000000007,-75.50369999999992,5.0,1,28.6,0.0,16.3,29.0,5.8,16.735714285714284,9.0
2018-05-11 00:00:00,52.790570856691765,-77.8257758227872,5.0,0,-3.2,0.8,26.7,59.0,29.7,5.221428571428573,1.0
2021-08-24 00:00:00,46.52720000080105,-72.76440000055071,8.0,1,30.8,0.0,14.4,37.0,8.799999999999999,27.67142857142857,11.0
2022-05-09 00:00:00,45.86610000000002,-73.9762,5.0,1,19.8,0.0,13.7,23.0,17.0,14.485714285714282,5.0
2023-07-05 00:00:00,50.83799999980022,-78.40670000020481,7.0,1,31.8,2.9,20.2,36.0,31.1,25.78571428571429,4.0
2023-05-14 00:00:00,46.4249999999501,-71.55570000015484,5.0,1,15.6,0.0,22.9,25.0,65.9,16.007142857142856,2.0
2024-07-08 00:00:00,51.21580000000006,-61.65149999999994,7.0,1,29.8,0.7,13.5,33.0,61.7,22.157142857142865,3.0
2019-08-01 00:00:00,56.236861076804146,-60.339540058348575,8.0,0,5.9,2.0,16.7,97.0,39.0,7.299999999999999,3.0
2024-07-08 00:00:00,50.99240000000003,-74.81859999999996,7.0,1,26.5,1.3,20.4,47.0,29.8,20.24285714285714,4.0
2024-08-24 00:00:00,51.8418969884662,-66.09723953909428,8.0,0,23.7,0.0,12.1,34.0,50.5,20.578571428571426,1.0
2018-07-21 00:00:00,45.74880000052875,-76.76459999986885,7.0,1,29.2,0.0,17.7,27.0,4.9,29.307142857142853,4.0
2023-06-27 00:00:00,48.32534796684584,-71.65299140968139,6.0,0,24.0,8.4,14.5,68.0,37.9,22.81428571428572,3.0
2018-09-14 00:00:00,47.28931888179796,-59.44517315244566,9.0,0,15.9,0.0,22.3,84.0,24.1,17.685714285714287,2.0
2019-05-06 00:00:00,48.27590000106894,-70.97329999971028,5.0,1,20.1,2.5,20.3,41.0,21.2,7.464285714285715,9.0
2019-08-09 00:00:00,46.64208608797995,-69.92633286077022,8.0,0,21.1,1.9,19.6,56.0,40.7,25.10714285714286,1.0
2020-05-15 00:00:00,48.412500001231095,-64.41999999993219,5.0,1,9.3,0.0,16.9,46.0,73.0,7.028571428571428,3.0
2021-09-24 00:00:00,46.16700000072921,-74.14060000030481,9.0,1,17.1,35.6,22.7,56.0,39.5,18.77142857142857,1.0
2019-07-03 00:00:00,49.15564528865265,-64.3278374087565,7.0,0,15.5,0.0,28.0,81.0,38.8,12.45,6.0
2021-05-05 00:00:00,48.29927852544141,-64.90140211960981,5.0,0,6.6,4.0,15.7,72.0,52.4,7.771428571428571,4.0
2019-06-09 00:00:00,45.91442145059929,-61.12301933189848,6.0,0,15.1,0.0,21.7,42.0,80.3,14.349999999999998,3.0
2018-08-24 00:00:00,58.407856722267255,-68.17916816572621,8.0,0,10.5,0.5,45.5,46.0,22.1,15.721428571428572,1.0
2023-06-01 00:00:00,49.33660000028982,-72.4043999996602,6.0,1,29.3,0.7,18.0,36.0,31.8,18.178571428571427,8.0
2022-06-27 00:00:00,53.05006925036464,-70.524432121165,6.0,0,17.5,8.1,32.2,64.0,77.0,15.77857142857143,1.0
2022-05-10 00:00:00,46.83510000000007,-71.7355,5.0,1,22.5,0.0,13.6,20.0,17.2,13.7,6.0
2023-05-07 00:00:00,45.55989999958536,-72.27820000032972,5.0,1,20.4,0.0,19.6,32.0,73.9,13.207142857142856,3.0
2021-05-26 00:00:00,48.73340000103393,-72.87609999934082,5.0,1,22.6,2.2,29.6,55.0,26.2,18.571428571428573,1.0
2021-06-17 00:00:00,45.95060000087666,-73.75060000040902,6.0,1,23.0,0.0,16.6,26.0,44.0,25.15714285714285,2.0
2023-07-01 00:00:00,54.81650000037479,-72.36330000009491,7.0,1,25.1,0.6,18.1,45.0,28.6,21.11428571428572,4.0
2020-05-14 00:00:00,46.58880000102396,-72.64040000057295,5.0,1,16.8,0.0,18.8,24.0,34.0,11.085714285714287,7.0
2019-06-23 00:00:00,48.83610000053295,-64.57429999976422,6.0,1,16.9,0.1,29.2,54.0,51.6,18.292857142857144,2.0
2018-07-31 00:00:00,48.544400001037054,-73.85789999971219,7.0,1,24.6,0.4,13.1,51.0,50.3,23.2,2.0
2020-05-20 00:00:00,45.89400000096945,-76.41689999998013,5.0,1,21.4,0.0,13.0,29.0,13.6,11.214285714285715,5.0
2019-08-01 00:00:00,52.18034041275686,-63.70897602826744,8.0,0,20.7,7.6,12.5,63.0,57.9,20.95714285714286,1.0
2024-06-02 00:00:00,50.16987176116722,-57.54400175586533,6.0,0,14.0,22.9,28.6,85.0,50.5,13.44285714285714,1.0
2023-05-04 00:00:00,53.52054153594391,-75.62098910255332,5.0,0,13.3,0.0,21.1,42.0,17.9,8.207142857142856,3.0
2020-06-13 00:00:00,56.12716099612477,-62.74645305394779,6.0,0,4.9,0.0,23.3,59.0,65.5,4.8357142857142845,1.0
2020-09-14 00:00:00,57.891483354364986,-59.65798335248115,9.0,0,6.1,15.5,43.0,94.0,23.5,6.492857142857142,1.0
2024-06-08 00:00:00,52.24420000000004,-67.86829999999998,6.0,1,23.5,0.0,15.5,35.0,56.5,16.4,3.0
2024-09-05 00:00:00,55.3132344100601,-62.38142275910494,9.0,0,18.1,1.2,47.6,64.0,5.9,17.349999999999998,3.0
2023-07-02 00:00:00,56.19760000013997,-68.88930000009486,7.0,1,25.4,4.4,10.5,53.0,19.7,21.921428571428567,5.0
2021-06-16 00:00:00,46.33800000131913,-77.09950000007021,6.0,1,20.1,0.0,21.5,23.0,14.8,26.42142857142857,1.0
2020-05-15 00:00:00,56.07549900869175,-68.68681774456225,5.0,0,5.5,0.0,7.4,40.0,30.5,0.0999999999999999,4.0
2020-05-06 00:00:00,46.01530000065611,-74.25299999982673,5.0,1,11.7,0.0,13.0,27.0,26.8,8.407142857142858,3.0
2023-08-09 00:00:00,46.70830748533696,-66.8384892251677,8.0,0,19.2,17.3,20.1,82.0,58.6,20.65714285714285,1.0
2023-05-28 00:00:00,52.970604329658755,-67.81042825369511,5.0,0,12.0,6.4,53.6,70.0,40.8,6.514285714285713,1.0
2022-08-03 00:00:00,58.560981362940495,-62.43522544294284,8.0,0,8.4,1.2,48.1,75.0,47.4,7.0,1.0
2020-05-19 00:00:00,45.86160000099338,-74.3800000001061,5.0,1,15.7,0.0,20.2,33.0,12.4,9.935714285714283,4.0
2019-08-02 00:00:00,46.09560000106862,-74.51569999973746,8.0,1,25.4,0.0,10.5,38.0,29.9,25.264285714285712,3.0
2019-06-08 00:00:00,48.68100000122789,-65.22230000045184,6.0,1,12.7,0.0,24.9,40.0,30.1,13.8,3.0
2023-05-28 00:00:00,48.4514000002099,-67.21840000005989,5.0,1,23.5,0.2,37.8,40.0,52.8,12.87857142857143,2.0
2022-07-14 00:00:00,54.2422955567155,-72.24605673562169,7.0,0,16.6,4.8,36.3,66.0,79.0,12.978571428571428,4.0
2023-06-06 00:00:00,45.92951640964387,-78.43680646818399,6.0,0,19.2,0.0,21.7,23.0,4.8,23.457142857142856,13.0
2022-07-22 00:00:00,50.736202297687655,-58.34853577951219,7.0,0,17.1,4.9,33.4,82.0,94.4,13.75,2.0
2023-08-18 00:00:00,47.67194532042035,-69.0502379936145,8.0,0,21.7,21.4,22.2,73.0,111.2,19.892857142857142,2.0
2019-08-25 00:00:00,45.45990000111445,-75.78670000000844,8.0,1,24.7,0.0,10.8,38.0,25.8,25.192857142857147,4.0
2018-07-03 00:00:00,50.294196927019506,-75.17433605868402,7.0,0,26.0,0.1,25.6,35.0,14.7,21.42142857142857,1.0
2020-05-25 00:00:00,56.09515065413528,-69.7057772646786,5.0,0,5.7,6.5,33.5,76.0,10.8,0.5714285714285714,3.0
2024-07-07 00:00:00,47.89284082594444,-72.54215715017644,7.0,0,26.3,0.8,13.2,44.0,75.3,21.82142857142857,3.0
2018-07-16 00:00:00,48.55500000118802,-79.44969999979259,7.0,1,24.7,6.9,17.5,64.0,32.3,26.6,2.0
2021-05-25 00:00:00,52.394999449144905,-69.07943382608941,5.0,0,7.5,5.7,23.2,57.0,34.9,8.621428571428572,2.0
2021-06-09 00:00:00,45.62820000132772,-75.59990000036157,6.0,1,26.4,0.0,16.9,24.0,20.7,23.735714285714288,1.0
2020-05-18 00:00:00,45.7290000008246,-75.5465999994598,5.0,1,18.5,0.0,14.8,23.0,12.9,10.55714285714286,3.0
2018-07-01 00:00:00,46.31290000067361,-73.58180000015285,7.0,1,29.0,0.8,14.1,62.0,37.9,23.12142857142857,1.0
2018-07-21 00:00:00,48.11139669683361,-71.3552486634707,7.0,0,30.0,0.0,15.1,32.0,42.0,22.307142857142857,4.0
2023-06-15 00:00:00,48.197477081021155,-76.31626383025143,6.0,0,21.5,0.3,16.1,44.0,11.6,21.135714285714283,2.0
2023-05-23 00:00:00,48.90809999981519,-72.37099999995002,5.0,1,21.2,10.5,26.1,34.0,29.700000000000003,14.37142857142857,2.0
2020-07-25 00:00:00,46.88910000117584,-76.01789999999968,7.0,1,27.3,0.0,17.1,41.0,123.3,24.892857142857142,3.0
2019-05-05 00:00:00,51.180227383646766,-60.70904700319119,5.0,0,7.5,1.5,11.3,52.0,22.6,4.478571428571429,7.0
2020-09-29 00:00:00,48.95300000059624,-67.13219999946105,9.0,1,26.4,0.0,27.4,55.0,21.7,15.092857142857143,6.0
2023-07-02 00:00:00,50.5168100926776,-58.90222448168771,7.0,0,9.9,0.4,27.2,97.0,38.0,9.65,1.0
2019-07-12 00:00:00,45.1230228914284,-57.388913383217144,7.0,0,13.4,0.0,21.1,89.0,44.2,12.607142857142856,5.0
2022-05-13 00:00:00,46.547500000000014,-71.82789999999994,5.0,1,30.4,0.0,21.9,28.0,6.3,17.599999999999998,9.0
2024-08-16 00:00:00,53.27760000000006,-76.55339999999995,8.0,1,28.3,0.6,16.0,39.0,21.3,20.678571428571423,9.0
2020-06-14 00:00:00,46.99080000067697,-71.21350000021864,6.0,1,16.6,0.0,15.6,35.0,37.6,17.5,2.0
2024-07-24 00:00:00,50.53900000000005,-68.60199999999998,7.0,1,21.7,0.4,7.2,43.0,64.4,23.81428571428572,3.0
2018-09-27 00:00:00,58.5503231219532,-72.5356202177499,9.0,0,1.4,2.5,34.7,69.0,26.2,3.378571428571429,1.0
2018-09-01 00:00:00,50.280800001258726,-62.61239999958341,9.0,1,18.8,0.0,19.6,58.0,35.800000000000004,20.435714285714283,2.0
2023-05-19 00:00:00,57.95724656666645,-69.60057390639706,5.0,0,2.0,0.0,31.4,52.0,23.4,3.3142857142857145,1.0
2019-05-13 00:00:00,46.315162474076,-63.30549400223129,5.0,0,9.1,0.0,17.7,59.0,18.5,10.15,2.0
2018-07-08 00:00:00,50.45640000115232,-79.05940000051336,7.0,1,31.1,0.6,28.1,46.0,29.4,25.25,2.0
2018-05-08 00:00:00,47.776153128025705,-63.95750295097781,5.0,0,8.4,0.0,42.3,69.0,52.8,5.628571428571428,1.0
2024-05-26 00:00:00,49.349149250330825,-66.39914766240314,5.0,0,8.4,0.4,28.5,90.0,17.0,10.650000000000002,2.0
2022-07-02 00:00:00,51.01404289405898,-60.8748763369925,7.0,0,23.1,6.8,22.7,57.0,79.3,18.54285714285714,4.0
2020-05-20 00:00:00,48.67073630609545,-61.11129519178836,5.0,0,5.5,0.5,29.3,69.0,43.3,2.864285714285714,3.0
2024-06-05 00:00:00,48.18600000000004,-70.79209999999995,6.0,1,27.1,0.5,14.6,39.0,20.2,21.02142857142857,7.0
2021-09-09 00:00:00,54.60672391562854,-58.24349502707155,9.0,0,15.5,1.3,25.1,76.0,56.7,11.942857142857145,1.0
2024-06-23 00:00:00,51.53690000000006,-64.31749999999994,6.0,1,21.6,0.7,17.3,31.0,14.6,19.12142857142857,3.0
2024-08-02 00:00:00,51.07310000000006,-74.55509999999998,8.0,1,28.9,0.2,23.4,40.0,79.5,22.192857142857147,1.0
2019-07-27 00:00:00,52.003500001136445,-69.38880000068382,7.0,1,26.0,0.6,20.5,45.0,43.0,18.72142857142857,3.0
2023-06-01 00:00:00,46.84000000019989,-76.94739999961024,6.0,1,30.0,0.7,13.4,36.0,26.9,19.58571428571429,8.0
2022-05-20 00:00:00,45.83719999999994,-76.36929999999995,5.0,1,25.3,0.1,26.7,51.0,44.0,20.435714285714283,1.0
2023-07-25 00:00:00,45.351398518076635,-58.54277262926226,7.0,0,20.5,0.0,22.8,82.0,165.4,18.464285714285715,2.0
2021-06-14 00:00:00,47.27690000072421,-75.05580000008037,6.0,1,22.7,6.0,9.7,54.0,12.8,22.821428571428573,8.0
2021-05-15 00:00:00,46.23160000125584,-73.5352999997798,5.0,1,22.0,1.2,16.1,25.0,23.1,14.15,2.0
2022-05-09 00:00:00,49.96177844316738,-72.80445585049787,5.0,0,14.8,0.0,13.6,25.0,30.0,6.357142857142857,5.0
2018-07-08 00:00:00,45.75920000111015,-74.30980000023926,7.0,1,27.0,0.0,21.1,34.0,49.2,25.500000000000004,2.0
2024-06-19 00:00:00,50.67100000000004,-65.96079999999995,6.0,1,28.6,0.1,18.1,59.0,11.0,20.042857142857144,2.0
2020-05-21 00:00:00,46.98330000052189,-71.10909999962651,5.0,1,24.8,0.0,24.4,23.0,18.5,11.757142857142856,5.0
2022-07-17 00:00:00,46.05970000000008,-75.20760000000001,7.0,1,27.8,0.0,10.2,38.0,26.5,21.87142857142857,3.0
2020-05-11 00:00:00,48.44921725738059,-76.15660576885958,5.0,0,-1.5,0.0,18.1,40.0,35.5,5.307142857142858,1.0
2021-07-22 00:00:00,54.74986390614426,-78.94437756078412,7.0,0,22.8,0.4,20.7,47.0,2.9,18.08571428571428,13.0
2024-08-18 00:00:00,45.33236562700681,-78.65682850663875,8.0,0,22.5,12.1,20.6,81.0,48.7,23.17142857142857,1.0
2020-07-05 00:00:00,45.693700001217366,-73.86399999998937,7.0,1,27.9,0.3,11.9,38.0,25.2,27.92142857142857,6.0
2021-06-18 00:00:00,46.49790000106415,-78.29410000020297,6.0,1,22.1,7.2,25.1,50.0,16.2,23.757142857142856,4.0
2024-05-16 00:00:00,57.44398711243018,-62.60735910774776,5.0,0,2.0,12.5,9.7,86.0,25.7,5.321428571428571,1.0
2018-06-03 00:00:00,49.67220000090472,-76.8346999999113,6.0,1,20.5,0.0,19.0,28.0,16.0,19.62857142857143,2.0
2021-05-19 00:00:00,48.5600000005897,-78.0228999999798,5.0,1,27.4,0.0,21.5,28.0,14.4,14.65,2.0
2024-07-11 00:00:00,54.68669536455451,-69.23933131227514,7.0,0,18.3,0.0,32.7,59.0,29.5,14.985714285714286,3.0
2020-08-28 00:00:00,56.273388857818134,-76.15104492142314,8.0,0,13.0,0.3,15.9,59.0,25.3,15.257142857142856,6.0
2024-07-24 00:00:00,45.59406791880003,-71.56502648749819,7.0,0,25.1,2.0,14.5,63.0,157.7,25.17857142857144,1.0
2020-07-03 00:00:00,53.47440000044994,-70.17920000004514,7.0,1,15.6,1.6,25.3,49.0,59.2,19.478571428571428,6.0
2024-07-08 00:00:00,48.207203653486005,-65.1395850379909,7.0,0,27.2,0.0,12.4,40.0,107.2,21.83571428571428,1.0
2021-09-12 00:00:00,54.20967194175616,-62.36317004728934,9.0,0,12.7,11.2,23.4,63.0,78.4,13.307142857142855,1.0
2020-07-24 00:00:00,50.56850000130982,-63.050299999617366,7.0,1,25.6,0.2,19.6,42.0,26.7,23.55,4.0
2021-07-08 00:00:00,51.49820421796156,-77.09672475773762,7.0,0,18.6,0.0,11.8,43.0,52.9,21.65000000000001,2.0
2021-06-12 00:00:00,45.78350000063327,-73.96739999948504,6.0,1,25.9,0.0,13.9,25.0,13.8,24.25714285714286,1.0
2018-05-12 00:00:00,57.81756475528223,-67.17351082568868,5.0,0,-5.1,1.5,38.7,61.0,49.0,-3.5357142857142856,1.0
2022-06-20 00:00:00,54.4518811489629,-73.58029309522409,6.0,0,15.3,0.0,23.4,40.0,37.5,17.385714285714286,3.0
2024-08-03 00:00:00,56.63419654333799,-60.43496427833618,8.0,0,7.3,0.0,35.7,86.0,63.0,9.157142857142858,2.0
2023-05-01 00:00:00,57.79227536145334,-73.79984422923765,5.0,0,5.5,3.1,27.5,70.0,23.2,0.6857142857142857,9.0
2023-07-17 00:00:00,50.01839999956036,-79.06449999977514,7.0,1,21.8,4.2,17.6,60.0,31.8,24.935714285714287,1.0
2018-07-16 00:00:00,46.39890000130021,-78.31010000044593,7.0,1,30.1,0.5,17.1,41.0,18.0,27.728571428571424,3.0
2021-08-10 00:00:00,49.811200001067824,-68.73389999977547,8.0,1,26.1,0.8,13.2,69.0,46.0,19.77857142857143,1.0
2023-09-16 00:00:00,53.687554392064435,-66.52291481166282,9.0,0,18.0,0.0,22.3,58.0,84.7,15.921428571428573,2.0
2024-06-27 00:00:00,46.42570000000006,-72.75379999999996,6.0,1,19.8,6.9,23.0,48.0,77.1,25.000000000000004,1.0
2020-06-24 00:00:00,48.35033513591138,-70.40722273671871,6.0,0,25.6,15.9,11.4,74.0,27.2,26.16428571428572,2.0
2024-06-20 00:00:00,47.95780000000008,-69.96939999999995,6.0,1,26.7,0.0,24.5,47.0,123.0,22.071428571428573,1.0
2019-09-26 00:00:00,52.28274593499265,-78.07027980758957,9.0,0,11.7,5.6,25.6,61.0,56.5,17.9,1.0
2021-06-22 00:00:00,58.217262302577375,-73.71708992193757,6.0,0,12.9,47.7,65.9,86.0,9.8,9.564285714285711,1.0
2019-08-22 00:00:00,46.27790000068638,-75.9900999993793,8.0,1,21.9,0.0,13.1,47.0,41.6,23.23571428571429,1.0
2024-07-23 00:00:00,54.34813406983697,-77.20731593111402,7.0,0,17.9,0.0,10.7,50.0,26.0,18.00714285714286,1.0
2022-09-28 00:00:00,57.816223463284,-78.20340204562092,9.0,0,5.3,0.3,41.3,68.0,18.3,7.499999999999999,1.0
2024-07-08 00:00:00,53.56750000000005,-69.46039999999994,7.0,1,23.9,3.3,37.8,47.0,39.9,17.007142857142856,4.0
2023-05-13 00:00:00,45.75639999966029,-74.60250000027474,5.0,1,15.6,0.0,23.5,34.0,69.5,15.250000000000002,1.0
2023-06-01 00:00:00,49.74120000027983,-74.37480000031974,6.0,1,28.6,4.9,19.1,36.0,21.2,17.314285714285717,5.0
2022-08-21 00:00:00,48.73610000000008,-69.08269999999999,8.0,1,26.5,0.0,11.8,57.0,45.2,21.692857142857143,2.0
2021-07-09 00:00:00,46.85677194828609,-73.19078671053948,7.0,0,21.2,13.9,16.5,47.0,90.2,22.357142857142858,1.0
2023-05-23 00:00:00,49.28170000015496,-68.00689999963521,5.0,1,13.8,0.0,10.1,44.0,26.7,12.635714285714284,2.0
2021-08-11 00:00:00,47.4456000012845,-78.45280000005246,8.0,1,26.9,4.4,18.7,71.0,35.2,21.78571428571429,1.0
2021-08-19 00:00:00,49.190400000626624,-76.64669999967278,8.0,1,28.9,3.2,10.5,59.0,44.3,24.157142857142865,7.0
2022-06-04 00:00:00,54.77205335832873,-59.95902925618478,6.0,0,4.2,0.0,9.8,78.0,60.6,5.171428571428573,2.0
2023-06-02 00:00:00,49.74360000033983,-77.76379999977013,6.0,1,25.7,0.0,17.3,21.0,16.9,19.50714285714286,1.0
2020-07-27 00:00:00,45.43399543071815,-72.20150364227982,7.0,0,26.4,27.1,18.4,85.0,30.9,25.61428571428572,1.0
2021-07-06 00:00:00,52.1535529160276,-76.64740600586055,7.0,0,20.0,12.4,27.9,75.0,71.1,20.88571428571429,1.0
2023-06-02 00:00:00,47.275081102776,-64.08319185373732,6.0,0,11.1,7.0,49.7,77.0,35.9,11.714285714285714,7.0
2022-05-01 00:00:00,46.35270000000014,-73.65840000000003,5.0,1,18.0,0.0,15.0,31.0,52.4,8.757142857142856,4.0
2020-06-19 00:00:00,48.7333000008257,-78.88470000038471,6.0,1,29.8,0.0,14.7,30.0,31.5,19.957142857142856,7.0
2018-06-28 00:00:00,50.0047000009339,-71.94240000063115,6.0,1,28.6,0.0,12.8,30.0,31.0,20.12142857142857,4.0
2019-07-16 00:00:00,55.4626109937896,-62.83004861198248,7.0,0,22.3,0.5,19.4,44.0,61.0,15.185714285714289,2.0
2019-05-01 00:00:00,46.01380000088589,-71.97499999957999,5.0,1,8.7,2.7,15.9,30.0,96.1,11.55,4.0
2020-06-11 00:00:00,52.17286770179662,-73.05099045902526,6.0,0,20.0,11.7,45.1,69.0,51.2,8.992857142857142,1.0
2022-09-08 00:00:00,54.15379312256313,-71.38451146087453,9.0,0,16.2,0.1,19.1,52.0,97.0,15.157142857142858,3.0
2023-08-25 00:00:00,49.10679999972024,-79.33260000028974,8.0,1,18.0,5.6,17.6,82.0,42.6,21.50714285714286,5.0
2019-08-25 00:00:00,45.86370000123319,-74.02980000004949,8.0,1,22.5,0.0,10.4,46.0,26.2,23.392857142857142,3.0
2018-06-30 00:00:00,50.2255000011523,-72.88580000025837,6.0,1,24.3,0.3,14.4,45.0,37.9,18.77142857142857,3.0
2021-05-29 00:00:00,46.35410000130933,-73.65770000023366,5.0,1,15.8,0.0,12.8,25.0,18.5,22.15,3.0
2019-07-08 00:00:00,48.7803000010596,-73.1353000000537,7.0,1,22.4,0.0,26.9,31.0,55.0,23.092857142857145,2.0
2019-08-28 00:00:00,47.810600000790565,-78.3059999995728,8.0,1,23.0,0.3,22.9,43.0,35.7,21.664285714285715,1.0
2019-07-23 00:00:00,46.045929753343614,-69.33160285992551,7.0,0,23.6,0.1,8.7,36.0,54.8,25.942857142857143,2.0
2019-08-23 00:00:00,45.77050000106343,-76.42389999978181,8.0,1,18.3,0.0,17.3,49.0,38.7,23.571428571428577,2.0
2018-07-13 00:00:00,46.28080000069014,-74.9196999999109,7.0,1,27.3,0.4,14.2,38.0,27.7,27.221428571428564,7.0
2020-08-12 00:00:00,53.169092926473795,-74.94845401324825,8.0,0,18.8,6.5,20.9,63.0,51.3,22.59285714285713,1.0
2022-05-09 00:00:00,46.05700000000013,-73.48750000000001,5.0,1,20.2,0.0,12.6,20.0,15.2,14.814285714285717,5.0
2018-06-28 00:00:00,50.54250000108395,-68.45330000047711,6.0,1,27.5,0.0,18.7,33.0,39.5,17.65714285714286,1.0
2023-05-13 00:00:00,46.400900000134925,-71.82159999994002,5.0,1,13.3,0.0,27.3,38.0,50.7,16.72142857142857,1.0
2018-05-30 00:00:00,46.53330000125852,-71.63929999976108,5.0,1,27.2,0.0,11.1,25.0,24.7,20.15714285714285,2.0
2021-05-30 00:00:00,46.98000000086577,-71.21029999961482,5.0,1,16.7,0.2,14.1,36.0,28.1,19.12142857142857,4.0
2024-05-12 00:00:00,54.7423922041122,-64.70001781694093,5.0,0,11.7,0.0,13.7,38.0,42.3,1.3,5.0
2020-05-23 00:00:00,46.29770000052,-74.78640000056824,5.0,1,23.9,0.0,15.4,18.0,8.4,14.321428571428571,8.0
2023-06-01 00:00:00,47.991799999970056,-75.01730000029477,6.0,1,30.3,4.0,13.8,31.0,44.0,17.735714285714288,8.0
2021-07-13 00:00:00,50.39160000069734,-75.5356000002857,7.0,1,26.9,0.0,18.4,35.0,18.2,21.35,2.0
2024-07-01 00:00:00,53.0558117729518,-62.288662933520015,7.0,0,19.3,0.0,22.9,35.0,63.3,19.342857142857145,1.0
2023-07-05 00:00:00,53.34810000011498,-76.90539999991,7.0,1,27.2,12.0,19.8,51.0,0.8999999999999999,25.542857142857144,14.0
2020-05-21 00:00:00,46.60880000086529,-74.1020000002849,5.0,1,22.3,0.0,18.3,24.0,14.5,10.328571428571427,6.0
2020-05-02 00:00:00,56.11950090207732,-73.07544526847187,5.0,0,-1.8,0.1,27.5,76.0,38.3,-6.628571428571427,1.0
2018-08-03 00:00:00,57.43673073088168,-65.10952511093241,8.0,0,17.9,0.1,25.1,36.0,9.7,16.814285714285713,3.0
2023-09-13 00:00:00,51.77294212474702,-62.04893180837972,9.0,0,16.9,1.6,8.8,57.0,93.4,17.264285714285712,4.0
2024-05-31 00:00:00,47.28440000000006,-72.8384,5.0,1,23.2,0.0,16.4,23.0,38.1,22.321428571428577,3.0
2020-06-23 00:00:00,51.69872597512145,-66.67523105225071,6.0,0,25.4,0.2,12.4,42.0,60.5,16.085714285714285,1.0
2020-07-05 00:00:00,47.07240000085356,-77.51620000017762,7.0,1,24.6,0.4,12.7,45.0,49.9,24.928571428571423,3.0
2020-08-24 00:00:00,47.00970000124088,-73.55750000061386,8.0,1,21.4,3.3,11.7,69.0,24.7,22.06428571428572,3.0
2023-07-04 00:00:00,47.97341859338755,-74.36125617479479,7.0,0,28.1,0.5,10.3,45.0,55.2,24.542857142857148,2.0
2019-05-24 00:00:00,51.88873620349485,-67.05543803681647,5.0,0,10.4,0.0,12.4,50.0,27.2,7.17857142857143,3.0
2020-08-15 00:00:00,55.84757885600044,-78.98854716534126,8.0,0,19.3,0.2,46.2,66.0,16.8,12.92857142857143,4.0
2023-07-11 00:00:00,53.23380799562706,-71.27319040361544,7.0,0,18.2,37.0,35.3,88.0,77.1,22.00714285714286,1.0
2018-09-04 00:00:00,53.25599941761704,-68.06936122140607,9.0,0,10.9,1.2,42.3,67.0,89.3,15.028571428571428,1.0
2023-05-24 00:00:00,50.59408438996049,-64.57196800377505,5.0,0,11.6,2.1,18.2,69.0,34.3,10.264285714285714,3.0
2018-08-19 00:00:00,49.48310000054187,-72.67829999944638,8.0,1,24.6,0.0,13.3,31.0,42.3,24.907142857142865,10.0
2024-08-04 00:00:00,50.53643668522682,-65.3524601913449,8.0,0,25.6,0.0,18.6,36.0,36.2,23.25714285714286,1.0
2019-09-24 00:00:00,55.781556395376306,-70.05628949922625,9.0,0,9.2,0.0,21.3,60.0,21.7,10.007142857142856,1.0
2018-07-02 00:00:00,46.22350000054919,-76.93779999986289,7.0,1,30.3,6.5,21.2,58.0,62.6,23.892857142857142,2.0
2024-07-08 00:00:00,50.87740000000008,-62.45429999999994,7.0,1,29.5,0.0,16.8,34.0,53.8,21.742857142857144,3.0
2023-08-26 00:00:00,48.89564308508027,-65.398330696534,8.0,0,14.8,14.6,21.3,92.0,40.7,18.500000000000004,1.0
2020-07-23 00:00:00,46.993602630662046,-60.082771624960245,7.0,0,18.2,2.5,25.9,78.0,30.9,16.82142857142857,8.0
2020-06-11 00:00:00,46.16066009989178,-67.87369589152712,6.0,0,18.0,5.5,27.5,47.0,22.9,20.81428571428572,4.0
2024-08-19 00:00:00,53.33754728920805,-69.6416990136413,8.0,0,13.3,0.7,24.5,55.0,28.0,18.978571428571428,1.0
2020-05-20 00:00:00,48.25720000123273,-72.18380000067813,5.0,1,20.7,0.0,14.0,22.0,10.3,8.5,4.0
2019-06-11 00:00:00,57.20616223435856,-64.29024336173478,6.0,0,16.4,0.0,29.2,43.0,23.2,4.857142857142857,4.0
2018-09-13 00:00:00,47.570533323484575,-75.34741814828311,9.0,0,24.5,0.0,10.7,46.0,47.9,19.642857142857142,2.0
2024-06-06 00:00:00,52.24780000000004,-67.85639999999995,6.0,1,25.0,0.0,9.0,38.0,78.4,14.421428571428567,1.0
2023-06-01 00:00:00,49.34329999989512,-71.49999999999994,6.0,1,28.6,5.5,12.8,35.0,36.0,16.52142857142857,8.0
2018-08-26 00:00:00,47.894718295441486,-66.48888892575323,8.0,0,26.0,0.9,18.3,52.0,26.7,24.50714285714286,4.0
2018-09-28 00:00:00,45.74335785504741,-71.39419794702843,9.0,0,19.3,1.5,12.6,43.0,58.3,19.32857142857143,2.0
2023-07-14 00:00:00,45.1737075625273,-75.50793932784276,7.0,0,25.9,1.2,9.0,52.0,63.2,27.6,1.0
2024-07-05 00:00:00,48.36431600634568,-58.6247183550356,7.0,0,22.7,0.8,19.9,62.0,48.9,19.65714285714285,4.0
2024-05-21 00:00:00,47.24250000000007,-79.36529999999993,5.0,1,25.6,0.0,10.7,41.0,11.8,18.81428571428572,2.0
2020-07-15 00:00:00,45.78005471226753,-60.22829965934612,7.0,0,14.9,9.5,26.1,84.0,45.3,18.15,3.0
2023-05-14 00:00:00,45.80690000013493,-73.71500000024974,5.0,1,17.0,0.0,16.2,27.0,80.39999999999999,17.307142857142857,2.0
2019-05-17 00:00:00,50.15793019070535,-74.45988456255813,5.0,0,12.6,0.1,12.1,52.0,16.4,9.271428571428572,7.0
2021-06-14 00:00:00,46.522900000532736,-77.41880000055228,6.0,1,23.0,2.0,11.8,52.0,5.2,24.88571428571428,9.0
2019-08-04 00:00:00,48.09910000092929,-69.07979999963169,8.0,1,18.6,0.3,22.5,55.0,28.8,23.58571428571429,1.0
2022-06-21 00:00:00,53.185523363727064,-67.67922717866597,6.0,0,13.4,0.1,19.7,43.0,38.6,14.87857142857143,4.0
2019-05-19 00:00:00,57.168174607737335,-66.9127039530308,5.0,0,12.7,0.4,11.7,48.0,28.7,7.321428571428571,5.0
2020-05-14 00:00:00,48.71980000115332,-67.40169999954631,5.0,1,11.2,0.0,27.8,33.0,52.1,7.792857142857143,2.0
2024-05-05 00:00:00,52.17037669060582,-73.63917653242075,5.0,0,12.3,9.7,33.0,66.0,22.0,3.007142857142857,1.0
2020-06-19 00:00:00,47.46530000122392,-69.92199999992418,6.0,1,31.0,0.0,28.8,33.0,12.0,20.67142857142857,8.0
2020-06-03 00:00:00,53.11637412784518,-68.54783934054127,6.0,0,-0.3,15.5,29.7,91.0,52.8,4.342857142857143,4.0
2018-08-13 00:00:00,46.44650000076459,-76.1045000004506,8.0,1,27.7,0.0,6.8,48.0,62.1,25.892857142857142,4.0
2022-07-10 00:00:00,52.38168523319021,-62.31719895656376,7.0,0,15.3,3.8,18.6,55.0,44.0,18.185714285714283,1.0
2021-05-07 00:00:00,49.4539204771881,-67.23544994364508,5.0,0,6.7,0.5,11.1,78.0,72.7,8.807142857142855,1.0
2023-05-21 00:00:00,45.46862280635293,-71.47542384544764,5.0,0,18.6,5.5,20.0,48.0,24.6,16.021428571428572,1.0
2019-05-01 00:00:00,45.3913000007563,-73.66180000058175,5.0,1,6.2,10.9,23.8,42.0,79.4,12.378571428571432,4.0
2023-06-01 00:00:00,48.48980000026984,-74.83550000002492,6.0,1,29.5,0.1,12.0,31.0,39.2,17.235714285714288,8.0
2020-05-21 00:00:00,46.16550000119388,-70.54080000062565,5.0,1,22.9,0.0,20.9,26.0,39.5,11.407142857142857,5.0
2024-08-07 00:00:00,49.16790000000003,-71.80229999999993,8.0,1,17.8,0.3,16.3,45.0,45.2,24.550000000000004,4.0
2023-06-01 00:00:00,48.05179999967032,-74.03290000043461,6.0,1,30.0,1.5,15.9,28.0,40.1,17.307142857142853,8.0
2018-05-17 00:00:00,45.43224086468427,-76.76714198613564,5.0,0,16.1,0.0,14.3,32.0,13.9,19.057142857142853,2.0
2021-07-03 00:00:00,47.88661501019035,-59.330874893953165,7.0,0,14.1,0.0,15.9,59.0,107.8,16.47857142857143,2.0
2022-08-16 00:00:00,45.14915158979138,-64.46112012707835,8.0,0,24.7,0.0,18.8,47.0,73.6,24.557142857142857,2.0
2020-08-20 00:00:00,54.75824515856966,-70.21104568263394,8.0,0,11.8,4.8,28.0,57.0,36.8,19.56428571428572,1.0
2024-06-12 00:00:00,57.642295172364925,-78.72852286881998,6.0,0,5.7,1.5,27.1,70.0,10.1,5.285714285714285,8.0
2022-05-08 00:00:00,45.64800000000014,-75.5949,5.0,1,17.3,0.0,12.0,25.0,64.4,13.3,4.0
2019-08-19 00:00:00,55.46463740980139,-74.26498318530265,8.0,0,19.7,7.7,41.4,76.0,69.0,16.692857142857143,2.0
2023-05-07 00:00:00,46.2809999999501,-75.5940000001998,5.0,1,19.0,0.0,17.4,34.0,73.7,11.349999999999998,4.0
2020-07-19 00:00:00,46.72774366741897,-77.00962367671102,7.0,0,26.5,32.7,18.0,81.0,103.4,26.500000000000004,1.0
2018-08-10 00:00:00,58.10963247479408,-65.08778995192013,8.0,0,13.0,3.7,27.4,81.0,16.400000000000002,16.564285714285713,3.0
2021-09-14 00:00:00,46.42532199155395,-77.44316968429412,9.0,0,18.8,1.7,23.8,64.0,55.6,18.98571428571429,2.0
2021-07-13 00:00:00,54.74436536054544,-62.87081059463803,7.0,0,23.1,0.0,22.4,42.0,39.2,16.685714285714287,6.0
2023-07-23 00:00:00,52.53434860190817,-79.4424549659656,7.0,0,12.0,0.0,28.4,70.0,52.5,10.414285714285716,5.0
2020-08-02 00:00:00,53.93423375536247,-71.1032129368807,8.0,0,20.0,3.2,17.8,66.0,62.1,18.735714285714288,3.0
2024-06-10 00:00:00,52.47350000000006,-66.40049999999997,6.0,1,21.0,1.6,18.4,41.0,59.6,18.542857142857144,11.0
2022-08-20 00:00:00,49.18770000000012,-68.2389,8.0,1,26.1,0.0,15.9,61.0,36.1,21.7,1.0
2022-07-12 00:00:00,47.63851347759008,-76.11337992086962,7.0,0,17.9,15.3,17.0,73.0,49.8,20.042857142857144,1.0
2020-06-06 00:00:00,48.64730000088791,-72.72350000048078,6.0,1,12.7,10.7,18.4,55.0,60.7,17.97142857142857,1.0
2020-06-11 00:00:00,45.737800000795445,-74.08420000012173,6.0,1,26.1,12.5,36.5,40.0,35.5,21.33571428571429,1.0
2018-07-07 00:00:00,47.16560000124676,-72.41470000025092,7.0,1,23.7,0.0,16.3,37.0,29.7,25.34285714285713,1.0
2018-06-26 00:00:00,49.06324560646168,-75.92452417270222,6.0,0,22.9,0.0,19.9,30.0,38.6,20.65,2.0
2023-07-12 00:00:00,47.53232980368906,-71.78920442430727,7.0,0,22.0,1.1,13.0,50.0,262.90000000000003,23.3,1.0
2021-05-07 00:00:00,53.158413117265134,-62.79759718852769,5.0,0,5.0,2.5,14.9,80.0,41.0,5.621428571428572,1.0
2018-08-14 00:00:00,51.18981085698447,-70.91398505183561,8.0,0,27.1,1.5,24.0,43.0,53.9,21.25,1.0
2018-07-19 00:00:00,58.13595733316325,-67.5943033838552,7.0,0,10.7,0.0,15.8,66.0,33.8,15.935714285714283,3.0
2022-05-13 00:00:00,48.19010000000014,-68.98649999999998,5.0,1,24.7,0.0,16.7,36.0,12.3,11.778571428571428,9.0
2018-07-05 00:00:00,52.0128000008731,-76.56890000016568,7.0,1,29.0,4.1,28.1,54.0,27.6,19.878571428571423,2.0
2020-06-18 00:00:00,46.05130000089178,-73.70849999937032,6.0,1,31.8,0.0,11.9,25.0,21.2,22.471428571428568,7.0
2021-06-25 00:00:00,54.46199862504234,-74.19838762832337,6.0,0,17.3,5.0,42.8,66.0,58.4,15.614285714285714,1.0
2018-09-26 00:00:00,51.776782527881174,-63.97817674448274,9.0,0,12.4,7.6,25.2,87.0,30.1,9.921428571428573,4.0
2021-09-11 00:00:00,49.80884964526897,-70.9749135936697,9.0,0,15.7,0.4,16.9,52.0,35.7,17.82142857142857,2.0
2020-05-25 00:00:00,48.24500000055239,-65.63580000030461,5.0,1,23.3,0.0,12.0,33.0,3.2,14.264285714285714,13.0
2021-06-13 00:00:00,48.9283000006695,-72.10249999931335,6.0,1,22.7,0.0,13.5,26.0,15.2,22.178571428571427,6.0
2020-07-06 00:00:00,46.390300000890974,-73.76920000001728,7.0,1,24.7,0.0,10.2,30.0,37.9,23.557142857142857,6.0
2022-09-26 00:00:00,47.22671996462904,-64.20410177536961,9.0,0,15.3,6.8,36.3,76.0,90.7,16.8,2.0
2024-06-20 00:00:00,50.50250000000006,-59.58719999999994,6.0,1,29.3,0.7,21.1,33.0,22.0,15.67857142857143,1.0
2022-05-17 00:00:00,45.963676836129686,-67.96059014944095,5.0,0,18.3,8.5,27.1,47.0,33.4,17.82857142857143,1.0
2020-07-05 00:00:00,51.030800001006575,-70.58550000043643,7.0,1,17.9,2.6,14.6,49.0,58.7,22.02142857142857,3.0
2023-09-18 00:00:00,50.171571144076374,-62.31899672270704,9.0,0,14.0,0.0,23.7,74.0,84.39999999999999,16.3,1.0
2023-08-11 00:00:00,57.725613025923934,-60.02487359886251,8.0,0,7.9,0.1,37.5,92.0,9.2,7.135714285714286,9.0
2019-05-06 00:00:00,49.38536074387345,-61.03379452846854,5.0,0,3.0,0.0,16.3,80.0,38.1,1.9714285714285715,8.0
2018-08-05 00:00:00,46.90800000086429,-78.84310000062206,8.0,1,27.7,0.2,23.4,59.0,73.7,24.26428571428572,2.0
2018-07-02 00:00:00,48.49950000097909,-68.06610000027223,7.0,1,30.0,2.9,25.8,58.0,33.9,21.8,2.0
2023-07-01 00:00:00,55.326961639381906,-78.07837700114929,7.0,0,17.8,0.0,18.3,51.0,2.0,11.857142857142858,8.0
2018-05-16 00:00:00,46.53610000125371,-78.30499999958629,5.0,1,20.0,0.3,22.0,33.0,37.6,15.635714285714284,6.0
2019-07-04 00:00:00,46.35650000100558,-70.76729999935594,7.0,1,28.0,0.0,13.7,43.0,69.89999999999999,21.57857142857143,3.0
2024-05-07 00:00:00,50.41170727219071,-58.76632519838389,5.0,0,2.8,6.5,24.3,98.0,27.6,2.6142857142857143,1.0
2022-08-09 00:00:00,49.204100000000096,-68.57139999999993,8.0,1,20.5,0.6,12.5,47.0,34.7,22.985714285714288,1.0
2024-06-07 00:00:00,45.04999386334828,-76.54989130637772,6.0,0,20.4,12.0,15.8,56.0,59.6,21.75714285714286,1.0
2020-09-10 00:00:00,54.3097152384943,-72.31159246251605,9.0,0,9.4,1.1,21.3,60.0,77.4,11.55,1.0
2019-07-05 00:00:00,48.689388319142864,-64.20042200570953,7.0,0,25.6,0.0,15.5,71.0,20.3,17.178571428571427,8.0
2023-06-17 00:00:00,58.74469999980522,-65.9838999996852,6.0,1,15.2,0.0,22.1,50.0,5.4,11.035714285714286,5.0
2022-05-01 00:00:00,45.7835,-72.77039999999988,5.0,1,17.6,0.0,18.0,39.0,38.7,11.285714285714288,4.0
2020-06-11 00:00:00,46.33960000132711,-73.83720000006211,6.0,1,25.0,13.1,32.4,43.0,44.1,19.07857142857143,1.0
2020-05-22 00:00:00,48.92270000085462,-72.25080000027766,5.0,1,16.6,0.0,19.6,19.0,3.8,11.05714285714286,14.0
2019-07-28 00:00:00,46.29460000058016,-74.2920000004225,7.0,1,25.0,2.1,18.1,53.0,18.3,23.8,7.0
2020-07-20 00:00:00,48.10795792044414,-71.7263098619573,7.0,0,23.0,3.2,26.3,60.0,86.39999999999999,24.10714285714286,1.0
2018-08-28 00:00:00,49.45335442380219,-66.33832140178387,8.0,0,17.5,0.7,49.0,86.0,16.4,17.742857142857144,1.0
2019-06-22 00:00:00,48.89890000090525,-72.26140000007183,6.0,1,23.6,0.0,28.1,28.0,42.9,19.85,3.0
2021-08-13 00:00:00,48.7820000007808,-72.94540000066816,8.0,1,25.2,2.0,16.9,56.0,12.8,21.82857142857144,1.0
2018-06-21 00:00:00,46.16512577424271,-60.41659002305402,6.0,0,19.8,4.0,17.3,53.0,32.6,15.507142857142858,2.0
2018-07-05 00:00:00,45.96050000074469,-77.24569999998758,7.0,1,34.5,0.5,15.6,37.0,32.8,27.1,3.0
2019-08-13 00:00:00,46.35310000066899,-74.64260000025448,8.0,1,19.6,0.0,13.3,46.0,53.7,21.5,1.0
2024-07-12 00:00:00,47.60806761712726,-70.48460511063085,7.0,0,24.7,0.2,11.0,63.0,42.9,24.128571428571423,1.0
2021-06-02 00:00:00,49.79510000116301,-76.66199999951453,6.0,1,22.1,1.3,15.1,43.0,38.3,17.35,6.0
2023-06-16 00:00:00,57.63872895811629,-68.83598831867641,6.0,0,14.6,0.0,21.3,35.0,16.0,13.32142857142857,3.0
2019-08-21 00:00:00,52.535482807978454,-76.34368740979514,8.0,0,18.1,1.5,15.3,58.0,75.5,18.585714285714285,2.0
2021-07-24 00:00:00,49.03980000074798,-76.26749999989772,7.0,1,24.5,4.2,23.6,40.0,62.5,23.07142857142858,5.0
2019-08-11 00:00:00,51.53346010510549,-57.59349868100348,8.0,0,17.5,1.1,16.7,85.0,61.8,17.035714285714285,1.0
2018-09-28 00:00:00,58.07294648634144,-64.27722926113569,9.0,0,6.2,2.3,37.9,76.0,90.8,0.4714285714285714,1.0
2024-07-08 00:00:00,51.211100000000044,-76.93429999999994,7.0,1,25.8,10.6,23.0,44.0,51.8,20.435714285714287,4.0
2020-06-17 00:00:00,50.45330000100286,-75.47230000060702,6.0,1,28.3,0.0,16.6,44.0,14.5,15.278571428571428,6.0
2021-08-06 00:00:00,48.74920000067917,-72.78570000009212,8.0,1,27.0,0.1,21.0,39.0,35.9,20.92142857142857,3.0
2018-05-30 00:00:00,45.957600001341845,-71.30649999938488,5.0,1,25.2,0.0,11.8,28.0,18.9,19.15714285714285,1.0
2023-05-09 00:00:00,48.75929999969526,-71.77769999985509,5.0,1,12.4,0.0,16.7,27.0,20.3,13.292857142857144,8.0
2020-05-13 00:00:00,45.38400000095154,-72.48200000020911,5.0,1,10.6,0.0,21.6,30.0,27.9,11.021428571428572,2.0
2023-07-15 00:00:00,57.97319999998007,-68.52170000035471,7.0,1,26.2,3.2,25.0,43.0,33.3,25.58571428571429,1.0
2023-05-26 00:00:00,45.96750000032483,-74.22230000044465,5.0,1,18.4,0.0,14.2,31.0,40.5,15.842857142857142,2.0
2024-07-22 00:00:00,56.432605606947234,-61.902903181613944,7.0,0,12.1,7.4,20.1,67.0,48.5,16.364285714285714,1.0
2021-06-11 00:00:00,45.63980000126137,-75.61869999970615,6.0,1,23.5,0.4,9.4,36.0,15.0,23.557142857142853,4.0
2024-08-26 00:00:00,55.33729700540558,-68.96467946701272,8.0,0,19.5,0.2,22.3,61.0,19.8,20.11428571428572,9.0
2019-09-05 00:00:00,50.754419623077744,-69.3831177461787,9.0,0,11.1,0.1,23.2,42.0,76.3,17.992857142857144,1.0
2018-06-28 00:00:00,51.13310000063722,-77.98000000010792,6.0,1,23.6,5.7,20.0,53.0,27.4,19.72142857142857,1.0
2019-06-29 00:00:00,48.39550000092975,-70.51809999960855,6.0,1,23.7,0.1,11.4,45.0,54.1,20.42142857142857,2.0
2018-07-02 00:00:00,49.95050000069529,-76.03250000017829,7.0,1,27.7,1.6,30.1,46.0,15.4,22.04285714285714,1.0
2019-07-23 00:00:00,48.53330249803389,-67.38679163316893,7.0,0,21.4,0.1,10.2,46.0,79.8,21.414285714285715,3.0
2023-06-05 00:00:00,46.05949999992509,-74.33240000015985,6.0,1,21.7,0.0,15.4,30.0,20.7,21.478571428571428,3.0
2024-05-15 00:00:00,54.3871415449663,-68.2265096769887,5.0,0,4.2,2.2,18.0,81.0,21.6,2.907142857142857,1.0
2018-07-19 00:00:00,51.94770000082234,-68.62930000056834,7.0,1,17.3,4.5,19.5,49.0,73.8,17.82857142857143,2.0
2023-08-05 00:00:00,56.95093643098831,-76.62256532217107,8.0,0,21.2,0.0,21.1,52.0,37.2,15.235714285714286,2.0
2024-06-05 00:00:00,52.31580000000008,-67.74749999999995,6.0,1,25.6,2.7,13.7,39.0,76.60000000000001,13.785714285714286,6.0
2018-07-24 00:00:00,48.4915401759384,-60.858905261854744,7.0,0,19.8,8.5,37.6,82.0,15.6,15.135714285714284,1.0
2023-05-13 00:00:00,54.92778096994909,-61.8834475578178,5.0,0,4.7,8.1,22.7,79.0,3.5,2.664285714285714,6.0
2021-05-05 00:00:00,52.11331942013539,-73.79431118732654,5.0,0,3.9,7.6,16.5,76.0,29.8,3.542857142857143,3.0
2024-05-26 00:00:00,57.35771789726261,-58.38519834922494,5.0,0,2.2,0.0,21.4,83.0,5.0,2.6,7.0
2019-06-23 00:00:00,48.50050000110816,-71.04800000034712,6.0,1,22.7,0.0,23.9,26.0,49.5,20.13571428571429,4.0
2020-09-23 00:00:00,45.14170000111319,-72.60139999961794,9.0,1,18.3,1.6,18.0,68.0,12.2,16.285714285714285,6.0
2020-08-11 00:00:00,46.265168854554744,-58.01749835231632,8.0,0,19.7,0.0,30.3,91.0,24.0,18.550000000000004,11.0
2020-07-26 00:00:00,55.13232930168836,-70.91601162456558,7.0,0,18.8,0.0,20.9,47.0,56.7,17.728571428571428,3.0
2018-06-19 00:00:00,49.84804466550531,-57.915867496448264,6.0,0,14.4,17.1,23.9,80.0,47.0,10.785714285714286,1.0
2022-09-20 00:00:00,49.226000000000056,-72.9923,9.0,1,15.2,0.0,18.4,54.0,40.0,19.72857142857143,6.0
2024-06-07 00:00:00,45.89994449968798,-69.87848141983345,6.0,0,17.1,14.0,14.6,91.0,21.0,20.957142857142856,1.0
2023-06-09 00:00:00,46.38659999989011,-73.70310000006492,6.0,1,16.3,1.5,12.4,55.0,16.4,22.92142857142857,1.0
2019-08-21 00:00:00,54.652293815569806,-63.43778529855036,8.0,0,12.9,11.7,21.1,74.0,94.2,17.385714285714283,1.0
2018-05-13 00:00:00,52.06142358399989,-63.29909069869741,5.0,0,2.2,0.8,24.9,41.0,41.9,3.3642857142857143,2.0
2018-05-23 00:00:00,47.69070000076058,-72.74979999967391,5.0,1,16.6,0.4,15.5,26.0,27.2,16.549999999999997,1.0
2020-05-28 00:00:00,49.01950000066492,-71.6629000003344,5.0,1,30.1,0.0,18.0,36.0,3.7,17.128571428571426,1.0
2022-07-06 00:00:00,50.42609231122323,-79.4740753251069,7.0,0,18.4,0.0,12.0,42.0,40.3,20.692857142857143,1.0
2021-05-18 00:00:00,57.43428634173433,-67.65483301372684,5.0,0,6.7,7.6,22.5,58.0,8.5,6.157142857142857,2.0
2023-08-21 00:00:00,55.23119696592479,-76.48942707342778,8.0,0,11.8,2.1,32.4,70.0,101.7,19.62857142857143,1.0
2021-06-05 00:00:00,46.97150000050632,-73.53479999968019,6.0,1,23.0,3.5,23.4,62.0,33.6,18.90714285714285,2.0
2018-05-22 00:00:00,48.717700000934926,-78.94910000041529,5.0,1,22.9,0.0,18.0,29.0,26.9,14.278571428571428,3.0
2021-09-08 00:00:00,50.342413019486635,-74.7621728712662,9.0,0,20.1,10.4,18.2,56.0,59.5,17.72142857142857,1.0
2021-05-06 00:00:00,56.41379276896478,-59.70536222921591,5.0,0,0.5,0.0,25.5,90.0,48.0,0.892857142857143,1.0
2021-08-03 00:00:00,52.93836384414431,-73.47608211588057,8.0,0,11.1,5.6,23.9,70.0,55.1,17.12142857142857,1.0
2018-07-31 00:00:00,51.39900000053621,-63.39790000050018,7.0,1,25.8,4.5,13.3,45.0,40.5,24.285714285714285,1.0
2020-09-24 00:00:00,55.84204863116599,-71.02655210959377,9.0,0,4.2,3.3,36.5,70.0,44.6,8.892857142857144,1.0
2019-08-07 00:00:00,51.562244479065065,-77.24723540732026,8.0,0,24.4,0.0,19.7,42.0,43.3,20.135714285714283,1.0
2024-08-13 00:00:00,48.77070000000004,-67.12959999999998,8.0,1,21.3,0.7,14.1,61.0,49.1,22.62857142857143,3.0
2019-07-26 00:00:00,53.798703138400526,-62.384625983388624,7.0,0,19.6,0.9,29.3,49.0,40.7,16.657142857142855,1.0
2018-07-05 00:00:00,47.12250000122575,-79.11869999949933,7.0,1,31.3,1.5,22.5,43.0,48.7,26.357142857142858,4.0
2019-06-26 00:00:00,45.26471998671097,-75.26626042314636,6.0,0,28.1,2.1,21.4,48.0,32.6,22.907142857142865,1.0
2019-07-13 00:00:00,48.66250000120996,-77.8363999994631,7.0,1,21.5,9.0,16.5,65.0,19.9,25.36428571428572,2.0
2024-07-27 00:00:00,45.91820000000007,-70.34149999999994,7.0,1,23.9,0.0,12.5,45.0,29.8,23.142857142857142,2.0
2021-07-22 00:00:00,57.40782019079415,-78.93437128749873,7.0,0,5.1,0.0,16.0,92.0,1.3,3.9928571428571424,14.0
2024-07-25 00:00:00,55.75421727284931,-69.34235503496585,7.0,0,17.4,3.5,32.8,57.0,50.6,16.67142857142857,4.0
2021-07-25 00:00:00,47.26150000109075,-73.64749999979057,7.0,1,24.4,23.3,25.8,56.0,40.5,23.807142857142857,5.0
2024-07-22 00:00:00,53.193588968434945,-63.5489501923212,7.0,0,15.1,2.6,22.6,54.0,87.3,21.514285714285712,1.0
2020-09-21 00:00:00,53.162773968848214,-60.963584592228216,9.0,0,16.6,0.0,22.2,44.0,34.3,14.028571428571428,4.0
2021-05-01 00:00:00,51.21822063626472,-63.10779411114612,5.0,0,4.8,0.7,19.4,62.0,75.8,4.228571428571429,1.0
2022-07-18 00:00:00,52.56204006122157,-65.61914655223265,7.0,0,20.1,1.5,23.1,54.0,96.3,14.342857142857142,1.0
2023-06-05 00:00:00,50.678000000299846,-72.83550000042464,6.0,1,19.6,0.8,21.6,38.0,23.5,18.02857142857143,4.0
2021-06-02 00:00:00,45.78350000067898,-73.9685999999876,6.0,1,25.9,0.0,16.1,28.0,6.6,22.65714285714285,3.0
2021-07-03 00:00:00,58.35499272711912,-59.06291609915671,7.0,0,6.6,0.0,21.3,86.0,5.7,6.128571428571428,4.0
2023-09-05 00:00:00,50.15050000027486,-78.30859999989002,9.0,1,32.5,0.0,16.9,40.0,22.0,20.87857142857143,3.0
2024-07-08 00:00:00,51.47080000000005,-63.4294,7.0,1,28.5,0.8,15.8,32.0,48.8,19.8,4.0
2022-05-02 00:00:00,49.75188727586568,-75.53431464133675,5.0,0,14.9,0.0,14.5,33.0,38.4,4.928571428571429,5.0
2018-06-28 00:00:00,49.04640000118545,-75.84110000038298,6.0,1,27.1,0.6,16.9,37.0,16.4,21.292857142857144,4.0
2018-06-03 00:00:00,48.49680000080872,-67.48230000050795,6.0,1,11.3,0.0,16.3,27.0,52.8,16.442857142857143,2.0
2020-05-21 00:00:00,46.09910000099118,-71.5596999999257,5.0,1,22.8,0.0,20.0,28.0,30.9,12.064285714285717,5.0
2023-09-11 00:00:00,55.03469385236295,-74.28081998909451,9.0,0,10.1,0.1,15.0,55.0,52.4,14.77857142857143,5.0
2022-06-05 00:00:00,51.97534073927187,-69.64470471491111,6.0,0,15.4,0.0,15.3,36.0,44.9,9.264285714285714,8.0
2020-06-22 00:00:00,49.2780000008531,-69.42549999976978,6.0,1,28.1,4.8,12.1,60.0,24.0,22.735714285714284,2.0
2023-06-16 00:00:00,45.541628921294894,-59.692474550237506,6.0,0,11.5,0.7,26.5,93.0,56.3,9.07857142857143,1.0
2024-06-25 00:00:00,50.61220000000003,-68.73889999999994,6.0,1,27.5,0.0,20.7,24.0,26.5,22.964285714285715,4.0
2022-09-28 00:00:00,48.00477127020643,-72.41340207936263,9.0,0,12.8,2.3,16.8,65.0,57.1,13.892857142857142,1.0
2020-05-21 00:00:00,46.54450000083007,-72.14689999959728,5.0,1,25.1,0.0,23.8,26.0,9.6,13.435714285714289,6.0
2022-07-03 00:00:00,55.86706279828125,-68.81381750724445,7.0,0,9.5,6.4,19.0,72.0,59.8,15.042857142857144,1.0
2024-06-09 00:00:00,53.63680000000005,-69.33709999999995,6.0,1,21.5,10.0,20.5,51.0,57.3,17.928571428571427,8.0
2019-07-08 00:00:00,49.81710000078134,-63.97020000016983,7.0,1,21.8,0.0,26.6,47.0,7.3,19.764285714285712,10.0
2018-07-05 00:00:00,48.04990000101408,-71.81450000012414,7.0,1,31.5,1.4,22.7,35.0,13.9,23.357142857142858,3.0
2022-05-09 00:00:00,50.91728200571585,-78.44759682679057,5.0,0,22.3,0.0,23.9,24.0,24.7,7.885714285714286,6.0
2023-06-01 00:00:00,48.461099999665294,-73.82339999981008,6.0,1,30.0,1.5,13.1,31.0,46.1,16.907142857142855,8.0
2021-07-01 00:00:00,54.06213881533921,-72.05901275528007,7.0,0,18.1,0.0,21.0,39.0,38.5,16.828571428571426,2.0
2019-06-24 00:00:00,46.488905592902526,-66.46625029810477,6.0,0,20.9,0.0,14.0,37.0,57.5,21.33571428571429,3.0
2018-09-10 00:00:00,46.35770000068854,-76.32549999963065,9.0,1,15.9,4.2,15.6,53.0,31.3,22.135714285714283,4.0
2019-09-02 00:00:00,48.965098797099536,-72.17824285647389,9.0,0,19.3,3.6,15.3,63.0,62.1,21.728571428571428,3.0
2023-05-05 00:00:00,47.82010104855481,-79.43307599274493,5.0,0,14.9,0.3,11.5,42.0,103.6,8.292857142857143,2.0
2024-08-28 00:00:00,57.10151660429024,-67.23953534384076,8.0,0,11.1,6.7,35.3,70.0,29.3,19.428571428571427,1.0
2023-06-08 00:00:00,49.33623676969965,-70.19497139333532,6.0,0,8.5,7.9,16.6,86.0,34.4,17.85,1.0
2019-08-23 00:00:00,47.13182053571472,-70.09974553351827,8.0,0,18.0,0.6,23.1,50.0,62.6,20.97857142857143,2.0
2019-08-14 00:00:00,45.9107940583145,-59.73435239249602,8.0,0,20.1,0.0,18.8,64.0,23.6,19.65,1.0
2022-08-05 00:00:00,49.04892419310833,-79.1255866022153,8.0,0,23.1,0.0,14.8,44.0,64.9,22.32857142857143,2.0
2024-07-08 00:00:00,49.264911922734115,-65.90531480859181,7.0,0,28.9,0.1,13.9,53.0,45.0,23.6,4.0
2021-06-14 00:00:00,45.617800000596034,-76.07510000055865,6.0,1,23.4,37.3,12.0,64.0,11.5,25.457142857142856,6.0
2024-08-06 00:00:00,49.027300000000025,-68.62179999999995,8.0,1,21.0,1.1,19.4,36.0,20.1,24.8,6.0
2018-07-01 00:00:00,47.38020000094782,-72.6575000002253,7.0,1,26.7,4.0,14.8,63.0,46.6,22.15714285714285,1.0
2019-06-18 00:00:00,51.55845374497791,-62.231067407510054,6.0,0,15.3,0.1,12.5,50.0,53.3,11.914285714285713,1.0
2021-09-01 00:00:00,45.82443884096294,-75.21109919437191,9.0,0,20.8,0.0,14.8,42.0,35.0,26.1,2.0
2019-09-16 00:00:00,52.28905003660933,-59.37714526753106,9.0,0,9.3,5.2,20.6,79.0,66.6,12.357142857142858,1.0
2020-05-11 00:00:00,46.14040000116434,-75.53749999979641,5.0,1,5.8,0.0,15.3,40.0,32.2,10.285714285714286,8.0
2018-05-25 00:00:00,54.751883999975405,-72.73272580912604,5.0,0,0.3,0.2,29.1,83.0,37.2,-2.55,1.0
2023-05-30 00:00:00,45.6955999999401,-76.20409999981513,5.0,1,25.7,0.0,12.2,37.0,39.4,18.042857142857144,6.0
2020-07-11 00:00:00,51.96973049211547,-76.795377333009,7.0,0,20.7,40.6,14.8,88.0,25.0,25.800000000000004,1.0
2023-07-05 00:00:00,52.10649999967529,-78.05649999977516,7.0,1,29.4,10.1,18.7,56.0,16.6,26.6,4.0
2020-05-13 00:00:00,46.18130000099998,-76.86190000028522,5.0,1,12.4,0.0,13.9,26.0,36.0,9.52142857142857,5.0
2023-05-09 00:00:00,48.41639999956038,-68.29870000040466,5.0,1,10.0,0.1,18.4,30.0,13.2,12.271428571428569,1.0
2020-06-22 00:00:00,47.3215000005314,-73.13740000025841,6.0,1,30.7,2.5,14.4,39.0,9.4,24.592857142857145,11.0
2020-05-13 00:00:00,47.06240000085145,-70.81459999989895,5.0,1,11.3,0.0,18.4,28.0,57.0,9.914285714285713,1.0
2024-05-24 00:00:00,54.56699423965846,-60.85424580158579,5.0,0,2.4,9.6,17.1,84.0,39.1,8.792857142857143,1.0
2021-09-28 00:00:00,51.13790318379318,-70.57300649233355,9.0,0,7.6,3.1,15.8,72.0,62.6,14.207142857142856,1.0
2023-05-14 00:00:00,46.26640000025986,-76.0136000003397,5.0,1,15.3,0.0,17.5,29.0,62.8,15.642857142857144,2.0
2018-07-16 00:00:00,47.761300000649534,-78.60739999980352,7.0,1,27.4,0.9,18.0,55.0,33.1,26.292857142857144,3.0
2022-06-01 00:00:00,52.570545416182746,-67.03675778010762,6.0,0,9.7,0.0,26.0,41.0,54.3,7.578571428571427,2.0
2018-08-17 00:00:00,50.005960300362666,-70.85125659099494,8.0,0,22.9,0.0,11.7,44.0,53.4,23.278571428571432,2.0
2022-05-09 00:00:00,45.9697000000001,-73.84280000000001,5.0,1,19.1,0.0,13.8,21.0,12.8,13.592857142857143,5.0
2019-07-27 00:00:00,51.95500000055672,-63.61169999971664,7.0,1,27.1,0.7,20.7,43.0,41.7,19.24285714285714,3.0
2022-05-05 00:00:00,46.327000000000055,-73.60379999999992,5.0,1,14.0,0.0,17.7,32.0,26.5,11.728571428571428,1.0
2022-05-13 00:00:00,46.98309999999998,-72.58969999999994,5.0,1,31.7,0.0,17.8,19.0,6.2,17.264285714285712,9.0
2020-05-21 00:00:00,46.072900001327774,-73.81520000015664,5.0,1,23.2,0.0,17.4,24.0,13.0,12.3,6.0
2019-06-19 00:00:00,49.22323501042884,-77.55265581420119,6.0,0,18.9,2.5,14.1,43.0,83.7,17.985714285714284,4.0
2020-05-17 00:00:00,47.98420000094443,-69.20559999937575,5.0,1,12.4,0.0,22.1,34.0,29.4,7.971428571428571,1.0
2021-06-18 00:00:00,45.988600001031664,-73.29010000061893,6.0,1,27.8,5.2,23.5,36.0,25.9,26.592857142857145,3.0
2021-09-05 00:00:00,56.18389590326008,-70.29946083827292,9.0,0,16.7,0.0,14.9,54.0,40.6,15.028571428571428,5.0
2021-05-29 00:00:00,48.13940000116072,-70.99139999957514,5.0,1,11.5,0.0,10.8,38.0,58.2,18.56428571428572,3.0
2020-05-13 00:00:00,45.64090000058184,-75.13959999938899,5.0,1,13.0,0.0,15.3,25.0,33.4,11.685714285714283,4.0
2020-08-19 00:00:00,46.72127013742727,-66.58576699442936,8.0,0,19.7,0.0,17.1,51.0,19.3,24.35,1.0
2020-08-13 00:00:00,48.44730000100315,-68.366499999782,8.0,1,24.0,0.0,12.8,48.0,31.7,24.90000000000001,1.0
2019-09-12 00:00:00,53.72945544690796,-71.7409144695147,9.0,0,6.9,1.8,25.9,75.0,50.9,10.021428571428572,3.0
2021-06-08 00:00:00,46.613500000940455,-75.0579000004977,6.0,1,29.1,0.0,14.8,48.0,35.5,20.485714285714284,3.0
2020-08-22 00:00:00,48.44240000058029,-73.48069999968482,8.0,1,18.4,1.6,14.5,57.0,28.8,20.914285714285715,3.0
2021-08-27 00:00:00,46.110600000959,-70.69150000026572,8.0,1,21.2,0.0,17.6,45.0,24.9,26.664285714285715,1.0
2023-09-08 00:00:00,56.505203755744226,-68.7583805516832,9.0,0,9.2,0.0,16.4,56.0,27.8,14.65,2.0
2020-06-05 00:00:00,51.13966677384768,-66.26864136873638,6.0,0,9.6,0.3,14.7,57.0,36.2,13.257142857142856,1.0
2024-07-09 00:00:00,49.45730000000003,-68.66459999999995,7.0,1,26.5,11.0,11.7,55.0,35.3,23.092857142857145,5.0
2020-05-12 00:00:00,46.29490000117937,-72.06180000010058,5.0,1,8.4,0.0,20.5,25.0,35.6,11.978571428571428,4.0
2020-06-21 00:00:00,45.53730000052256,-71.58429999969164,6.0,1,30.9,0.0,10.7,39.0,6.800000000000001,23.107142857142858,10.0
2018-09-22 00:00:00,54.35879562145624,-66.71658988218485,9.0,0,4.0,25.3,55.9,70.0,21.9,9.757142857142856,1.0
2021-06-14 00:00:00,48.684500001015074,-74.4469999994923,6.0,1,22.0,1.7,10.7,47.0,14.8,20.692857142857143,9.0
2021-06-22 00:00:00,45.25039803805664,-58.0834395317453,6.0,0,14.5,3.3,37.2,91.0,18.0,10.842857142857143,2.0
2024-06-19 00:00:00,49.79860000000008,-74.42889999999994,6.0,1,30.9,7.8,31.2,50.0,87.9,20.77142857142857,2.0
2018-06-28 00:00:00,51.914700000542,-68.56629999951627,6.0,1,25.8,3.9,15.9,33.0,24.0,14.142857142857144,2.0
2018-06-22 00:00:00,51.74300182664159,-58.59834835163787,6.0,0,13.7,0.0,16.8,44.0,56.3,9.971428571428572,1.0
2018-09-11 00:00:00,52.11625455729198,-77.75854687685158,9.0,0,20.2,0.9,22.3,59.0,27.0,16.542857142857144,4.0
2022-05-10 00:00:00,46.96330000000006,-71.34659999999997,5.0,1,20.6,0.0,12.2,23.0,21.5,11.321428571428571,6.0
2021-05-19 00:00:00,53.62412047117835,-77.17909802716845,5.0,0,23.9,0.5,25.2,43.0,24.7,7.142857142857143,1.0
2023-06-03 00:00:00,46.38390000038476,-72.51600000019982,6.0,1,18.5,0.0,25.8,30.0,22.6,23.428571428571427,1.0
2022-09-02 00:00:00,52.34860000000009,-77.48969999999997,9.0,1,25.3,10.6,27.1,56.0,45.0,18.47142857142857,1.0
2024-05-20 00:00:00,51.74629695398773,-76.26254946504635,5.0,0,20.5,0.0,29.1,31.0,32.8,13.628571428571428,1.0
2018-05-28 00:00:00,48.41508711797967,-67.60976664654854,5.0,0,13.8,5.8,19.0,56.0,45.9,13.021428571428574,3.0
2024-06-12 00:00:00,50.05912735914607,-71.1217774367252,6.0,0,20.6,0.2,16.3,50.0,14.8,19.214285714285715,2.0
2023-09-20 00:00:00,50.11659999999006,-73.6025999996902,9.0,1,15.4,0.0,17.9,54.0,25.1,17.7,6.0
2022-08-12 00:00:00,51.808890269051425,-78.6191889572279,8.0,0,22.6,0.0,14.5,40.0,127.4,19.464285714285715,1.0
2020-07-12 00:00:00,46.880269715481475,-71.40154999898343,7.0,0,25.7,14.6,19.3,68.0,52.7,25.971428571428568,1.0
2021-06-09 00:00:00,46.64550000134408,-72.97190000018978,6.0,1,24.2,0.0,19.5,25.0,19.5,21.692857142857147,3.0
2018-07-24 00:00:00,45.43227686933217,-67.37245619715245,7.0,0,29.2,0.2,23.3,46.0,21.7,26.75714285714286,1.0
2018-07-22 00:00:00,57.02387819444773,-65.2330838935896,7.0,0,19.8,0.0,9.1,41.0,42.5,16.035714285714285,2.0
2018-06-27 00:00:00,46.80400000116081,-69.92899999999594,6.0,1,24.8,0.0,16.8,30.0,62.3,20.38571428571429,2.0
2022-05-06 00:00:00,56.81429936602665,-61.25082477575626,5.0,0,-3.4,0.0,27.3,69.0,51.4,-0.7000000000000003,1.0
2024-05-31 00:00:00,46.95840000000004,-71.36619999999994,5.0,1,20.8,0.0,17.1,28.0,62.2,20.685714285714283,3.0
2022-08-02 00:00:00,49.12099999999992,-68.53409999999997,8.0,1,22.9,2.1,23.0,59.0,79.4,21.607142857142858,4.0
2024-05-21 00:00:00,46.69929328993285,-71.38655197732119,5.0,0,26.0,0.0,14.0,46.0,44.1,18.61428571428571,3.0
2019-08-27 00:00:00,47.94552190169785,-70.42202662145903,8.0,0,21.9,0.0,9.6,43.0,22.0,18.178571428571427,4.0
2019-05-14 00:00:00,48.10010000106035,-79.26169999990616,5.0,1,18.7,0.0,15.6,22.0,37.6,9.885714285714284,4.0
2019-05-20 00:00:00,55.57287079801967,-65.97514554111268,5.0,0,6.4,0.0,16.3,60.0,35.5,7.571428571428571,9.0
2023-08-27 00:00:00,50.40345534056231,-77.66933424371936,8.0,0,19.7,0.0,12.2,42.0,30.1,20.771428571428576,2.0
2022-06-06 00:00:00,52.41652088428688,-63.712338740512614,6.0,0,14.3,0.0,15.3,31.0,30.4,7.214285714285714,8.0
2020-07-05 00:00:00,46.578134226102485,-70.48093287306489,7.0,0,19.5,2.3,10.4,54.0,40.6,21.60714285714285,6.0
2018-07-01 00:00:00,47.140300000506166,-72.94499999969364,7.0,1,27.5,3.5,15.4,62.0,34.4,22.90714285714285,1.0
2020-06-11 00:00:00,54.01180279789298,-78.8598743535728,6.0,0,12.0,19.1,40.0,75.0,29.7,8.885714285714284,1.0
2019-09-22 00:00:00,50.207400000534335,-66.20150000048653,9.0,1,16.8,5.8,29.6,80.0,30.2,14.349999999999998,2.0
2019-05-01 00:00:00,49.56153318545383,-76.14472367015307,5.0,0,3.4,0.0,11.5,31.0,85.1,5.564285714285715,4.0
2023-07-01 00:00:00,47.4890577459561,-64.41710199094807,7.0,0,17.3,0.0,31.0,85.0,32.5,15.571428571428571,3.0
2024-06-02 00:00:00,49.576606797338954,-77.03325050910276,6.0,0,23.1,5.4,14.0,43.0,49.8,19.307142857142857,5.0
2021-06-17 00:00:00,51.84211225559573,-72.67006457537067,6.0,0,16.9,1.3,23.1,41.0,67.9,13.921428571428567,1.0
2018-07-15 00:00:00,54.933112677186635,-68.61443295386556,7.0,0,16.4,2.4,32.8,78.0,58.5,14.5,1.0
2021-07-13 00:00:00,45.9437000008972,-75.89230000022593,7.0,1,24.4,17.8,19.6,76.0,43.4,23.0,5.0
2022-05-06 00:00:00,46.02030000000008,-71.56040000000002,5.0,1,9.4,0.0,14.3,38.0,33.4,11.421428571428573,2.0
2022-07-02 00:00:00,45.71820000000002,-76.17429999999996,7.0,1,23.9,0.0,24.4,38.0,47.1,22.45714285714286,1.0
2023-08-09 00:00:00,50.140804294628715,-58.48781090870714,8.0,0,17.4,2.6,32.9,76.0,21.9,17.164285714285715,3.0
2022-06-01 00:00:00,50.02331652923475,-68.44206460081918,6.0,0,17.3,0.0,13.8,26.0,44.5,12.19285714285714,4.0
2022-06-23 00:00:00,48.93268128759093,-76.3250339352708,6.0,0,22.9,0.0,12.0,40.0,57.1,19.971428571428568,2.0
2022-09-21 00:00:00,47.80497497360279,-64.42899113706451,9.0,0,14.3,3.4,31.7,81.0,22.5,17.342857142857145,1.0
2020-05-27 00:00:00,45.98382097597476,-71.0711089038372,5.0,0,31.3,0.0,13.8,38.0,12.9,18.235714285714288,11.0
2024-06-02 00:00:00,58.59463074997404,-59.361293518879776,6.0,0,5.6,0.0,28.0,78.0,11.0,2.621428571428571,5.0
2021-08-20 00:00:00,48.6463000012357,-71.19959999979542,8.0,1,27.9,0.3,12.0,54.0,51.6,26.21428571428571,7.0
2019-06-11 00:00:00,51.665653923146685,-71.91162137672416,6.0,0,18.4,11.7,23.8,59.0,46.4,9.72857142857143,6.0
2023-07-08 00:00:00,48.19662328032,-75.48807766221412,7.0,0,25.7,0.6,9.2,38.0,111.8,24.90714285714285,1.0
2021-06-03 00:00:00,49.678800001062434,-68.58059999987037,6.0,1,22.1,0.0,19.2,39.0,28.8,16.585714285714282,2.0
2018-08-14 00:00:00,48.31760000118008,-78.9040999997329,8.0,1,29.2,0.4,19.0,51.0,34.6,24.7,3.0
2024-07-26 00:00:00,53.06660514370161,-63.66691068733997,7.0,0,17.2,1.6,19.7,37.0,80.8,19.27142857142857,1.0
2018-05-25 00:00:00,53.42922049541314,-62.704869995358294,5.0,0,3.0,0.2,23.0,65.0,55.1,-1.1785714285714284,3.0
2023-06-21 00:00:00,54.52910000016493,-77.74439999995997,6.0,1,28.0,0.0,29.0,34.0,0.6,23.085714285714285,14.0
2023-05-31 00:00:00,50.57320000037976,-68.9130999995653,5.0,1,29.1,0.0,19.3,23.0,26.2,13.142857142857142,7.0
2018-05-10 00:00:00,46.717300000879774,-71.72609999938248,5.0,1,24.3,6.4,27.1,32.0,122.5,13.599999999999998,5.0
2024-07-08 00:00:00,51.44530000000003,-70.05799999999994,7.0,1,26.4,0.5,28.0,40.0,50.3,19.435714285714287,4.0
2024-08-26 00:00:00,51.49350000000004,-78.68399999999997,8.0,1,31.2,31.5,19.7,37.0,4.1000000000000005,22.77857142857143,3.0
2019-06-07 00:00:00,48.33900000072736,-64.74870000056355,6.0,1,18.0,0.2,19.6,39.0,23.1,14.592857142857143,2.0
2022-07-04 00:00:00,52.38920093014224,-63.109919261414674,7.0,0,9.5,5.3,28.1,61.0,34.5,16.642857142857146,2.0
2024-09-17 00:00:00,47.20060000000007,-77.53989999999999,9.0,1,25.3,0.0,13.0,44.0,48.2,20.728571428571428,9.0
2024-07-02 00:00:00,50.63830000000007,-63.11139999999994,7.0,1,27.6,0.3,11.8,31.0,38.0,22.357142857142858,2.0
2023-06-06 00:00:00,55.57875007040008,-69.30967269420607,6.0,0,12.4,0.0,20.9,37.0,28.1,11.857142857142858,2.0
2018-06-26 00:00:00,47.64540000110612,-79.22850000015352,6.0,1,23.0,0.0,11.4,30.0,37.3,22.38571428571429,6.0
2018-05-06 00:00:00,49.735434884473285,-62.018144976913014,5.0,0,4.8,0.0,41.9,65.0,45.8,4.078571428571428,1.0
2021-05-15 00:00:00,45.59740000121918,-75.63820000001614,5.0,1,21.3,0.5,17.2,27.0,29.5,13.32142857142857,4.0
2021-09-05 00:00:00,50.84920000067246,-77.65359999987203,9.0,1,18.4,8.7,19.0,61.0,40.3,18.77142857142857,1.0
2018-07-06 00:00:00,45.957200001109086,-75.74999999974985,7.0,1,24.4,1.5,25.3,42.0,46.6,25.75,4.0
2019-05-12 00:00:00,53.815100468158555,-66.06632056619911,5.0,0,2.6,0.8,12.3,83.0,66.4,0.3000000000000001,1.0
2020-06-03 00:00:00,55.655866335657336,-75.40275513280412,6.0,0,0.8,1.9,28.4,80.0,24.3,2.192857142857143,3.0
2024-07-09 00:00:00,48.92330000000005,-77.58539999999994,7.0,1,23.9,14.7,14.0,63.0,44.1,21.821428571428573,6.0
2024-06-22 00:00:00,50.51170000000007,-66.22169999999994,6.0,1,23.2,0.7,15.9,29.0,12.9,20.92142857142857,3.0
2020-05-14 00:00:00,57.45294255292491,-78.3082190099873,5.0,0,1.6,0.0,28.1,74.0,24.8,-2.185714285714285,2.0
2024-05-28 00:00:00,52.94742520190503,-77.3064121440443,5.0,0,12.5,0.5,28.0,40.0,33.0,13.864285714285714,1.0
2022-05-09 00:00:00,46.440900000000056,-72.72519999999997,5.0,1,21.8,0.0,13.4,16.0,13.7,15.100000000000003,5.0
2018-06-24 00:00:00,56.945151865714045,-67.68047442298284,6.0,0,6.1,0.3,16.3,62.0,37.4,7.857142857142856,1.0
2019-06-18 00:00:00,53.9442739813984,-71.92343108507687,6.0,0,5.0,5.7,23.0,84.0,63.0,11.521428571428572,1.0
2023-09-11 00:00:00,46.68490000003504,-73.99360000023978,9.0,1,22.1,0.0,8.7,44.0,8.9,23.25714285714286,3.0
2023-09-22 00:00:00,45.5147932496151,-72.36312420326979,9.0,0,20.6,0.0,9.8,54.0,52.6,18.714285714285715,3.0
2022-07-31 00:00:00,46.26790000000005,-75.79610000000002,7.0,1,26.4,0.0,13.9,43.0,36.6,24.76428571428572,3.0
2019-08-07 00:00:00,46.30020000128907,-74.7168000001016,8.0,1,23.1,0.7,7.6,71.0,16.9,24.31428571428572,1.0
2023-05-13 00:00:00,46.66669999980519,-73.98619999983009,5.0,1,10.6,0.0,25.4,43.0,50.3,13.921428571428574,10.0
2021-06-18 00:00:00,47.90810000125067,-77.9330000006761,6.0,1,26.6,6.6,20.8,42.0,12.2,23.264285714285712,13.0
2019-06-24 00:00:00,46.42100000087912,-72.82449999945847,6.0,1,24.0,0.0,14.4,31.0,56.4,22.07857142857143,4.0
2023-09-25 00:00:00,49.79626684893134,-59.30608786185081,9.0,0,12.9,0.1,46.7,66.0,67.5,15.7,1.0
2023-09-16 00:00:00,51.24426456227305,-66.85453050064348,9.0,0,17.5,0.0,10.8,53.0,46.2,18.678571428571427,2.0
2024-09-14 00:00:00,54.50376608512108,-78.93201267763459,9.0,0,20.9,0.0,29.2,66.0,22.6,13.442857142857145,9.0
2020-05-09 00:00:00,45.85809001997622,-65.12860201070052,5.0,0,5.6,17.3,24.6,63.0,33.2,10.292857142857144,1.0
2023-06-12 00:00:00,47.796504890690954,-58.99560061346926,6.0,0,13.5,0.0,23.0,47.0,62.9,11.771428571428572,1.0
2021-08-23 00:00:00,46.89370000104821,-78.97209999999127,8.0,1,27.9,0.1,10.5,48.0,20.3,26.185714285714287,6.0
2021-06-01 00:00:00,46.08060000115454,-75.15880000044554,6.0,1,20.9,0.0,18.4,40.0,8.2,21.142857142857142,6.0
2020-06-23 00:00:00,46.30760000062564,-73.75910000047647,6.0,1,28.5,6.7,15.3,55.0,17.1,23.992857142857144,1.0
2024-07-08 00:00:00,51.44320000000005,-70.05699999999997,7.0,1,26.4,0.5,28.0,40.0,50.3,19.435714285714287,4.0
2023-05-10 00:00:00,48.90440000006004,-76.78220000042961,5.0,1,19.5,0.0,17.8,32.0,38.5,12.078571428571427,9.0
2018-05-18 00:00:00,48.44100000104503,-72.40179999935378,5.0,1,10.0,0.0,12.9,33.0,29.8,12.557142857142855,2.0
2023-07-02 00:00:00,56.93190000038476,-67.58710000016481,7.0,1,24.6,6.3,18.7,49.0,9.6,20.842857142857145,5.0
2023-06-20 00:00:00,45.74229465989527,-74.51831050923087,6.0,0,23.2,0.7,13.9,58.0,48.1,20.0,2.0
2020-08-12 00:00:00,53.11532311263868,-67.64912105614921,8.0,0,20.8,1.9,27.7,51.0,65.60000000000001,19.435714285714287,1.0
2020-08-01 00:00:00,46.09320000109132,-73.87379999960251,8.0,1,26.3,0.7,11.2,50.0,50.3,25.77142857142857,2.0
2021-06-03 00:00:00,52.63170000070586,-71.98869999941468,6.0,1,20.3,3.3,30.7,44.0,49.3,11.542857142857144,2.0
2024-07-02 00:00:00,51.8029354516709,-61.20789662967056,7.0,0,23.2,0.8,16.8,39.0,50.2,18.63571428571429,2.0
2024-06-03 00:00:00,51.790400000000034,-68.21809999999994,6.0,1,26.5,0.0,20.0,32.0,75.0,14.814285714285717,4.0
2019-06-10 00:00:00,47.39909490492849,-71.40105603356787,6.0,0,24.7,0.0,17.5,38.0,48.5,12.65,3.0
2018-06-18 00:00:00,47.57821091163205,-76.46737711579847,6.0,0,21.6,12.1,20.5,50.0,78.6,19.285714285714285,1.0
2023-06-02 00:00:00,52.92853173726793,-78.46786315031203,6.0,0,22.8,0.0,17.5,24.0,10.4,14.65,6.0
2020-07-04 00:00:00,45.45390000088524,-75.77100000009855,7.0,1,28.5,0.0,14.8,23.0,24.2,28.178571428571427,1.0
2022-05-09 00:00:00,46.21120000000002,-75.47159999999997,5.0,1,20.8,0.0,12.9,21.0,46.6,12.485714285714286,5.0
2024-05-23 00:00:00,48.37290000000007,-77.21689999999995,5.0,1,19.5,0.4,36.0,27.0,28.1,19.678571428571427,1.0
2023-05-23 00:00:00,46.08599999980021,-72.1615000002248,5.0,1,21.5,0.0,13.8,31.0,36.5,17.38571428571429,2.0
2021-06-01 00:00:00,49.11060000047774,-72.47110000022813,6.0,1,20.8,3.4,18.5,42.0,34.9,18.307142857142857,6.0
2022-07-06 00:00:00,48.51683355194422,-75.40403514301137,7.0,0,18.1,0.3,16.2,39.0,68.8,21.67142857142857,1.0
2023-05-20 00:00:00,53.802742252768546,-68.97993386079594,5.0,0,11.7,0.0,41.3,52.0,22.1,4.364285714285713,1.0
2024-07-05 00:00:00,46.582153202470515,-72.0388645337068,7.0,0,27.0,3.7,10.2,49.0,150.0,23.978571428571428,1.0
2023-05-22 00:00:00,47.56560000033977,-78.15429999974515,5.0,1,14.8,0.0,13.7,35.0,26.3,14.835714285714284,2.0
2023-05-26 00:00:00,46.96832936420043,-62.93346080581889,5.0,0,5.8,11.3,33.6,84.0,23.6,8.357142857142858,1.0
2022-09-06 00:00:00,54.00804969527953,-72.28583433681828,9.0,0,19.4,0.0,20.1,63.0,51.6,14.79285714285714,1.0
2022-07-06 00:00:00,48.19850361272424,-58.14450744832189,7.0,0,15.2,13.8,30.5,69.0,61.400000000000006,19.214285714285715,2.0
2018-09-27 00:00:00,50.7819048506372,-78.53061659449132,9.0,0,13.1,3.6,21.0,48.0,98.5,13.428571428571429,1.0
2019-06-06 00:00:00,48.13780000137408,-78.1523999995866,6.0,1,17.1,0.3,10.8,38.0,52.9,14.578571428571426,3.0
2022-06-14 00:00:00,55.14809999999994,-74.4842999999999,6.0,1,25.2,0.0,17.9,19.0,9.4,17.82857142857143,6.0
2018-06-09 00:00:00,47.37291949206449,-74.52029980785144,6.0,0,16.2,0.0,19.4,30.0,63.9,19.67142857142857,1.0
2022-08-06 00:00:00,48.082700000000045,-78.07339999999994,8.0,1,28.8,0.0,26.0,48.0,51.4,22.550000000000004,2.0
2022-05-07 00:00:00,45.89920000000012,-74.3435,5.0,1,11.4,0.0,16.8,30.0,21.9,11.95,3.0
2024-07-12 00:00:00,57.75583512531888,-68.87535089467414,7.0,0,14.4,0.8,38.9,61.0,29.6,15.249999999999998,4.0
2021-06-19 00:00:00,48.117300000802445,-69.84719999954476,6.0,1,21.2,19.0,11.6,66.0,44.3,20.12142857142857,1.0
2024-07-15 00:00:00,55.9797218386849,-58.11014331911167,7.0,0,8.5,0.0,26.1,87.0,14.8,9.978571428571428,3.0
2022-05-07 00:00:00,45.852200000000096,-73.9844,5.0,1,12.5,0.0,16.1,27.0,21.5,13.342857142857143,3.0
2020-07-03 00:00:00,50.51740887650186,-78.4118685264962,7.0,0,22.4,0.0,20.9,33.0,57.8,24.12857142857143,1.0
2022-06-25 00:00:00,46.909200000000055,-70.1483,6.0,1,24.7,0.0,14.7,44.0,45.9,19.45,2.0
2023-06-01 00:00:00,47.69530000009496,-74.06659999959027,6.0,1,29.7,2.4,13.9,32.0,44.5,18.485714285714284,8.0
2020-09-10 00:00:00,53.00322288742522,-67.22081276103421,9.0,0,8.1,0.9,13.3,66.0,55.0,11.171428571428573,1.0
2021-07-09 00:00:00,53.77861638253096,-76.56447485393247,7.0,0,16.9,0.7,19.6,50.0,38.9,18.757142857142856,3.0
2024-07-18 00:00:00,51.92780528649948,-67.27922975166588,7.0,0,20.7,31.0,18.9,62.0,52.2,22.59285714285715,1.0
2023-09-04 00:00:00,54.6475820740262,-73.040291508433,9.0,0,19.0,0.0,40.0,55.0,51.2,14.114285714285716,1.0
2023-05-27 00:00:00,49.73449999977521,-74.5377999996702,5.0,1,26.9,3.5,20.1,33.0,21.1,11.035714285714288,4.0
2020-05-15 00:00:00,53.45235658759938,-78.89264322131336,5.0,0,6.6,0.0,14.1,65.0,9.1,-1.1285714285714283,5.0
2020-05-14 00:00:00,47.39650000132854,-72.78459999963842,5.0,1,16.3,0.0,10.3,22.0,32.5,9.107142857142858,7.0
2019-08-15 00:00:00,52.7789587794667,-75.66251697302957,8.0,0,20.1,0.0,22.5,42.0,65.0,16.42142857142857,1.0
2023-07-05 00:00:00,54.63589999968531,-72.35759999984009,7.0,1,31.8,2.3,33.8,27.0,29.2,23.207142857142856,3.0
2024-08-01 00:00:00,52.94600857319978,-62.655026885922254,8.0,0,24.0,19.9,16.2,50.0,71.7,20.87857142857143,1.0
2021-08-13 00:00:00,47.83720000091243,-69.44929999945451,8.0,1,28.3,0.0,19.7,53.0,14.2,22.71428571428572,2.0
2024-06-05 00:00:00,51.76410000000004,-68.18709999999999,6.0,1,26.7,0.1,11.6,37.0,69.2,15.35,6.0
2024-09-03 00:00:00,51.51906470469843,-76.13220092930959,9.0,0,19.7,0.0,15.5,43.0,53.2,19.88571428571429,1.0
2019-06-08 00:00:00,48.59520000080486,-68.17309999959461,6.0,1,15.4,0.0,17.9,42.0,60.1,13.971428571428572,1.0
2024-09-09 00:00:00,52.950904824928706,-66.08535502736648,9.0,0,10.7,23.2,34.1,74.0,38.1,17.685714285714287,1.0
2023-05-12 00:00:00,45.73410000011495,-74.51410000031473,5.0,1,22.9,2.9,21.7,39.0,68.9,15.0,9.0
2018-07-01 00:00:00,50.37110000071748,-79.00310000052542,7.0,1,27.0,7.7,17.0,69.0,39.8,21.45,3.0
2024-07-22 00:00:00,49.21692049451331,-61.52589414380493,7.0,0,19.3,1.2,34.3,64.0,5.3,19.607142857142858,5.0
2021-06-27 00:00:00,45.72240000072517,-72.01150000047086,6.0,1,29.3,0.5,28.7,48.0,94.9,21.55,1.0
2023-06-01 00:00:00,48.77119999988014,-64.50549999962521,6.0,1,30.8,0.1,13.1,30.0,55.4,18.192857142857143,6.0
2021-08-23 00:00:00,49.187900000982815,-68.23879999953958,8.0,1,26.5,0.1,9.1,61.0,26.7,23.571428571428573,9.0
2023-05-10 00:00:00,53.37048980840353,-72.86201114853431,5.0,0,10.7,0.0,16.7,55.0,8.2,9.135714285714286,9.0
2023-07-19 00:00:00,54.18798259725148,-60.94805418280707,7.0,0,20.5,7.5,15.6,73.0,30.9,24.31428571428572,2.0
2020-06-01 00:00:00,46.38428652422829,-65.0944584855185,6.0,0,13.0,0.0,15.8,38.0,7.699999999999999,20.642857142857142,5.0
2023-06-09 00:00:00,55.04290091499901,-59.8068276218857,6.0,0,16.0,0.0,20.0,57.0,22.7,9.435714285714283,8.0
2020-05-16 00:00:00,48.806700000613375,-71.94670000010882,5.0,1,18.4,0.2,17.4,29.0,15.6,8.52142857142857,8.0
2022-07-10 00:00:00,53.38121134981151,-66.51319723397083,7.0,0,12.8,7.8,24.5,73.0,65.5,14.335714285714284,1.0
2024-05-11 00:00:00,46.392300000000034,-72.57139999999998,5.0,1,18.0,0.1,13.4,32.0,36.8,15.678571428571429,2.0
2019-07-06 00:00:00,52.458251678258755,-66.65331936844768,7.0,0,19.4,0.8,32.1,53.0,25.4,18.664285714285715,1.0
2021-05-21 00:00:00,45.61170000092479,-74.47459999937671,5.0,1,30.2,0.0,12.3,37.0,7.2,19.878571428571423,10.0
2020-06-18 00:00:00,48.24020000115198,-75.10929999970689,6.0,1,31.5,0.0,18.1,25.0,16.5,18.62142857142857,6.0
2022-08-05 00:00:00,53.64688476660343,-64.68798288194256,8.0,0,16.6,0.2,41.1,46.0,96.9,18.25,1.0
2018-08-23 00:00:00,53.30576518046064,-57.58925509926463,8.0,0,22.5,4.8,20.8,70.0,40.9,20.828571428571426,2.0
2024-09-05 00:00:00,47.37078490282734,-57.61033001952376,9.0,0,16.8,0.0,22.4,73.0,26.9,18.27142857142857,3.0
2020-05-05 00:00:00,52.944711245240015,-71.52739160209487,5.0,0,-1.7,0.1,23.9,74.0,34.0,-2.378571428571429,4.0
2021-08-04 00:00:00,46.11611377355849,-58.23231317326977,8.0,0,17.3,0.0,35.8,82.0,27.7,17.049999999999997,2.0
2019-06-05 00:00:00,55.197066271837286,-70.0603456889609,6.0,0,4.9,2.7,23.0,71.0,57.7,5.292857142857143,1.0
2018-06-29 00:00:00,47.24590000045039,-79.26060000052753,6.0,1,30.9,0.0,18.6,27.0,9.3,23.86428571428572,5.0
2024-06-14 00:00:00,50.068371750518125,-74.60800213241865,6.0,0,14.3,14.6,28.5,61.0,69.4,21.90714285714285,1.0
2021-06-07 00:00:00,49.62500000133145,-71.34169999965839,6.0,1,30.1,0.3,30.0,39.0,23.3,17.22142857142857,2.0
2023-06-01 00:00:00,49.32829999974524,-72.41410000001497,6.0,1,29.3,0.7,18.0,36.0,31.8,18.178571428571427,8.0
2019-07-09 00:00:00,47.07980000136192,-72.00420000021847,7.0,1,24.5,0.0,18.3,36.0,86.5,23.13571428571429,3.0
2019-05-24 00:00:00,53.88745307337407,-59.11851142243299,5.0,0,8.3,0.3,10.5,53.0,6.4,5.671428571428571,1.0
2024-08-03 00:00:00,49.57790000000006,-70.89139999999998,8.0,1,25.7,5.0,17.4,51.0,42.7,23.35,3.0
2022-07-11 00:00:00,45.043101431433776,-64.90021389137327,7.0,0,26.0,0.0,14.1,39.0,66.4,22.871428571428577,5.0
2018-07-14 00:00:00,49.09970000112452,-78.56579999982081,7.0,1,27.0,8.3,16.5,52.0,43.5,25.964285714285715,1.0
2021-07-13 00:00:00,52.77995958473545,-72.9835891325928,7.0,0,26.1,0.0,22.5,36.0,36.6,18.485714285714288,6.0
2018-05-18 00:00:00,48.87870000070375,-72.95879999958767,5.0,1,9.9,0.0,13.5,33.0,32.5,10.907142857142857,2.0
2024-05-24 00:00:00,48.63746968801824,-77.8491022673509,5.0,0,13.6,1.8,22.6,48.0,23.9,19.91428571428571,2.0
2020-05-18 00:00:00,46.28700000102118,-76.0098000003764,5.0,1,17.4,0.0,14.2,24.0,10.8,10.264285714285714,3.0
2021-05-20 00:00:00,46.1208000012354,-74.60659999947755,5.0,1,26.4,0.4,17.1,38.0,11.3,16.771428571428572,9.0
2022-05-22 00:00:00,49.18739999999997,-68.23900000000003,5.0,1,14.5,7.1,23.9,66.0,55.2,15.057142857142855,1.0
2020-07-07 00:00:00,46.28660000055962,-77.47730000017201,7.0,1,31.6,3.6,15.1,34.0,38.1,25.27857142857143,2.0
2018-05-06 00:00:00,52.46317780188556,-75.61914892993963,5.0,0,-3.6,0.4,23.3,62.0,19.1,4.735714285714286,1.0
2020-06-13 00:00:00,53.54511176521576,-61.37402155217718,6.0,0,9.2,3.8,17.8,51.0,60.1,7.757142857142858,2.0
2023-09-19 00:00:00,46.280500000274856,-74.28509999976512,9.0,1,13.6,7.4,17.2,80.0,31.5,21.02142857142857,1.0
2018-06-26 00:00:00,48.1624000009779,-67.13230000052032,6.0,1,21.4,0.0,14.4,34.0,59.3,20.15,1.0
2023-06-24 00:00:00,53.67589999998506,-71.47920000037965,6.0,1,16.0,0.6,27.2,61.0,39.2,20.6,1.0
2019-08-17 00:00:00,58.33921418241191,-74.38278701446649,8.0,0,15.7,0.0,23.7,54.0,34.7,14.85,1.0
2021-06-18 00:00:00,54.50706243943645,-69.68604361555208,6.0,0,16.7,1.1,28.1,64.0,37.8,8.685714285714287,1.0
2024-05-04 00:00:00,51.88930008839879,-57.578347070371784,5.0,0,6.7,0.0,20.7,49.0,64.8,2.8142857142857145,2.0
2021-06-12 00:00:00,47.08390000089091,-73.25750000048625,6.0,1,23.0,0.0,13.0,21.0,17.5,21.621428571428577,6.0
2023-06-01 00:00:00,49.38789999988512,-77.06470000040468,6.0,1,32.0,1.1,15.3,26.0,12.3,18.371428571428577,9.0
2024-08-03 00:00:00,50.29610000000008,-66.43959999999998,8.0,1,24.4,0.2,10.0,71.0,39.2,22.264285714285712,2.0
2020-05-27 00:00:00,46.37750000092685,-72.59590000041017,5.0,1,33.8,0.1,19.9,34.0,11.3,20.11428571428571,12.0
2020-05-19 00:00:00,48.17850000054585,-78.97330000020871,5.0,1,17.6,0.0,15.7,25.0,5.5,7.671428571428572,5.0
2023-06-05 00:00:00,49.35039999996008,-73.36399999980011,6.0,1,22.2,0.3,16.6,32.0,17.5,20.092857142857145,4.0
2020-06-04 00:00:00,50.11519086256108,-57.55422117036886,6.0,0,14.4,2.0,25.5,58.0,65.1,12.87142857142857,1.0
2019-07-17 00:00:00,53.18026212586266,-63.69927977476434,7.0,0,21.6,7.1,32.9,59.0,36.9,19.35,2.0
2018-05-12 00:00:00,49.124100000714655,-79.22410000018557,5.0,1,14.6,0.0,23.0,26.0,22.6,10.485714285714286,2.0
2020-06-25 00:00:00,53.397073032722346,-64.33539542917558,6.0,0,18.3,15.4,25.1,81.0,80.3,15.60714285714286,1.0
2023-05-06 00:00:00,45.69760000043971,-72.92290000013486,5.0,1,22.1,0.0,17.0,28.0,96.1,14.399999999999997,2.0
2023-07-06 00:00:00,51.46510000006498,-66.85870000040467,7.0,1,30.3,0.5,13.7,39.0,83.2,22.6,3.0
2018-05-31 00:00:00,48.61710000112747,-77.62830000050876,5.0,1,26.8,0.9,31.0,57.0,30.4,19.764285714285712,3.0
2020-08-28 00:00:00,52.66469027375093,-60.39466581328293,8.0,0,10.8,14.4,18.9,78.0,70.4,17.72142857142857,1.0
2022-09-19 00:00:00,57.997825935176465,-58.43096212431168,9.0,0,5.9,2.0,50.1,78.0,43.6,8.1,1.0
2023-05-28 00:00:00,56.78482392340304,-63.92447514142722,5.0,0,-0.8,15.6,42.4,79.0,25.5,3.0071428571428576,4.0
2024-09-19 00:00:00,56.26924137611225,-67.3256209346778,9.0,0,11.1,0.1,10.5,63.0,65.3,11.914285714285713,3.0
2022-05-08 00:00:00,46.57730000000009,-72.92349999999988,5.0,1,16.2,0.0,12.2,23.0,12.4,13.007142857142854,4.0
2023-06-01 00:00:00,49.32780000007,-72.419499999925,6.0,1,29.3,0.7,18.0,36.0,31.8,18.178571428571427,8.0
2021-05-06 00:00:00,56.47810640401639,-70.71112240318476,5.0,0,2.6,5.4,30.0,83.0,25.0,0.9214285714285714,3.0
2020-06-22 00:00:00,49.20820000050361,-70.95419999939176,6.0,1,27.2,7.1,16.8,52.0,16.3,21.885714285714283,2.0
2020-08-20 00:00:00,49.006756869172975,-57.64058940349538,8.0,0,19.6,5.5,21.4,72.0,20.6,23.785714285714285,1.0
2021-08-09 00:00:00,50.688198961302184,-77.91549005896421,8.0,0,27.0,12.4,20.1,59.0,44.7,18.77142857142857,3.0
2022-05-10 00:00:00,45.7645,-74.17380000000003,5.0,1,21.3,0.0,12.5,23.0,14.4,13.828571428571426,6.0
2024-07-07 00:00:00,54.32008501638664,-66.27898152250752,7.0,0,20.7,3.2,25.2,49.0,43.3,16.742857142857144,3.0
2019-05-12 00:00:00,46.84340000080754,-76.14140000030156,5.0,1,15.7,0.0,15.9,27.0,48.2,9.864285714285716,2.0
2023-06-01 00:00:00,48.89970000005502,-74.35169999985504,6.0,1,30.4,0.4,14.7,29.0,33.6,16.535714285714285,8.0
2018-05-24 00:00:00,48.960124311894184,-68.55721195678684,5.0,0,10.6,2.8,15.1,49.0,18.5,12.035714285714285,2.0
2019-06-01 00:00:00,48.765405491033846,-71.78100121280576,6.0,0,14.5,0.3,13.4,52.0,66.2,15.300000000000002,2.0
2020-06-16 00:00:00,45.27300000085471,-72.96820000045726,6.0,1,26.2,0.0,9.0,31.0,29.2,21.82857142857143,5.0
2023-07-02 00:00:00,56.85180000007,-66.28459999989002,7.0,1,24.3,1.6,11.5,50.0,10.8,20.264285714285712,5.0
2021-05-02 00:00:00,46.06140000080664,-73.7368000002387,5.0,1,13.7,0.0,18.0,27.0,40.1,12.285714285714286,2.0
2018-07-06 00:00:00,46.43015027594839,-75.50446666360244,7.0,0,22.3,0.2,24.1,44.0,45.2,25.04285714285714,1.0
2022-07-16 00:00:00,49.99939999999998,-77.31729999999993,7.0,1,24.5,0.9,16.1,46.0,40.5,19.142857142857142,4.0
2018-07-09 00:00:00,50.1194000009218,-68.70550000047724,7.0,1,23.5,1.1,23.2,51.0,52.2,22.692857142857147,3.0
2020-06-16 00:00:00,49.78480000124899,-68.0276999995353,6.0,1,26.3,0.0,20.0,26.0,13.9,14.985714285714286,4.0
2024-08-14 00:00:00,50.45946362818209,-73.43146296651024,8.0,0,25.1,0.0,12.1,49.0,48.6,20.735714285714288,3.0
2019-07-13 00:00:00,49.318200000848265,-75.33260000005689,7.0,1,21.8,5.2,17.9,64.0,31.0,24.38571428571429,1.0
2018-07-17 00:00:00,56.23937915276218,-77.35230151538762,7.0,0,3.7,0.0,21.6,91.0,64.0,5.628571428571429,1.0
2020-06-28 00:00:00,50.22450000113419,-66.54069999985852,6.0,1,17.7,1.8,18.6,77.0,13.4,22.557142857142857,1.0
2022-09-06 00:00:00,55.66671850196936,-68.35754487542623,9.0,0,16.9,0.6,8.7,56.0,83.0,14.135714285714284,1.0
2018-06-28 00:00:00,49.58870000118914,-74.70159999964842,6.0,1,26.7,0.0,15.5,38.0,26.8,20.61428571428572,4.0
2022-08-02 00:00:00,47.357700000000136,-72.91970000000003,8.0,1,22.4,2.8,16.4,52.0,42.2,25.185714285714287,3.0
2018-07-10 00:00:00,56.19080613046523,-77.36190894583923,7.0,0,3.6,0.6,24.5,93.0,90.1,5.2,1.0
2023-08-28 00:00:00,58.26014203945614,-77.34591690181745,8.0,0,9.1,1.0,23.6,64.0,70.89999999999999,14.514285714285716,1.0
2021-09-27 00:00:00,47.706757191817026,-62.472657167672104,9.0,0,17.0,0.1,43.7,71.0,33.2,16.02857142857143,1.0
2019-05-16 00:00:00,51.438675399828576,-57.68764114252977,5.0,0,6.4,1.7,21.6,54.0,0.7,7.092857142857143,14.0
2019-07-04 00:00:00,55.58618351100293,-59.68015959831943,7.0,0,3.1,0.0,14.5,94.0,58.2,3.15,6.0
2019-09-07 00:00:00,48.109714389482825,-63.76842716777082,9.0,0,14.5,17.1,82.3,62.0,65.5,17.978571428571428,4.0
2020-06-01 00:00:00,51.1328587277789,-68.71341491705164,6.0,0,6.2,0.5,11.8,47.0,39.6,12.228571428571428,1.0
2020-05-20 00:00:00,46.30040000061531,-74.16149999968718,5.0,1,20.5,0.0,11.6,30.0,9.1,9.007142857142856,5.0
2018-07-06 00:00:00,52.792489168223895,-78.59338432656182,7.0,0,14.3,1.0,25.3,54.0,39.0,19.57857142857143,1.0
2021-07-17 00:00:00,49.79340000066856,-78.94439999965235,7.0,1,29.7,0.0,12.7,38.0,44.3,23.164285714285715,3.0
2018-05-15 00:00:00,48.08015296496247,-75.9678424659136,5.0,0,11.0,1.1,21.3,36.0,31.7,10.721428571428572,5.0
2018-07-12 00:00:00,46.518149330126505,-63.01495935221212,7.0,0,17.0,0.0,23.9,64.0,34.6,23.300000000000004,6.0
2023-07-08 00:00:00,53.47884305611484,-58.29844082461021,7.0,0,25.4,8.8,15.9,65.0,86.3,20.685714285714287,5.0
2023-05-29 00:00:00,50.01859999979024,-74.21660000018983,5.0,1,19.2,0.0,10.8,23.0,23.4,12.528571428571428,2.0
2020-05-23 00:00:00,48.64030000137995,-71.00860000019544,5.0,1,12.9,0.0,15.9,33.0,4.1,10.657142857142857,13.0
2020-07-09 00:00:00,49.31330000119935,-69.80079999943939,7.0,1,26.6,1.7,10.4,48.0,36.6,22.2,1.0
2023-07-05 00:00:00,53.05940000020991,-77.96860000038964,7.0,1,27.2,5.1,14.3,57.0,2.6,24.985714285714288,4.0
2021-05-26 00:00:00,53.67300000081275,-71.75130000017627,5.0,1,15.9,6.2,50.3,75.0,31.4,9.142857142857142,1.0
2021-05-14 00:00:00,45.64540000054612,-75.812000000171,5.0,1,20.5,0.0,14.6,26.0,49.9,12.05714285714286,3.0
2023-06-01 00:00:00,49.586699999905136,-68.45340000010987,6.0,1,28.8,1.1,19.2,32.0,39.9,16.292857142857144,7.0
2018-08-19 00:00:00,48.73610000092271,-69.08260000005778,8.0,1,19.8,0.0,11.4,57.0,32.8,23.142857142857142,2.0
2021-07-21 00:00:00,52.956851444801245,-63.86202674657336,7.0,0,13.4,0.3,10.7,60.0,71.5,16.735714285714284,2.0
2023-06-01 00:00:00,46.340499999975066,-76.91329999999499,6.0,1,31.8,0.0,12.3,26.0,28.4,20.66428571428571,8.0
2021-05-20 00:00:00,49.74030000135522,-67.93739999970664,5.0,1,21.5,0.9,12.2,49.0,30.0,11.228571428571426,1.0
2020-07-11 00:00:00,56.80041725743221,-65.24035518707447,7.0,0,20.8,9.5,10.2,76.0,19.9,17.892857142857146,1.0
2018-07-10 00:00:00,55.63701318908946,-63.124855983684384,7.0,0,12.6,11.3,18.8,70.0,44.0,13.03571428571429,1.0
2020-08-07 00:00:00,53.64758852573531,-63.57891775002258,8.0,0,21.7,0.0,22.2,47.0,45.1,18.507142857142856,1.0
2020-05-21 00:00:00,46.40010000082258,-73.34689999962336,5.0,1,24.8,0.0,16.9,20.0,13.4,12.592857142857143,6.0
2023-06-05 00:00:00,51.09449999957536,-73.16459999998995,6.0,1,18.0,0.0,31.6,44.0,11.4,15.95,8.0
2024-07-07 00:00:00,45.635298129825614,-58.22120315808401,7.0,0,16.0,0.7,39.0,95.0,133.8,14.392857142857144,1.0
2019-09-20 00:00:00,45.54350000076485,-75.89719999960587,9.0,1,24.0,0.0,7.8,52.0,30.3,19.078571428571426,6.0
2023-06-01 00:00:00,49.42640000006003,-76.51399999980009,6.0,1,30.6,0.3,19.8,29.0,14.9,18.40714285714285,9.0
2018-07-06 00:00:00,56.571776379907234,-77.48501241111171,7.0,0,5.2,2.9,57.3,82.0,63.50000000000001,4.271428571428571,1.0
2019-09-13 00:00:00,46.01685373010859,-59.92036646126784,9.0,0,14.0,1.8,21.0,57.0,52.3,19.607142857142858,1.0
2019-05-13 00:00:00,46.14150000111051,-71.73679999940599,5.0,1,14.8,0.0,16.1,39.0,34.6,12.94285714285714,3.0
2019-09-12 00:00:00,45.57520000110674,-75.62370000001813,9.0,1,18.7,0.2,13.6,41.0,49.5,19.878571428571423,1.0
2019-08-03 00:00:00,45.77890000118274,-75.59019999988291,8.0,1,23.7,0.7,13.6,62.0,8.9,25.86428571428572,4.0
2018-08-19 00:00:00,54.60754605146828,-68.01652118983782,8.0,0,17.9,0.0,32.4,47.0,46.4,15.142857142857142,2.0
2023-06-05 00:00:00,49.73849999987516,-74.3091999995803,6.0,1,20.7,0.0,24.6,37.0,20.2,19.428571428571427,9.0
2020-08-26 00:00:00,57.25477459814833,-74.78327574622931,8.0,0,9.8,1.5,41.9,70.0,38.9,15.52142857142857,1.0
2021-05-21 00:00:00,45.23720000124896,-74.11309999973997,5.0,1,30.2,0.0,16.8,39.0,8.2,19.37142857142857,10.0
2019-09-09 00:00:00,46.05850000127816,-76.87809999964377,9.0,1,14.3,0.0,7.6,56.0,41.9,19.628571428571423,2.0
2024-09-17 00:00:00,48.797600000000045,-71.50739999999996,9.0,1,25.0,0.2,11.9,60.0,11.4,21.164285714285715,8.0
2019-07-27 00:00:00,49.36050000074365,-68.66070000065585,7.0,1,28.7,0.0,16.0,38.0,51.9,21.72857142857143,4.0
2023-08-10 00:00:00,50.92930000039473,-79.13099999975014,8.0,1,20.8,3.4,17.3,63.0,37.9,21.72142857142857,1.0
2024-09-19 00:00:00,46.40140000000008,-72.70369999999997,9.0,1,25.1,0.0,15.6,61.0,12.9,23.085714285714285,7.0
2018-07-16 00:00:00,46.943600000991616,-79.30630000041648,7.0,1,27.3,4.4,20.7,55.0,14.2,28.142857142857142,3.0
2023-06-01 00:00:00,49.653299999995056,-69.6103000003447,6.0,1,28.4,2.5,20.7,36.0,30.4,16.021428571428572,8.0
2018-05-24 00:00:00,45.87820000060156,-75.6713000002832,5.0,1,22.5,0.0,17.7,28.0,26.3,17.28571428571429,4.0
2023-07-05 00:00:00,53.259199999580346,-76.97750000002492,7.0,1,27.8,12.5,21.2,50.0,1.0,25.721428571428568,14.0
2019-07-07 00:00:00,47.926600000678775,-74.63270000035817,7.0,1,20.8,0.0,12.9,32.0,42.4,23.36428571428572,1.0
2020-07-14 00:00:00,49.16000000115273,-66.37629999980021,7.0,1,18.8,0.1,14.5,42.0,59.2,22.914285714285715,1.0
2021-08-08 00:00:00,54.975998237293496,-76.49230411906396,8.0,0,18.5,0.0,26.6,49.0,48.1,14.585714285714287,2.0
2019-07-10 00:00:00,50.478400001262166,-75.05830000048246,7.0,1,24.5,0.0,19.1,42.0,24.2,21.54285714285714,9.0
2021-09-18 00:00:00,51.191840894134366,-73.40482840119874,9.0,0,14.2,8.5,31.5,57.0,96.9,15.014285714285716,3.0
2020-05-28 00:00:00,46.95326918365465,-67.5007301757743,5.0,0,30.4,0.6,17.3,48.0,13.0,18.75,1.0
2021-06-18 00:00:00,47.544600000489815,-76.77860000034974,6.0,1,22.5,7.8,21.7,50.0,9.4,23.67142857142857,4.0
2024-07-13 00:00:00,47.64258436359582,-62.987926488582595,7.0,0,21.3,0.0,26.9,85.0,43.6,18.928571428571427,2.0
2019-06-06 00:00:00,53.03619553005271,-67.21570997696742,6.0,0,2.9,0.9,29.9,74.0,86.9,3.3642857142857143,2.0
2019-09-24 00:00:00,48.88530775185211,-65.89020814943484,9.0,0,11.1,8.3,15.9,63.0,41.4,14.44285714285714,1.0
2019-08-06 00:00:00,50.40114033531135,-79.3289321135972,8.0,0,23.1,8.0,14.5,48.0,60.9,22.4,1.0
2019-05-15 00:00:00,49.22843076202358,-65.36786154140978,5.0,0,5.0,3.8,15.2,63.0,19.9,7.957142857142857,3.0
2020-09-22 00:00:00,47.26126977625146,-62.357600020914184,9.0,0,12.7,19.0,55.7,52.0,16.8,15.507142857142856,5.0
2018-06-12 00:00:00,49.25940000116477,-69.52879999987562,6.0,1,25.2,0.7,37.9,24.0,27.1,15.664285714285716,4.0
2018-05-24 00:00:00,46.29110000129908,-70.63520000042436,5.0,1,15.2,0.0,14.9,26.0,22.7,16.135714285714283,1.0
2020-05-18 00:00:00,58.18301807285363,-74.61139229050066,5.0,0,1.9,0.2,22.2,78.0,29.8,-1.4357142857142853,6.0
2021-06-07 00:00:00,49.82200000073672,-69.4613000005729,6.0,1,28.4,1.9,32.6,42.0,21.5,15.578571428571433,2.0
2023-07-16 00:00:00,48.08488534456973,-63.85753874720744,7.0,0,20.8,1.2,34.2,88.0,16.2,17.321428571428573,4.0
2023-07-09 00:00:00,58.230259059955486,-64.7528862592226,7.0,0,20.7,0.0,23.6,50.0,40.3,19.707142857142856,1.0
2018-06-21 00:00:00,54.73179474385065,-69.69283904905328,6.0,0,3.7,0.6,21.7,66.0,30.4,4.264285714285714,1.0
2018-07-21 00:00:00,45.255700000949695,-74.1041000005044,7.0,1,30.3,0.0,22.3,28.0,8.3,28.68571428571429,4.0
2020-06-22 00:00:00,49.29610000048785,-69.66999999959819,6.0,1,27.4,4.8,11.6,55.0,19.5,21.342857142857145,2.0
2022-07-01 00:00:00,51.58734253659467,-76.55567689168399,7.0,0,15.2,3.8,18.4,51.0,58.4,19.17142857142857,1.0
2019-06-12 00:00:00,47.08972518198018,-72.5202169757854,6.0,0,22.1,0.0,20.0,32.0,45.3,17.178571428571427,1.0
2021-06-08 00:00:00,49.09690000078943,-68.55729999976134,6.0,1,25.7,0.0,20.7,35.0,12.4,16.464285714285715,3.0
2021-08-16 00:00:00,48.911576647061175,-64.36570929488411,8.0,0,21.8,0.0,20.7,45.0,23.4,22.54285714285714,2.0
2020-08-01 00:00:00,49.39403509736169,-76.3593672218919,8.0,0,25.3,0.4,7.8,54.0,74.5,24.11428571428571,2.0
2019-07-10 00:00:00,49.82798461502969,-59.53549374453162,7.0,0,11.4,0.9,33.2,73.0,18.5,11.364285714285714,4.0
2022-07-16 00:00:00,50.23300000000012,-76.33589999999998,7.0,1,22.0,21.8,14.9,49.0,43.8,18.56428571428572,5.0
2024-05-22 00:00:00,48.953700000000026,-78.74409999999993,5.0,1,27.1,1.7,23.8,48.0,6.7,18.24285714285714,3.0
2018-05-27 00:00:00,58.71844477418204,-65.2871920144483,5.0,0,-1.3,0.3,18.6,66.0,52.5,-5.950000000000001,1.0
2018-08-21 00:00:00,50.36230000071536,-74.47169999982678,8.0,1,22.5,8.6,13.4,68.0,23.0,22.00714285714285,1.0
2021-09-01 00:00:00,47.765700000724834,-69.31570000038727,9.0,1,16.4,0.7,12.9,59.0,13.9,25.335714285714285,2.0
2019-07-10 00:00:00,57.74155155893666,-66.67415507442206,7.0,0,18.4,0.0,13.3,51.0,65.10000000000001,17.50714285714286,2.0
2024-08-01 00:00:00,45.92110679301404,-66.36369132707634,8.0,0,27.0,35.9,14.8,75.0,29.7,25.528571428571432,1.0
2023-06-01 00:00:00,47.614399999760224,-76.59139999971018,6.0,1,31.0,0.5,12.9,33.0,30.1,18.82857142857143,8.0
2019-08-26 00:00:00,47.126582231413515,-77.03248455617506,8.0,0,24.2,0.0,13.1,45.0,23.4,21.57142857142857,4.0
2018-06-14 00:00:00,51.57829142447419,-66.02183175736658,6.0,0,15.2,0.0,16.1,34.0,20.1,7.764285714285714,2.0
2023-06-05 00:00:00,46.19409999991512,-73.36210000031474,6.0,1,23.3,0.0,11.4,30.0,13.3,23.192857142857143,3.0
2023-09-14 00:00:00,56.06650400416803,-69.68024178937142,9.0,0,11.8,7.1,16.9,76.0,18.7,13.492857142857144,3.0
2020-05-13 00:00:00,56.99356123207667,-60.66528641622211,5.0,0,0.5,11.2,50.4,83.0,62.7,0.7285714285714286,2.0
2019-07-15 00:00:00,48.30660846377392,-76.10265247209178,7.0,0,26.1,0.0,13.8,35.0,38.6,24.807142857142853,2.0
2020-06-20 00:00:00,49.96230000118885,-76.93629999984267,6.0,1,29.9,3.0,10.8,45.0,16.5,20.214285714285715,8.0
2019-08-16 00:00:00,56.81533094209915,-64.36574488146522,8.0,0,15.9,4.7,39.3,69.0,34.0,11.278571428571428,4.0
2019-06-08 00:00:00,56.17887146997992,-72.80984996026226,6.0,0,9.0,0.2,18.2,57.0,63.8,6.328571428571429,2.0
2021-06-06 00:00:00,48.4027000009224,-77.78060000013149,6.0,1,29.2,0.0,19.2,46.0,41.7,18.300000000000004,1.0
2024-09-18 00:00:00,55.43041249281532,-75.17145564660703,9.0,0,17.3,0.1,18.5,55.0,19.4,14.014285714285716,2.0
2021-08-06 00:00:00,55.229693601389535,-71.4559506309108,8.0,0,12.1,6.1,18.0,78.0,45.7,15.421428571428573,1.0
2018-08-19 00:00:00,50.283400001259615,-75.02690000051547,8.0,1,24.7,0.0,17.8,31.0,21.2,22.478571428571428,2.0
2024-05-17 00:00:00,58.10704603019621,-78.19973847877401,5.0,0,2.9,0.0,30.3,85.0,25.8,1.457142857142857,4.0
2022-05-12 00:00:00,45.34780000000012,-72.20289999999994,5.0,1,29.0,0.0,13.8,19.0,12.8,14.842857142857142,8.0
2020-06-15 00:00:00,57.528265532737066,-64.86986770850419,6.0,0,5.3,9.0,26.3,80.0,50.3,1.735714285714286,1.0
2024-08-27 00:00:00,49.97520000000002,-78.21779999999995,8.0,1,22.9,2.3,25.3,63.0,7.2,24.242857142857137,3.0
2019-07-08 00:00:00,49.60990000079241,-69.31449999960486,7.0,1,21.4,0.1,33.1,33.0,38.0,21.37857142857143,2.0
2021-05-10 00:00:00,49.6095000005491,-73.84909999947565,5.0,1,10.6,2.6,14.1,51.0,17.2,9.607142857142858,5.0
2018-07-05 00:00:00,46.15500000111696,-77.52670000066627,7.0,1,33.6,1.1,18.0,41.0,29.0,26.228571428571424,3.0
2020-06-18 00:00:00,46.63530000080827,-73.20540000055304,6.0,1,32.2,0.0,13.2,29.0,12.8,20.807142857142857,7.0
2021-07-25 00:00:00,51.135985474525086,-72.26408278888994,7.0,0,17.3,12.8,26.4,57.0,48.3,20.571428571428573,6.0
2022-05-16 00:00:00,51.619553452683625,-78.6869272621435,5.0,0,16.4,0.2,18.9,50.0,7.899999999999999,15.0,2.0
2021-08-03 00:00:00,53.68891003000723,-74.40029235233423,8.0,0,11.6,7.0,25.4,69.0,69.4,16.985714285714284,1.0
2021-08-03 00:00:00,47.9385270493424,-71.95927000207375,8.0,0,18.4,7.6,22.2,65.0,43.1,19.071428571428573,2.0
2021-08-23 00:00:00,46.0193000011505,-77.186399999989,8.0,1,26.8,3.3,10.1,73.0,44.0,26.285714285714285,1.0
2024-06-09 00:00:00,52.96580000000006,-72.23669999999998,6.0,1,23.9,10.0,17.2,37.0,21.6,20.135714285714283,12.0
2021-05-13 00:00:00,45.06290000126191,-72.69039999965273,5.0,1,16.8,0.0,15.8,36.0,72.1,12.457142857142856,1.0
2021-06-02 00:00:00,46.52790000113313,-74.48949999990295,6.0,1,23.2,0.0,17.1,27.0,17.099999999999998,19.214285714285715,7.0
2020-05-20 00:00:00,46.05640000094383,-74.29589999987371,5.0,1,20.8,0.0,12.3,30.0,15.1,10.285714285714286,5.0
2023-07-14 00:00:00,56.53620590434393,-68.06685166946285,7.0,0,23.2,3.2,29.0,62.0,49.400000000000006,24.721428571428568,2.0
2024-05-22 00:00:00,48.19930000000006,-79.34099999999995,5.0,1,24.7,1.7,25.8,58.0,9.3,18.728571428571428,5.0
2021-08-25 00:00:00,47.21930000111482,-78.58749999996937,8.0,1,25.9,4.7,15.5,69.0,11.8,25.87142857142857,3.0
2024-05-24 00:00:00,49.14140358659824,-62.10495217262766,5.0,0,14.1,1.2,13.0,78.0,13.1,13.914285714285716,1.0
2023-07-08 00:00:00,45.64999095754078,-60.88977746400887,7.0,0,27.7,0.0,11.8,62.0,37.3,20.485714285714288,1.0
2022-05-07 00:00:00,46.118600000000015,-74.4728,5.0,1,12.7,0.0,13.5,28.0,34.0,12.150000000000002,3.0
2018-08-20 00:00:00,47.65496588403506,-64.79043899968029,8.0,0,21.8,0.0,18.1,50.0,51.2,24.242857142857137,2.0
2021-05-18 00:00:00,53.26168574115263,-73.39554574425817,5.0,0,7.2,0.0,20.5,47.0,21.4,8.564285714285713,1.0
2020-05-13 00:00:00,47.74241005697509,-66.40932349919146,5.0,0,5.8,0.6,32.0,29.0,58.1,6.964285714285714,1.0
2018-09-03 00:00:00,58.32146285021541,-70.86069884803742,9.0,0,8.3,6.9,29.6,79.0,28.9,10.35,2.0
2023-06-01 00:00:00,49.22780000026984,-76.55670000030472,6.0,1,32.2,0.8,18.6,25.0,19.2,18.478571428571428,9.0
2020-07-05 00:00:00,48.35110467139496,-69.90468910067261,7.0,0,21.0,6.6,8.6,62.0,39.0,24.12142857142857,3.0
2018-08-11 00:00:00,58.11116084548564,-60.13339476242018,8.0,0,6.2,0.9,35.1,85.0,3.7,6.6428571428571415,11.0
2024-05-06 00:00:00,56.61168628295944,-65.94816961574384,5.0,0,4.8,5.9,19.9,65.0,25.6,-0.3642857142857145,1.0
2018-06-04 00:00:00,48.78529090123693,-78.1217506663766,6.0,0,16.0,26.6,22.0,82.0,27.4,21.892857142857142,1.0
2018-08-13 00:00:00,54.276169904954166,-78.3298854467743,8.0,0,10.5,6.1,19.9,67.0,43.5,17.0,1.0
2019-06-09 00:00:00,46.20750000058372,-77.00360000052264,6.0,1,26.3,0.0,13.6,30.0,20.6,17.214285714285715,6.0
2022-07-10 00:00:00,48.44731100427905,-61.39019553206247,7.0,0,15.0,0.0,44.4,72.0,66.4,15.457142857142856,1.0
2024-05-22 00:00:00,48.39690000000007,-69.34889999999996,5.0,1,21.9,0.0,17.0,40.0,18.3,15.992857142857142,4.0
2020-05-21 00:00:00,48.250664612782664,-69.7463003369224,5.0,0,25.3,0.0,20.4,25.0,6.5,9.007142857142856,9.0
2020-07-26 00:00:00,57.83563760529776,-69.18691324294218,7.0,0,13.3,0.0,20.8,72.0,41.0,18.000000000000004,2.0
2023-09-06 00:00:00,46.00090000003502,-75.7958000000699,9.0,1,30.0,1.2,11.6,55.0,11.7,23.15,7.0
2021-08-29 00:00:00,49.10120000118154,-68.71440000053673,8.0,1,20.7,0.0,9.4,46.0,2.1,24.52857142857143,14.0
2023-07-19 00:00:00,51.81144592902321,-75.63356080629542,7.0,0,15.2,0.6,18.5,56.0,81.0,23.72142857142857,1.0
2021-09-07 00:00:00,45.74990000061615,-74.41710000044061,9.0,1,20.5,0.0,16.8,48.0,54.5,22.79285714285714,1.0
2020-05-22 00:00:00,46.79820000061029,-73.97790000051457,5.0,1,23.5,0.0,15.2,29.0,12.3,11.521428571428572,7.0
2020-06-09 00:00:00,49.75880000099513,-67.17079999971973,6.0,1,14.8,0.0,13.6,25.0,19.2,18.242857142857144,6.0
2022-09-17 00:00:00,49.74363277623268,-67.81333262962673,9.0,0,14.4,0.0,26.7,45.0,24.1,19.885714285714283,2.0
2020-06-20 00:00:00,48.86730000126742,-72.34960000039673,6.0,1,30.6,0.5,14.3,43.0,13.0,22.792857142857144,10.0
2018-05-09 00:00:00,46.37770000059907,-75.90519999966986,5.0,1,23.4,0.0,17.2,31.0,55.9,14.664285714285716,5.0
2022-08-08 00:00:00,58.14487402242318,-67.8215423864805,8.0,0,15.7,1.2,18.9,57.0,48.4,17.52857142857143,1.0
2019-08-21 00:00:00,47.07824451929818,-65.70769519257088,8.0,0,28.7,0.0,20.1,37.0,31.3,24.328571428571426,3.0
2019-08-26 00:00:00,50.28610000123706,-66.32310000055823,8.0,1,25.0,0.0,10.7,49.0,29.7,20.935714285714287,4.0
2021-09-18 00:00:00,53.236694024188154,-62.28480985998098,9.0,0,15.5,6.2,34.0,66.0,74.5,13.428571428571429,2.0
2023-05-27 00:00:00,47.36778576459033,-78.81368029596274,5.0,0,25.9,0.0,16.3,25.0,39.2,14.657142857142857,3.0
2023-09-02 00:00:00,47.159075722166705,-74.21274351747996,9.0,0,21.5,1.3,24.4,58.0,41.0,18.86428571428571,3.0
2019-08-18 00:00:00,46.27544195721195,-67.65719063057145,8.0,0,23.4,4.8,11.2,70.0,53.6,22.75714285714286,1.0
2023-09-02 00:00:00,47.62622693075251,-70.95356003656835,9.0,0,18.2,0.3,27.8,60.0,47.5,16.8,3.0
2024-08-03 00:00:00,50.207700000000045,-66.34399999999994,8.0,1,22.6,0.2,11.8,82.0,40.3,20.935714285714287,2.0
2024-07-13 00:00:00,55.8477367453422,-66.95186237068609,7.0,0,15.4,0.2,19.5,43.0,39.2,17.20714285714286,1.0
2020-05-19 00:00:00,45.7842000013382,-76.14790000035742,5.0,1,17.5,0.0,13.6,31.0,13.3,11.014285714285714,4.0
2023-08-11 00:00:00,50.121734585017656,-72.3186369891426,8.0,0,15.0,14.6,15.9,86.0,96.3,17.22142857142857,1.0
2024-06-26 00:00:00,57.21815942268248,-63.58024610658131,6.0,0,6.3,8.8,25.7,74.0,55.5,12.764285714285716,1.0
2019-06-28 00:00:00,47.644223573351496,-60.31901748385376,6.0,0,10.4,0.8,11.0,89.0,94.7,9.485714285714286,4.0
2024-09-13 00:00:00,48.89590000000004,-72.40679999999998,9.0,1,24.8,0.0,13.0,41.0,37.9,20.785714285714285,1.0
2018-08-18 00:00:00,47.40720000070187,-78.53679999934673,8.0,1,22.2,0.0,13.0,45.0,24.3,24.892857142857142,1.0
2020-08-22 00:00:00,46.73517656879939,-78.73347989525206,8.0,0,24.7,0.2,14.0,59.0,70.3,22.81428571428571,2.0
2020-05-20 00:00:00,48.16520000102247,-66.25640000060463,5.0,1,19.6,0.0,13.1,30.0,13.4,9.485714285714286,8.0
2020-06-18 00:00:00,47.59730000093956,-71.09480000047975,6.0,1,28.1,0.0,15.9,34.0,24.1,16.13571428571429,5.0
2019-07-27 00:00:00,51.25450000102055,-64.84480000010113,7.0,1,26.9,0.5,18.1,42.0,42.4,20.178571428571427,3.0
2020-08-28 00:00:00,48.19470000104004,-78.21500000064822,8.0,1,17.1,0.0,9.8,54.0,33.5,20.428571428571427,3.0
2019-06-15 00:00:00,45.43774381607382,-68.28424790871134,6.0,0,23.2,1.1,18.5,42.0,34.1,20.81428571428572,2.0
2024-08-08 00:00:00,56.88190456661281,-77.03705681144933,8.0,0,8.1,0.0,14.8,95.0,49.0,11.271428571428572,2.0
2024-09-26 00:00:00,45.210919050006986,-72.37983966781357,9.0,0,16.8,28.1,19.5,86.0,4.6,22.142857142857142,1.0
2020-06-01 00:00:00,49.02524394586327,-61.81399119288245,6.0,0,11.4,0.1,14.1,72.0,3.2,12.585714285714284,6.0
2018-08-23 00:00:00,48.83093165076242,-79.27692920358544,8.0,0,25.4,0.0,18.2,46.0,18.2,23.25714285714286,1.0
2019-08-11 00:00:00,49.22712169430529,-77.96153756645015,8.0,0,22.2,12.5,16.9,71.0,37.8,22.36428571428571,1.0
2019-08-21 00:00:00,54.727107189653296,-66.81363877017618,8.0,0,15.5,4.9,11.2,57.0,74.2,17.12857142857143,1.0
2022-06-22 00:00:00,53.37135273017313,-58.95653332901051,6.0,0,13.2,3.9,16.0,62.0,43.2,14.30714285714286,1.0
2023-05-12 00:00:00,45.99429999964531,-76.09219999983009,5.0,1,23.5,0.4,17.7,38.0,69.6,15.10714285714286,8.0
2019-07-21 00:00:00,47.11942373583602,-74.66682894595631,7.0,0,23.3,10.3,16.9,39.0,34.0,24.79285714285714,1.0
2024-06-03 00:00:00,46.56367293625374,-75.45581991157862,6.0,0,27.4,0.0,10.4,32.0,29.8,20.935714285714287,6.0
2021-05-18 00:00:00,47.57140000085183,-73.4080000001172,5.0,1,20.8,1.5,16.2,16.0,33.3,14.742857142857144,2.0
2022-07-11 00:00:00,58.04674132531417,-76.54485390423845,7.0,0,14.8,0.9,18.3,57.0,21.7,12.185714285714283,2.0
2020-05-21 00:00:00,45.77790000070624,-74.0988999994767,5.0,1,23.9,0.0,15.9,20.0,13.9,13.007142857142858,6.0
2022-09-07 00:00:00,46.9113000000001,-71.89799999999997,9.0,1,24.5,0.0,10.8,45.0,66.9,20.57857142857143,4.0
2023-06-02 00:00:00,49.38839999956036,-71.99080000011986,6.0,1,23.9,0.0,18.1,28.0,33.800000000000004,19.685714285714287,1.0
2019-06-05 00:00:00,56.3798710820992,-75.14170286237957,6.0,0,4.4,2.7,19.1,73.0,54.5,6.428571428571429,1.0
2019-06-28 00:00:00,58.23145211929855,-70.9797405657591,6.0,0,19.3,0.0,26.5,64.0,16.0,14.657142857142858,6.0
2019-06-27 00:00:00,50.19877190721593,-59.47320849298205,6.0,0,10.1,0.0,17.6,83.0,97.9,9.785714285714286,3.0
2020-06-01 00:00:00,52.636222438036285,-70.60091509671092,6.0,0,0.2,0.9,9.3,69.0,56.2,6.942857142857143,1.0
2023-06-01 00:00:00,49.49940000030984,-69.58959999993999,6.0,1,27.9,2.6,16.3,37.0,30.0,15.95,8.0
2021-06-18 00:00:00,48.892813276820995,-79.15040514917489,6.0,0,27.8,0.0,20.1,28.0,8.0,21.90714285714285,5.0
2020-05-23 00:00:00,47.340900001264544,-72.19669999938598,5.0,1,19.1,0.0,16.9,19.0,7.2,12.62857142857143,7.0
2023-09-04 00:00:00,45.79196269666533,-76.06183418677351,9.0,0,27.5,0.0,10.4,63.0,8.4,22.257142857142856,5.0
2022-09-10 00:00:00,47.7985000000001,-78.63459999999998,9.0,1,26.2,0.0,16.6,46.0,33.0,22.02857142857143,7.0
2019-08-19 00:00:00,47.3992113665295,-64.88548860121712,8.0,0,23.5,0.1,22.4,71.0,28.0,22.85,2.0
2024-07-08 00:00:00,50.96780000000007,-74.94079999999997,7.0,1,26.6,1.0,19.7,47.0,36.7,20.278571428571432,4.0
2022-08-02 00:00:00,45.0652932243633,-59.09206874818648,8.0,0,20.9,1.4,39.2,82.0,35.8,19.285714285714285,3.0
2022-09-12 00:00:00,46.49763659140257,-71.49027668314808,9.0,0,25.8,0.6,8.9,58.0,47.1,23.54285714285714,4.0
2024-08-08 00:00:00,46.11960000000005,-70.64649999999995,8.0,1,24.5,0.0,13.5,45.0,52.7,25.857142857142858,3.0
2021-09-12 00:00:00,45.99875176550832,-64.33464960670705,9.0,0,21.8,2.4,34.0,62.0,122.9,20.257142857142856,2.0
2019-06-12 00:00:00,55.20444969079852,-66.19354855094052,6.0,0,11.6,12.2,34.5,85.0,68.7,6.764285714285715,5.0
2022-09-04 00:00:00,47.79769999999996,-69.58069999999998,9.0,1,19.1,1.1,19.2,62.0,21.4,21.25714285714286,4.0
2022-05-28 00:00:00,48.10736047588446,-78.61579266094813,5.0,0,19.7,0.3,15.7,41.0,54.1,17.728571428571428,1.0
2023-06-01 00:00:00,52.895900000284826,-73.40549999982511,6.0,1,17.9,0.0,16.4,48.0,21.0,13.257142857142856,5.0
2021-06-18 00:00:00,52.630100001236485,-76.85880000032465,6.0,1,23.9,5.2,16.2,46.0,17.8,17.07857142857143,1.0
2022-08-07 00:00:00,52.5050716651164,-67.26228615277603,8.0,0,16.5,10.8,42.1,71.0,79.0,17.721428571428568,1.0
2018-05-19 00:00:00,46.07580000073754,-74.60100000003595,5.0,1,17.1,7.3,19.9,41.0,10.3,16.514285714285712,9.0
2020-07-05 00:00:00,55.152214488510886,-69.49315439229821,7.0,0,18.6,0.0,14.5,36.0,73.0,18.58571428571429,2.0
2021-05-22 00:00:00,47.12230000108829,-76.60949999955257,5.0,1,25.5,1.7,17.4,52.0,26.0,18.235714285714284,2.0
2023-07-19 00:00:00,57.95806162835643,-57.53375070681459,7.0,0,13.0,4.9,28.0,85.0,18.8,9.928571428571429,1.0
2021-06-15 00:00:00,47.89456183282865,-75.63695385964418,6.0,0,17.4,0.0,26.6,27.0,21.0,22.935714285714283,1.0
2018-08-20 00:00:00,48.78240000132439,-79.35759999980472,8.0,1,23.9,0.5,17.7,64.0,14.0,23.31428571428572,11.0
2019-09-24 00:00:00,45.79180852594478,-75.82213365911856,9.0,0,15.2,1.2,17.7,62.0,29.7,20.035714285714285,1.0
2020-05-28 00:00:00,48.26790000084153,-68.49880000043788,5.0,1,31.9,0.0,16.9,36.0,13.3,17.45,1.0
2018-09-09 00:00:00,45.36875291762287,-59.38876171451887,9.0,0,16.5,0.1,30.0,45.0,9.8,20.442857142857143,3.0
2021-09-04 00:00:00,47.77400000085628,-72.9475999994818,9.0,1,21.6,0.0,11.3,30.0,26.2,22.61428571428571,2.0
2018-08-23 00:00:00,51.83240972331112,-61.63889177655666,8.0,0,20.5,18.6,22.3,66.0,42.2,21.27857142857143,2.0
2023-07-07 00:00:00,51.04547825626848,-69.87591056279167,7.0,0,21.9,1.4,16.6,66.0,43.2,22.1,5.0
2018-05-22 00:00:00,48.77660000068923,-79.0366000003896,5.0,1,22.4,0.0,20.1,31.0,28.8,14.02142857142857,3.0
2022-07-01 00:00:00,54.28023300463318,-75.41212565744178,7.0,0,11.9,6.2,26.4,61.0,56.2,16.278571428571432,1.0
2024-08-06 00:00:00,55.698087098128966,-61.21322320960828,8.0,0,16.9,1.4,14.8,55.0,40.8,19.28571428571428,1.0
2024-07-13 00:00:00,48.93140000000005,-69.06569999999994,7.0,1,29.8,2.2,11.6,43.0,29.9,25.07142857142857,4.0
2024-05-24 00:00:00,47.84019488283675,-72.98468783057231,5.0,0,14.4,1.4,22.7,52.0,21.6,19.892857142857142,2.0
2020-06-13 00:00:00,56.4283583158776,-79.29213549810393,6.0,0,4.7,0.0,26.6,77.0,10.5,2.871428571428571,2.0
2024-06-16 00:00:00,53.81833670217692,-63.414095045957886,6.0,0,14.1,0.0,32.6,41.0,10.7,21.36428571428572,2.0
2023-06-09 00:00:00,45.149916674530665,-67.96396092601923,6.0,0,16.2,6.0,7.9,70.0,63.8,18.871428571428577,1.0
2018-06-16 00:00:00,48.10039107196569,-65.82136298064641,6.0,0,16.8,0.1,14.7,51.0,15.7,16.014285714285712,4.0
2022-05-11 00:00:00,47.27560000000011,-72.71209999999996,5.0,1,26.8,0.0,12.7,19.0,7.4,13.392857142857142,7.0
2023-06-01 00:00:00,48.05710000036476,-75.26460000028976,6.0,1,30.9,0.0,12.7,30.0,49.1,18.06428571428572,8.0
2020-09-05 00:00:00,55.14266625625649,-66.75351444983691,9.0,0,8.2,5.6,29.1,79.0,104.0,11.7,1.0
2018-07-19 00:00:00,47.39700000125963,-72.73729999991677,7.0,1,25.5,0.0,16.3,38.0,48.4,25.307142857142853,2.0
2022-07-13 00:00:00,54.85991146433044,-70.52280017998874,7.0,0,16.9,0.0,22.0,40.0,95.7,11.878571428571432,1.0
2018-08-22 00:00:00,48.02853614199859,-76.41882942682062,8.0,0,16.5,52.7,26.2,40.0,34.0,22.77857142857143,1.0
2023-05-07 00:00:00,48.01250000037476,-66.74389999978513,5.0,1,19.3,0.0,19.1,32.0,16.4,10.735714285714286,3.0
2022-06-28 00:00:00,49.55805677135743,-62.12446404215195,6.0,0,15.8,0.2,39.3,77.0,40.9,14.135714285714284,1.0
2023-05-29 00:00:00,47.58800000000008,-69.59489999973516,5.0,1,17.6,0.0,17.4,35.0,31.6,16.1,4.0
2021-06-05 00:00:00,47.347517567649234,-78.19721358960629,6.0,0,21.5,7.3,20.4,69.0,14.8,18.95,2.0
2018-06-28 00:00:00,51.94470000099039,-68.63470000030806,6.0,1,25.8,3.9,15.9,33.0,24.0,14.142857142857144,2.0
2023-05-28 00:00:00,50.61659999989013,-66.00770000005491,5.0,1,18.7,1.9,30.1,45.0,35.4,13.528571428571428,4.0
2021-07-01 00:00:00,54.35134154200209,-78.86004072543254,7.0,0,21.3,0.0,23.0,34.0,67.9,15.385714285714284,5.0
2019-08-13 00:00:00,45.99802095182529,-62.38670121398946,8.0,0,23.7,1.6,23.2,64.0,23.3,25.571428571428577,1.0
2022-09-13 00:00:00,45.18469269916347,-57.463618695372446,9.0,0,18.4,0.0,28.5,84.0,10.7,20.085714285714285,3.0
2022-05-21 00:00:00,46.98920000000004,-76.92669999999998,5.0,1,22.8,3.1,24.0,41.0,17.4,20.95,4.0
2023-06-02 00:00:00,47.774300000045,-76.69539999961023,6.0,1,27.8,0.0,16.2,20.0,33.5,20.06428571428572,9.0
2023-05-09 00:00:00,45.951232087188416,-58.877912507555095,5.0,0,3.4,8.4,57.8,75.0,26.4,3.621428571428571,1.0
2021-07-10 00:00:00,46.0901000011857,-73.95779999954726,7.0,1,24.2,0.0,11.2,37.0,72.6,22.357142857142858,1.0
2023-06-01 00:00:00,47.22689999963535,-74.85719999978011,6.0,1,31.5,0.0,10.7,29.0,36.0,19.42142857142857,8.0
2021-05-04 00:00:00,47.48182888715068,-64.68799471389373,5.0,0,7.4,0.0,25.9,51.0,47.6,5.692857142857143,3.0
2018-08-11 00:00:00,57.50048528686861,-75.90176705280075,8.0,0,16.7,0.0,20.6,51.0,37.5,15.828571428571433,1.0
2021-07-15 00:00:00,58.33787222333309,-70.00914340365414,7.0,0,10.7,33.1,14.5,88.0,30.9,16.70714285714286,1.0
2020-07-02 00:00:00,45.799504318679155,-60.14071300303175,7.0,0,24.1,2.2,16.0,76.0,34.8,21.62857142857143,2.0
2023-05-11 00:00:00,45.92079999972026,-73.88780000006989,5.0,1,23.8,0.0,16.9,25.0,91.6,14.485714285714286,7.0
2022-05-08 00:00:00,46.43990000000008,-71.37099999999992,5.0,1,15.3,0.0,10.9,26.0,25.9,13.228571428571428,4.0
2021-09-18 00:00:00,46.293300000772525,-72.69419999978967,9.0,1,21.5,0.8,17.2,42.0,47.9,21.485714285714288,3.0
2018-06-12 00:00:00,46.28560000066367,-74.01640000048334,6.0,1,23.7,0.0,23.6,32.0,35.3,20.10714285714285,5.0
2022-08-24 00:00:00,50.79216493612891,-73.82275725281832,8.0,0,17.5,2.2,17.8,53.0,30.8,21.800000000000004,3.0
2022-09-20 00:00:00,49.66399999999999,-74.2944,9.0,1,16.6,0.0,15.2,51.0,30.0,19.185714285714287,6.0
2018-06-18 00:00:00,47.67019999112323,-59.93256769322217,6.0,0,9.4,12.6,52.0,81.0,22.1,6.771428571428571,5.0
2020-07-08 00:00:00,53.15420000089288,-77.04340000043253,7.0,1,25.1,0.8,18.6,37.0,50.9,22.56428571428572,1.0
2021-08-06 00:00:00,53.410595254764075,-59.01915246473506,8.0,0,23.3,4.5,20.9,62.0,40.5,18.0,2.0
2021-06-07 00:00:00,48.188300000773225,-78.46909999954009,6.0,1,30.2,0.9,25.9,42.0,23.6,20.057142857142857,2.0
2023-08-21 00:00:00,47.62757243506906,-57.524423195629666,8.0,0,20.3,9.5,24.4,83.0,117.9,20.12857142857143,1.0
2020-06-23 00:00:00,55.49030982047396,-59.37675441089964,6.0,0,3.9,1.1,21.6,95.0,30.7,4.728571428571429,1.0
2019-06-14 00:00:00,50.48863050182273,-70.64129197454363,6.0,0,10.6,14.1,18.9,87.0,28.9,12.714285714285712,3.0
2024-09-25 00:00:00,53.34725029708109,-65.22729673109306,9.0,0,15.1,0.0,18.4,54.0,12.4,14.135714285714286,9.0
2022-08-11 00:00:00,47.742362536291076,-62.81587967712146,8.0,0,19.3,0.5,22.7,83.0,27.2,20.735714285714288,2.0
2024-06-05 00:00:00,52.19980000000004,-67.87729999999993,6.0,1,25.2,7.6,11.3,40.0,75.10000000000001,13.728571428571428,6.0
2024-06-05 00:00:00,51.15310000000005,-69.93869999999998,6.0,1,25.0,0.1,12.8,37.0,59.0,15.792857142857144,6.0
2019-08-16 00:00:00,47.00990000131919,-71.34240000000277,8.0,1,20.6,1.2,11.3,62.0,79.5,21.092857142857145,4.0
2020-07-16 00:00:00,51.17414949830592,-63.05655052730295,7.0,0,22.9,0.0,14.6,32.0,47.6,19.085714285714285,3.0
2020-07-01 00:00:00,58.424941203484885,-65.66884336723157,7.0,0,9.0,0.2,23.5,76.0,23.8,12.028571428571428,1.0
2024-07-08 00:00:00,51.60590000000008,-76.33969999999992,7.0,1,26.9,2.5,19.0,47.0,66.8,20.221428571428568,4.0
2020-05-01 00:00:00,45.32365404190088,-63.0665033748154,5.0,0,12.9,2.7,25.4,64.0,52.8,7.878571428571428,2.0
2019-06-27 00:00:00,57.88063425559874,-59.07512598184025,6.0,0,4.1,0.0,12.7,93.0,25.7,4.971428571428571,2.0
2020-06-16 00:00:00,48.8502000009694,-67.44650000013509,6.0,1,25.9,0.0,19.7,29.0,20.4,15.749999999999998,5.0
2023-05-14 00:00:00,46.13299999985014,-73.50060000028975,5.0,1,16.1,0.0,19.7,24.0,80.1,16.492857142857144,10.0
2020-06-19 00:00:00,45.78670000082749,-75.09750000029275,6.0,1,30.7,0.0,10.0,37.0,29.6,22.607142857142858,6.0
2020-05-12 00:00:00,45.68740000135728,-75.01120000035742,5.0,1,8.2,0.0,17.0,24.0,29.1,12.092857142857142,3.0
2021-05-13 00:00:00,48.90840000126984,-70.45749999980085,5.0,1,12.4,0.5,23.6,27.0,30.1,7.671428571428573,7.0
2020-08-12 00:00:00,49.530600000573486,-72.0358000000531,8.0,1,25.3,0.7,14.4,52.0,114.7,23.65,1.0
2018-06-16 00:00:00,49.306300001073645,-69.64530000032063,6.0,1,23.4,0.0,13.7,27.0,27.0,14.928571428571429,2.0
2023-07-28 00:00:00,57.15341465257139,-68.16246492015472,7.0,0,9.5,0.8,16.2,70.0,87.6,21.05,1.0
2024-09-24 00:00:00,58.572664552357665,-57.75365489866407,9.0,0,8.1,0.0,13.7,82.0,17.9,7.178571428571429,7.0
2022-06-11 00:00:00,48.93668156886193,-66.14488166840647,6.0,0,17.7,2.4,20.2,55.0,36.6,12.957142857142856,1.0
2018-05-08 00:00:00,46.44770000056268,-73.02489999989632,5.0,1,21.6,0.0,16.4,30.0,83.10000000000001,14.092857142857143,3.0
2021-07-21 00:00:00,53.15214612637424,-67.54397567119307,7.0,0,13.7,0.4,13.0,59.0,34.2,15.607142857142858,5.0
2020-08-17 00:00:00,58.26910296592774,-77.08410719063895,8.0,0,19.2,0.7,22.9,60.0,27.2,19.65714285714285,1.0
2020-05-09 00:00:00,47.50900000084719,-72.78939999997041,5.0,1,4.3,0.5,25.3,37.0,34.1,11.428571428571429,2.0
2018-08-05 00:00:00,46.2711000012202,-73.55330000061187,8.0,1,29.4,0.0,13.9,54.0,106.8,24.435714285714287,1.0
2022-06-14 00:00:00,57.86090000000007,-68.19479999999999,6.0,1,23.6,0.0,16.8,27.0,2.9,15.585714285714284,3.0
2023-05-08 00:00:00,48.6749999999501,-78.11650000037469,5.0,1,12.1,0.0,15.6,31.0,57.5,11.528571428571428,6.0
2018-07-02 00:00:00,49.670613322013665,-60.93204651051676,7.0,0,9.8,0.0,29.4,97.0,71.3,10.35714285714286,1.0
2024-06-01 00:00:00,45.99600000000004,-74.13789999999995,6.0,1,24.9,0.0,11.3,29.0,41.1,20.86428571428571,4.0
2023-05-27 00:00:00,53.05049999987517,-75.32550000012486,5.0,1,22.6,4.1,26.0,47.0,16.9,7.35,4.0
2020-09-23 00:00:00,48.7005539363569,-57.89319764022017,9.0,0,17.9,10.8,30.4,85.0,40.0,14.007142857142856,1.0
2018-05-19 00:00:00,45.928600000788585,-74.39840000016598,5.0,1,16.1,6.6,20.3,39.0,7.6,16.128571428571426,9.0
2021-06-05 00:00:00,45.87680000056265,-74.00420000027238,6.0,1,25.4,4.1,22.7,62.0,12.2,20.792857142857144,2.0
2024-06-02 00:00:00,46.33706225147333,-73.4139372417363,6.0,0,25.5,0.0,13.0,38.0,50.4,22.77142857142857,5.0
2024-06-05 00:00:00,51.15120000000008,-69.59769999999997,6.0,1,26.2,0.8,10.2,38.0,57.2,16.428571428571427,6.0
2023-07-06 00:00:00,48.008099999815215,-67.51389999968518,7.0,1,30.3,0.9,12.9,45.0,47.3,24.321428571428573,2.0
2023-09-13 00:00:00,46.87819134826952,-65.26766170692757,9.0,0,21.4,1.5,12.6,84.0,42.0,22.985714285714288,2.0
2022-09-21 00:00:00,47.531600000000026,-69.8082,9.0,1,12.9,0.0,13.3,82.0,8.7,17.557142857142857,7.0
2020-07-25 00:00:00,54.8484151091174,-70.00584487550242,7.0,0,15.5,0.1,12.2,62.0,56.2,17.114285714285717,2.0
2024-05-04 00:00:00,47.58765085763019,-70.61287272192222,5.0,0,13.7,0.5,10.4,57.0,13.7,10.15,6.0
2021-09-14 00:00:00,54.298550579085905,-71.72184521420849,9.0,0,8.5,0.0,29.8,54.0,54.0,14.042857142857144,1.0
2021-06-04 00:00:00,45.27428758832848,-71.98508315003686,6.0,0,23.6,0.8,17.4,50.0,23.7,20.685714285714287,1.0
2023-06-01 00:00:00,49.50839999986016,-75.28759999974017,6.0,1,30.1,1.7,16.6,31.0,18.6,17.57857142857143,9.0
2021-09-08 00:00:00,58.479652779226434,-60.01359208434445,9.0,0,5.5,0.1,15.1,98.0,1.4,6.535714285714286,14.0
2019-09-11 00:00:00,52.87040091812168,-62.340576600742025,9.0,0,11.6,1.6,9.0,53.0,68.9,13.621428571428572,1.0
2024-06-10 00:00:00,55.77250000000004,-74.12969999999996,6.0,1,10.8,0.0,30.5,48.0,13.2,19.29285714285714,1.0
2022-08-28 00:00:00,47.908209137330175,-75.2860741005744,8.0,0,23.7,0.0,19.9,47.0,21.7,21.871428571428577,2.0
2021-08-12 00:00:00,48.99793758007744,-76.83364618807931,8.0,0,27.2,7.2,21.4,39.0,61.9,21.514285714285712,2.0
2023-06-02 00:00:00,45.67579999967029,-76.67250000027474,6.0,1,28.0,0.1,17.0,40.0,33.7,23.02142857142857,9.0
2019-07-26 00:00:00,47.58430000053559,-69.77739999995559,7.0,1,26.5,0.0,16.2,55.0,63.7,23.88571428571429,3.0
2020-08-16 00:00:00,46.169779165191784,-71.07617511293869,8.0,0,24.4,0.2,11.0,39.0,52.2,23.7,4.0
2018-08-01 00:00:00,50.43570000073034,-68.69999999956802,8.0,1,26.3,8.2,16.6,40.0,60.5,23.87142857142857,1.0
2021-06-08 00:00:00,49.65620000086044,-68.82360000047534,6.0,1,22.9,0.0,18.9,36.0,23.6,17.642857142857142,1.0
2023-06-01 00:00:00,49.16779999967031,-71.83709999976514,6.0,1,29.0,0.9,18.8,34.0,39.1,17.59285714285714,8.0
2021-07-13 00:00:00,51.58285899958656,-78.9605074847254,7.0,0,29.7,0.0,19.6,37.0,14.4,18.5,3.0
2018-06-11 00:00:00,45.288773918047184,-78.40506808509258,6.0,0,20.9,0.0,12.2,32.0,35.2,20.56428571428572,4.0
2018-07-11 00:00:00,49.69490000072047,-68.18800000046345,7.0,1,15.8,0.0,14.0,47.0,38.8,23.72142857142857,2.0
2021-08-17 00:00:00,47.929017891491455,-77.45323718238326,8.0,0,24.7,1.8,12.1,51.0,36.1,23.935714285714287,5.0
2021-07-04 00:00:00,45.62628723700855,-67.51928873770329,7.0,0,13.5,31.3,18.4,89.0,56.1,23.65714285714285,2.0
2024-05-11 00:00:00,54.26080000000008,-76.12859999999995,5.0,1,15.6,0.0,14.5,29.0,60.6,7.335714285714286,5.0
2024-09-04 00:00:00,46.16878044795996,-63.15579277188624,9.0,0,21.5,0.1,18.7,43.0,11.8,22.22142857142857,2.0
2018-09-11 00:00:00,49.98140098610132,-59.68174281054959,9.0,0,14.8,1.4,40.0,76.0,39.9,16.228571428571428,5.0
2018-08-06 00:00:00,45.351430450504445,-61.35038978498768,8.0,0,24.5,0.0,14.8,70.0,14.7,24.13571428571429,1.0
2023-07-08 00:00:00,49.581748233140445,-67.13324228976195,7.0,0,26.5,0.0,13.8,60.0,51.7,21.542857142857144,6.0
2023-06-01 00:00:00,49.079200000379785,-75.00289999993498,6.0,1,29.3,1.6,18.0,31.0,30.6,17.09285714285714,8.0
2019-08-13 00:00:00,46.18230000085341,-76.89129999968165,8.0,1,23.2,0.0,13.1,37.0,37.1,23.92142857142857,3.0
2020-06-22 00:00:00,49.201900000518144,-69.72759999984902,6.0,1,26.7,4.8,14.0,58.0,16.1,20.6,2.0
2024-09-09 00:00:00,56.06011668713397,-71.35516545065485,9.0,0,7.3,4.5,27.1,87.0,63.4,12.69285714285714,1.0
2021-09-14 00:00:00,47.49157062065489,-62.040402419553544,9.0,0,16.1,0.1,41.5,57.0,188.9,18.157142857142865,2.0
2020-08-15 00:00:00,50.79121635985143,-68.70024532572515,8.0,0,22.5,0.0,10.5,36.0,71.89999999999999,22.50714285714286,3.0
2022-05-23 00:00:00,53.18137041047506,-76.69308885351214,5.0,0,12.8,1.7,27.7,36.0,6.4,12.414285714285716,3.0
2022-05-10 00:00:00,48.19060000000013,-79.24469999999997,5.0,1,24.7,0.0,26.3,21.0,10.4,11.914285714285716,7.0
2022-05-08 00:00:00,45.86770000000007,-73.96419999999995,5.0,1,16.2,0.0,15.5,21.0,17.0,13.914285714285713,4.0
2019-06-06 00:00:00,50.96410746832609,-58.49656644133104,6.0,0,6.9,0.7,25.7,88.0,53.2,5.950000000000001,2.0
2022-09-04 00:00:00,47.6803000000001,-77.12919999999986,9.0,1,15.8,0.0,12.4,51.0,63.8,20.842857142857145,1.0
2024-09-04 00:00:00,45.62460000000005,-76.19589999999995,9.0,1,23.5,0.0,14.3,47.0,40.7,22.84285714285715,3.0
2018-05-09 00:00:00,46.13130000124527,-74.57590000064054,5.0,1,22.7,0.0,15.5,31.0,59.7,14.44285714285714,4.0
2023-05-05 00:00:00,53.591435733121635,-60.908982828787686,5.0,0,8.2,0.0,14.6,64.0,0.7,8.364285714285714,14.0
2024-08-26 00:00:00,54.2058411128834,-75.2659255261861,8.0,0,24.9,1.1,28.8,52.0,6.0,21.29285714285714,2.0
2024-06-17 00:00:00,47.954379324204666,-68.25818241415216,6.0,0,21.2,0.7,19.4,46.0,37.1,20.09285714285713,3.0
2021-07-21 00:00:00,49.0817087268517,-72.13815729351812,7.0,0,22.1,0.2,12.6,43.0,68.5,22.97857142857143,5.0
2023-08-28 00:00:00,52.71991217001039,-64.49702619848996,8.0,0,19.4,0.0,16.9,55.0,48.2,17.37142857142857,2.0
2021-07-24 00:00:00,45.86780489248574,-77.96826168872192,7.0,0,22.9,21.2,24.0,49.0,52.6,24.42142857142857,2.0
2023-07-12 00:00:00,49.36796601287317,-69.46277628410732,7.0,0,22.5,5.6,19.8,62.0,169.3,23.76428571428572,1.0
2024-07-07 00:00:00,52.39330000000007,-72.09689999999995,7.0,1,25.4,0.1,22.1,40.0,51.5,19.050000000000004,3.0
2024-05-12 00:00:00,49.514040617913075,-68.84018473927364,5.0,0,15.0,0.0,12.0,35.0,10.0,10.571428571428571,6.0
2023-09-03 00:00:00,47.50230293960587,-72.49380408070806,9.0,0,26.1,0.0,13.8,53.0,25.3,19.81428571428572,1.0
2018-07-27 00:00:00,48.7554000008605,-72.38249999987234,7.0,1,27.3,0.7,16.1,43.0,91.5,26.82857142857144,2.0
2023-05-19 00:00:00,47.39430000044473,-72.58950000012487,5.0,1,19.6,0.1,24.4,43.0,6.2,14.142857142857142,2.0
2021-07-08 00:00:00,50.33098759624954,-70.89506632437956,7.0,0,18.4,0.0,12.8,36.0,56.3,19.585714285714285,2.0
2021-08-22 00:00:00,47.463300001199165,-73.46500000050499,8.0,1,27.0,1.6,10.9,67.0,22.700000000000003,26.41428571428571,2.0
2018-05-27 00:00:00,48.76013903207823,-72.0238852742036,5.0,0,20.5,0.6,24.7,42.0,17.1,13.650000000000002,4.0
2021-06-27 00:00:00,58.55354890854462,-64.06969073378515,6.0,0,8.5,1.4,14.0,70.0,25.6,6.971428571428572,1.0
2019-08-27 00:00:00,46.20060000105623,-75.57340000010113,8.0,1,23.7,0.6,20.3,49.0,25.6,22.185714285714287,6.0
2024-05-23 00:00:00,46.30800000000005,-74.67859999999996,5.0,1,20.7,14.8,24.7,37.0,13.5,19.307142857142857,2.0
2021-09-14 00:00:00,56.48090991974486,-79.07658406120618,9.0,0,10.3,0.8,41.0,62.0,7.8,10.485714285714286,2.0
2021-09-28 00:00:00,48.401513561725565,-65.42150082387245,9.0,0,14.0,2.7,16.5,51.0,68.4,17.757142857142856,1.0
2024-05-19 00:00:00,46.01020000000005,-74.14959999999996,5.0,1,22.0,0.0,10.9,50.0,33.5,17.192857142857143,1.0
2022-05-09 00:00:00,57.312641442830696,-78.23407486873093,5.0,0,3.5,0.0,32.8,74.0,17.7,-2.7785714285714285,5.0
2018-05-30 00:00:00,49.024000000745865,-72.3060000006491,5.0,1,24.3,0.0,13.9,31.0,33.7,15.685714285714289,2.0
2023-07-02 00:00:00,56.70810000041473,-66.90349999972517,7.0,1,23.1,6.0,12.5,60.0,9.0,20.17142857142857,5.0
2018-05-18 00:00:00,45.35710000103073,-72.62699999997908,5.0,1,13.3,0.0,11.2,34.0,18.9,16.74285714285714,3.0
2024-08-25 00:00:00,49.00630324714826,-72.09807355935538,8.0,0,22.4,3.0,9.9,68.0,52.9,23.971428571428568,1.0
2019-06-09 00:00:00,57.32823948181563,-77.78538966915931,6.0,0,8.2,2.5,40.5,80.0,50.6,2.457142857142857,3.0
2021-06-28 00:00:00,47.46174502030962,-68.20182683641687,6.0,0,25.9,6.6,11.5,53.0,69.4,21.59285714285713,1.0
2021-05-25 00:00:00,46.1507000008622,-74.78899999958887,5.0,1,24.9,3.0,17.6,54.0,9.1,20.264285714285712,14.0
2024-05-07 00:00:00,57.74851982468255,-74.22226404917511,5.0,0,-0.7,0.0,36.5,82.0,30.1,-2.5357142857142856,1.0
2023-05-31 00:00:00,48.26019999993008,-70.4204999996752,5.0,1,30.0,0.0,14.2,27.0,36.7,16.864285714285717,7.0
2022-05-01 00:00:00,46.73889999999994,-72.58449999999999,5.0,1,19.0,0.0,17.4,35.0,37.7,9.671428571428573,4.0
2023-06-15 00:00:00,45.561602566626455,-71.95950555499415,6.0,0,19.5,16.9,11.7,71.0,58.1,20.742857142857144,1.0
2019-09-18 00:00:00,47.520753110358626,-57.513662816205745,9.0,0,11.7,0.0,43.4,64.0,39.6,14.614285714285716,1.0
2022-05-22 00:00:00,57.20929646787155,-65.68293802338587,5.0,0,2.0,1.3,35.9,68.0,48.9,5.678571428571429,1.0
2018-07-02 00:00:00,49.19730000080485,-72.81810000046974,7.0,1,33.2,1.8,29.3,43.0,10.6,23.764285714285712,1.0
2019-07-27 00:00:00,51.18020000056643,-67.29930000009833,7.0,1,24.6,1.2,18.3,46.0,56.7,17.464285714285715,4.0
2021-06-27 00:00:00,54.47396088672499,-67.28311447165031,6.0,0,16.6,0.4,20.6,58.0,50.4,14.050000000000002,1.0
2021-05-14 00:00:00,46.21180000058375,-70.60859999957532,5.0,1,17.7,1.1,16.6,41.0,54.7,12.035714285714286,2.0
2021-08-25 00:00:00,48.41490000051586,-67.23600000044777,8.0,1,26.5,0.0,10.2,48.0,34.6,25.65714285714285,1.0
2023-06-23 00:00:00,45.63387276963962,-71.84252937163615,6.0,0,27.7,0.0,11.7,35.0,76.7,20.45,5.0
2023-05-30 00:00:00,50.20559999974023,-66.35910000006493,5.0,1,16.5,0.0,21.8,49.0,29.5,12.164285714285716,5.0
2019-06-17 00:00:00,58.394896792357066,-62.64112559886883,6.0,0,3.5,0.9,16.9,98.0,33.5,5.864285714285716,2.0
2024-08-13 00:00:00,57.79471574584179,-62.51228504953022,8.0,0,15.8,0.0,8.4,48.0,35.2,11.62857142857143,1.0
2021-06-22 00:00:00,56.68596230726422,-75.98687388965782,6.0,0,4.1,38.7,43.3,91.0,29.8,8.871428571428572,1.0
2018-08-28 00:00:00,46.53919881306922,-67.28768774360296,8.0,0,26.8,0.9,20.9,63.0,70.6,22.128571428571423,1.0
2020-05-28 00:00:00,49.924200001176,-67.20479999974955,5.0,1,31.9,0.1,11.6,37.0,3.9,15.542857142857144,2.0
2018-05-25 00:00:00,46.51440000098948,-73.13680000051976,5.0,1,28.1,0.0,22.3,32.0,10.9,17.28571428571429,5.0
2022-09-09 00:00:00,47.62470000000013,-77.9169,9.0,1,25.6,0.0,18.2,48.0,38.9,21.285714285714285,6.0
2024-05-23 00:00:00,47.90160000000003,-69.85899999999998,5.0,1,24.3,25.0,16.7,50.0,21.9,17.3,3.0
2018-06-12 00:00:00,46.385600001348095,-71.87829999950138,6.0,1,24.9,0.0,27.4,31.0,44.0,20.87857142857143,4.0
2023-06-04 00:00:00,47.069968005748976,-74.89138882971865,6.0,0,20.8,0.0,16.3,19.0,18.2,21.72857142857143,11.0
2020-08-08 00:00:00,58.51891431562592,-65.20893587504527,8.0,0,16.8,8.6,13.4,73.0,3.1,17.814285714285713,14.0
2022-05-02 00:00:00,46.56369999999998,-72.93899999999991,5.0,1,19.4,0.1,17.7,36.0,38.7,9.964285714285714,5.0
2020-06-18 00:00:00,58.57062298173524,-78.23604613544758,6.0,0,10.9,0.0,24.1,57.0,3.9,7.75,4.0
2020-09-09 00:00:00,53.23857204833923,-57.87603722779632,9.0,0,13.6,0.3,29.9,49.0,75.9,15.907142857142858,1.0
2021-08-09 00:00:00,49.18049226655153,-64.03101707156287,8.0,0,16.6,0.0,36.0,68.0,32.4,17.714285714285715,2.0
2020-08-26 00:00:00,49.24939920318584,-67.99176479696672,8.0,0,15.3,2.5,29.4,35.0,62.6,20.285714285714285,1.0
2021-05-19 00:00:00,49.09140000056995,-72.04629999978415,5.0,1,22.4,0.0,14.3,34.0,26.8,14.8,1.0
2024-07-27 00:00:00,47.25222893553213,-72.25591912189134,7.0,0,26.8,0.0,14.8,45.0,86.8,23.4,2.0
2019-07-01 00:00:00,50.928500000551146,-78.05179999931244,7.0,1,24.2,2.4,21.7,55.0,27.0,18.335714285714285,2.0
2020-08-17 00:00:00,54.407294115819035,-64.78104785875239,8.0,0,24.4,0.0,15.6,34.0,30.2,20.714285714285715,6.0
2023-08-11 00:00:00,52.709650007793314,-77.24291786598698,8.0,0,20.2,5.0,16.3,64.0,29.4,20.285714285714285,1.0
2022-08-11 00:00:00,56.53036995087212,-58.40332292877777,8.0,0,11.3,0.1,32.7,74.0,35.3,8.707142857142859,4.0
2021-09-24 00:00:00,57.15737640279906,-76.63049944388047,9.0,0,10.9,8.7,55.3,60.0,51.4,9.671428571428573,2.0
2021-06-17 00:00:00,48.24890000119305,-79.05139999957208,6.0,1,25.7,0.0,24.0,30.0,12.0,22.15,4.0
2023-06-01 00:00:00,49.346100000414765,-67.96890000003492,6.0,1,27.7,1.0,15.8,45.0,33.7,14.492857142857142,7.0
2023-07-07 00:00:00,51.74249999957539,-78.43030000034469,7.0,1,23.3,0.0,11.8,33.0,38.8,24.7,2.0
2020-07-15 00:00:00,54.858312559306725,-76.07473340620525,7.0,0,25.0,7.3,49.0,37.0,22.7,22.264285714285712,4.0
2020-07-05 00:00:00,49.570200000851074,-69.65309999990572,7.0,1,18.0,3.8,12.2,60.0,38.2,23.271428571428576,3.0
2020-06-27 00:00:00,49.7225000009988,-63.66099999975453,6.0,1,24.2,11.2,11.4,58.0,9.6,23.142857142857142,6.0
2024-09-14 00:00:00,49.27750000000003,-68.29279999999994,9.0,1,15.8,0.0,11.6,53.0,28.4,18.06428571428572,6.0
2020-06-20 00:00:00,50.59830000082965,-74.13329999974886,6.0,1,23.7,6.5,9.0,71.0,15.9,18.321428571428573,8.0
2021-05-28 00:00:00,45.98160000106702,-76.81580000045442,5.0,1,11.9,0.0,13.8,30.0,5.4,22.235714285714284,2.0
2021-05-15 00:00:00,45.65526484740938,-63.73912435978099,5.0,0,15.6,0.0,14.8,32.0,96.2,11.857142857142858,3.0
2020-05-13 00:00:00,46.31520000073247,-73.56289999943425,5.0,1,11.8,0.0,21.0,25.0,41.5,10.4,6.0
2018-05-29 00:00:00,48.54550000130452,-72.30009999945439,5.0,1,17.4,0.1,27.9,34.0,27.5,15.221428571428572,1.0
2021-09-08 00:00:00,54.87260021009452,-64.34267345473883,9.0,0,15.6,1.0,20.1,66.0,53.5,13.907142857142857,8.0
2021-08-13 00:00:00,56.86820486212599,-64.56045372437225,8.0,0,21.0,2.0,26.3,56.0,48.8,14.657142857142857,1.0
2024-07-09 00:00:00,51.81520000000006,-66.71529999999996,7.0,1,21.7,10.3,14.8,64.0,70.7,19.071428571428573,5.0
2023-06-12 00:00:00,45.20589224778554,-69.40942035160916,6.0,0,25.3,0.0,11.3,50.0,68.3,18.87857142857143,2.0
2024-07-11 00:00:00,48.746800000000064,-69.09919999999994,7.0,1,23.6,0.0,17.4,49.0,21.9,23.678571428571427,2.0
2024-05-05 00:00:00,51.04545680590468,-68.23700566665013,5.0,0,12.0,3.1,26.7,58.0,42.8,3.1928571428571426,7.0
2018-07-03 00:00:00,50.21580000068509,-76.45380000027971,7.0,1,26.9,0.0,22.8,34.0,14.7,22.17142857142857,1.0
2024-05-21 00:00:00,56.35879821171874,-73.8057367207976,5.0,0,4.8,0.0,22.8,73.0,30.4,2.8928571428571432,1.0
2024-06-21 00:00:00,48.30776191846181,-78.53321929908566,6.0,0,24.8,0.0,11.1,39.0,30.7,21.107142857142858,2.0
2019-09-13 00:00:00,48.880056589773034,-75.61615583743165,9.0,0,15.8,2.5,24.6,41.0,57.3,13.69285714285714,2.0
2023-05-31 00:00:00,46.39320000027982,-72.56770000025477,5.0,1,29.8,0.0,14.3,32.0,24.1,19.54285714285714,7.0
2020-06-22 00:00:00,47.29700000111669,-74.89590000004256,6.0,1,28.7,0.2,17.4,45.0,20.5,22.692857142857143,11.0
2021-08-26 00:00:00,48.01270000062309,-66.75930000053289,8.0,1,29.1,4.2,15.8,56.0,38.3,27.36428571428572,2.0
2023-05-16 00:00:00,52.495660553882786,-70.14932024497381,5.0,0,-2.5,2.2,26.5,50.0,24.2,6.514285714285713,1.0
2024-07-02 00:00:00,46.4613809982333,-77.17230665490239,7.0,0,25.3,0.0,14.8,40.0,82.7,23.192857142857143,2.0
2020-05-23 00:00:00,45.5368000009304,-75.89900000021957,5.0,1,26.0,0.0,16.7,17.0,16.7,15.750000000000002,8.0
2022-05-14 00:00:00,50.03080000000011,-66.84389999999996,5.0,1,17.9,0.0,17.2,26.0,16.3,9.664285714285713,1.0
2024-07-13 00:00:00,48.62810000000008,-78.9593,7.0,1,27.2,0.0,18.4,56.0,64.1,23.514285714285712,4.0
2024-05-16 00:00:00,58.15482917093386,-59.50432641047925,5.0,0,2.4,0.6,26.8,81.0,29.4,1.442857142857143,9.0
2018-07-17 00:00:00,54.13742586403403,-65.07178629317875,7.0,0,16.9,12.6,23.2,87.0,48.4,14.89285714285714,1.0
2021-06-26 00:00:00,46.327516462965136,-60.03855640150702,6.0,0,19.8,0.1,31.7,80.0,12.9,16.7,4.0
2021-05-12 00:00:00,53.4347743696344,-65.07124947110455,5.0,0,0.8,0.6,20.5,82.0,37.4,1.2071428571428573,1.0
2020-09-22 00:00:00,45.72810000130503,-75.77169999985026,9.0,1,17.7,0.0,11.7,54.0,18.1,15.25,6.0
2024-05-06 00:00:00,45.62597685466117,-79.10674903558996,5.0,0,17.2,0.0,12.0,39.0,29.3,13.964285714285715,1.0
2023-06-03 00:00:00,46.33370000025485,-75.48460000038966,6.0,1,21.4,0.0,16.3,26.0,34.7,21.964285714285715,1.0
2021-07-23 00:00:00,49.56900000116358,-68.84399999954856,7.0,1,21.9,1.0,12.8,43.0,78.9,21.92142857142857,1.0
2021-07-22 00:00:00,50.53590000098196,-75.47250000016503,7.0,1,21.6,2.5,15.1,49.0,24.4,21.835714285714285,3.0
2019-09-18 00:00:00,48.09990000080815,-77.82009999997156,9.0,1,21.5,0.1,14.8,59.0,73.1,15.085714285714287,4.0
2020-09-16 00:00:00,54.72644091440743,-69.20215863897056,9.0,0,6.1,6.8,29.6,78.0,102.5,9.650000000000002,1.0
2024-08-02 00:00:00,49.75670000000007,-78.39419999999997,8.0,1,30.9,2.0,15.9,47.0,57.1,24.15714285714285,1.0
2023-06-22 00:00:00,48.00099999975026,-77.92840000005992,6.0,1,30.1,0.0,12.1,31.0,20.4,22.62142857142857,4.0
2021-07-23 00:00:00,46.38537953309375,-66.05047725618687,7.0,0,23.2,2.4,11.4,46.0,141.7,24.08571428571429,1.0
2024-07-09 00:00:00,53.97502449543029,-68.36302088239243,7.0,0,18.8,2.0,25.0,42.0,47.4,16.985714285714284,1.0
2021-05-21 00:00:00,48.84830000072324,-72.27960000010889,5.0,1,26.4,2.4,17.8,47.0,10.4,18.357142857142858,1.0
2022-07-10 00:00:00,50.47353202267304,-58.66889183396785,7.0,0,13.9,0.0,37.4,75.0,36.7,12.435714285714283,1.0
2023-08-27 00:00:00,46.74339999981021,-70.10250000027474,8.0,1,17.5,0.0,13.0,49.0,46.2,18.99285714285714,1.0
2019-06-03 00:00:00,53.71081702459412,-73.70003102902851,6.0,0,6.7,8.0,17.6,65.0,42.6,9.585714285714287,2.0
2022-07-06 00:00:00,47.392409520161976,-60.81701545156896,7.0,0,17.4,38.9,46.2,70.0,38.0,15.464285714285712,3.0
2018-07-13 00:00:00,45.35440000135066,-73.66409999985467,7.0,1,29.0,0.0,12.5,35.0,27.1,29.464285714285715,7.0
2023-07-07 00:00:00,53.04290000013498,-77.13980000036969,7.0,1,21.9,0.0,12.1,38.0,25.1,24.228571428571428,2.0
2019-08-15 00:00:00,48.1552000010327,-70.28790000050896,8.0,1,18.3,0.0,10.8,49.0,61.5,19.142857142857142,2.0
2020-05-17 00:00:00,48.01140000050564,-66.7394000000347,5.0,1,14.2,0.0,21.0,29.0,44.9,9.45,5.0
2021-05-15 00:00:00,47.47190000082996,-69.25649999967567,5.0,1,19.8,0.4,15.9,29.0,31.8,11.435714285714283,4.0
2018-08-12 00:00:00,46.740601700614775,-61.96784883823547,8.0,0,23.6,0.0,23.3,63.0,44.2,23.278571428571432,2.0
2020-09-23 00:00:00,56.090163038570026,-60.75116919140158,9.0,0,13.8,1.5,16.7,77.0,39.8,11.214285714285714,1.0
2022-07-16 00:00:00,48.59230000000002,-68.25709999999998,7.0,1,24.4,0.0,23.9,51.0,28.8,20.707142857142856,4.0
2024-07-09 00:00:00,49.45910000000004,-68.54209999999995,7.0,1,25.7,13.3,13.3,56.0,45.6,22.614285714285707,5.0
2021-09-20 00:00:00,46.13340000138512,-73.91689999982985,9.0,1,20.1,0.0,11.7,49.0,41.9,18.557142857142857,5.0
2020-07-03 00:00:00,49.37930000132926,-67.987400000296,7.0,1,21.0,0.7,9.1,64.0,33.6,24.10714285714286,1.0
2020-05-13 00:00:00,45.221000000833584,-72.695800000082,5.0,1,11.0,0.0,20.8,31.0,24.7,11.642857142857142,2.0
2020-05-24 00:00:00,50.30140000051218,-66.39219999952921,5.0,1,12.8,0.0,12.6,32.0,2.9,10.692857142857145,12.0
2021-06-25 00:00:00,45.43410000066196,-73.20549999957417,6.0,1,26.5,0.1,24.3,41.0,39.1,24.54285714285714,4.0
2022-05-01 00:00:00,47.43900000000002,-70.47899999999987,5.0,1,8.8,0.0,12.5,54.0,29.2,6.814285714285712,4.0
2021-06-05 00:00:00,48.57470000104306,-64.9156000001257,6.0,1,20.7,5.5,21.0,65.0,54.2,16.064285714285713,1.0
2021-09-06 00:00:00,49.4066000013087,-68.82950000002197,9.0,1,16.7,11.2,18.1,74.0,25.1,20.02142857142857,1.0
2019-09-03 00:00:00,47.369323010218245,-73.29814942840608,9.0,0,15.5,0.0,12.7,46.0,22.5,21.078571428571426,4.0
2023-05-21 00:00:00,48.8355913983946,-77.37041608702076,5.0,0,10.5,0.0,21.2,36.0,9.4,14.45,2.0
2018-07-16 00:00:00,45.90160000054758,-75.91390000031305,7.0,1,31.1,1.8,13.0,37.0,16.900000000000002,28.27857142857143,2.0
2020-08-16 00:00:00,45.67320000083344,-76.34109999959048,8.0,1,22.7,19.3,16.6,69.0,94.3,24.59285714285713,5.0
2021-06-18 00:00:00,46.57770000079898,-77.5341999999233,6.0,1,21.5,8.9,21.5,49.0,7.3,24.085714285714285,13.0
2023-06-01 00:00:00,49.76039999986017,-69.0523999995603,6.0,1,27.2,0.4,15.8,37.0,30.9,15.328571428571427,8.0
2023-06-01 00:00:00,47.13050000037475,-73.72719999988004,6.0,1,30.0,0.5,12.0,33.0,29.3,19.457142857142856,8.0
2019-09-03 00:00:00,50.36748268777808,-70.15609112579872,9.0,0,11.7,0.0,16.9,50.0,60.1,19.24285714285714,1.0
2023-08-09 00:00:00,56.14444062801094,-64.71043613480835,8.0,0,16.0,3.6,19.2,66.0,37.9,15.107142857142858,1.0
2024-07-08 00:00:00,51.39860000000004,-76.46599999999995,7.0,1,26.4,11.4,20.1,49.0,63.7,20.121428571428577,4.0
2019-09-14 00:00:00,51.096253131824625,-77.27216988646664,9.0,0,14.1,6.0,22.7,89.0,53.1,12.457142857142856,1.0
2024-05-10 00:00:00,45.94700000000005,-73.95599999999996,5.0,1,15.7,0.0,12.7,34.0,43.4,14.707142857142856,2.0
2021-05-24 00:00:00,54.6688753592144,-64.9863661888775,5.0,0,4.7,1.1,37.7,65.0,14.9,3.735714285714286,2.0
2018-05-12 00:00:00,46.29810000101519,-72.64909999988932,5.0,1,15.7,0.0,17.0,34.0,71.5,15.792857142857144,2.0
2024-09-22 00:00:00,48.91440721879636,-77.74398432239545,9.0,0,21.8,1.8,21.3,61.0,13.9,23.07857142857143,14.0
2023-05-09 00:00:00,45.431232144502616,-78.12417442590548,5.0,0,15.0,0.0,14.7,34.0,65.3,10.885714285714288,2.0
2023-09-21 00:00:00,48.55119999978024,-68.02809999971515,9.0,1,14.2,0.0,13.3,59.0,82.6,19.592857142857145,1.0
2019-06-20 00:00:00,47.5610496570019,-68.5793031296928,6.0,0,17.9,13.7,5.2,78.0,34.2,19.835714285714285,1.0
2022-07-22 00:00:00,49.094221685940454,-68.07445289818442,7.0,0,14.3,0.4,36.1,81.0,90.7,15.507142857142856,1.0
2019-07-07 00:00:00,54.14038232697995,-78.25046963477537,7.0,0,18.8,0.3,26.3,55.0,29.4,18.75714285714286,2.0
2021-05-22 00:00:00,45.983200000659146,-74.10280000021787,5.0,1,24.6,0.9,21.3,59.0,11.4,18.56428571428572,6.0
2018-06-28 00:00:00,52.23060000061258,-68.77460000009047,6.0,1,24.8,3.3,18.1,36.0,23.6,12.921428571428567,2.0
2023-06-01 00:00:00,47.200800000219886,-72.78460000038967,6.0,1,29.8,1.0,10.6,34.0,31.4,19.135714285714283,8.0
2022-09-23 00:00:00,46.71414102070188,-76.16218474208415,9.0,0,11.3,0.1,22.2,48.0,77.5,18.571428571428573,1.0
2023-06-03 00:00:00,55.16790277469719,-70.35461032960367,6.0,0,15.9,0.0,11.3,39.0,39.9,10.121428571428572,3.0
2024-07-08 00:00:00,51.65030000000007,-63.91479999999997,7.0,1,27.7,0.6,16.6,32.0,48.1,19.428571428571427,4.0
2024-08-05 00:00:00,47.694644206943074,-60.67086140990763,8.0,0,20.8,5.0,24.4,80.0,39.7,20.90714285714285,3.0
2019-06-18 00:00:00,48.97001317314193,-73.39870685143664,6.0,0,18.4,0.0,14.5,39.0,27.200000000000003,16.864285714285714,3.0
2023-05-30 00:00:00,45.03520000008001,-72.45410000011486,5.0,1,28.5,0.0,11.6,28.0,19.4,19.442857142857143,6.0
2024-07-13 00:00:00,47.86690000000004,-70.25699999999993,7.0,1,25.9,3.1,11.5,48.0,38.0,21.63571428571429,2.0
2023-07-22 00:00:00,54.89273759064663,-61.91054085412257,7.0,0,20.5,5.0,18.4,60.0,19.7,24.17857142857144,2.0
2018-06-18 00:00:00,48.549700001088965,-67.51629999971405,6.0,1,22.4,35.5,18.0,87.0,30.2,15.957142857142856,1.0
2019-05-25 00:00:00,52.31886735474483,-70.56181206036958,5.0,0,4.7,0.0,22.7,67.0,33.9,3.728571428571428,4.0
2018-05-30 00:00:00,46.28420000136218,-76.0734000002614,5.0,1,27.0,0.0,11.5,33.0,31.6,20.735714285714288,2.0
2023-05-15 00:00:00,57.379357291083686,-61.7220861351673,5.0,0,1.7,1.7,24.2,78.0,13.6,1.107142857142857,2.0
2024-09-02 00:00:00,48.66550000000007,-71.44289999999997,9.0,1,13.9,1.2,20.5,54.0,85.5,21.592857142857145,1.0
2018-05-24 00:00:00,45.487192990958576,-69.8554118372212,5.0,0,17.9,0.0,13.1,23.0,13.7,17.764285714285712,1.0
2020-07-07 00:00:00,46.26980000093669,-74.71549999946055,7.0,1,29.6,4.9,13.9,43.0,52.7,24.71428571428572,5.0
2018-07-16 00:00:00,48.05220000070599,-79.4193999999666,7.0,1,27.9,1.0,22.2,53.0,23.9,27.107142857142858,2.0
2019-07-24 00:00:00,46.69470000129628,-79.07989999979613,7.0,1,24.2,0.1,16.3,39.0,26.9,26.27142857142857,5.0
2020-05-15 00:00:00,56.443069511378795,-65.2181812219745,5.0,0,2.4,0.0,12.4,67.0,55.0,-0.5928571428571429,1.0
2023-06-30 00:00:00,47.2587000002049,-79.40949999962527,6.0,1,23.8,6.9,18.7,64.0,22.700000000000003,25.58571428571429,3.0
2024-08-22 00:00:00,58.158266870096035,-70.16886925950884,8.0,0,20.6,0.0,21.9,52.0,28.3,17.821428571428573,4.0
2022-05-07 00:00:00,47.60642114172534,-70.55811822461109,5.0,0,9.5,0.0,13.0,31.0,13.1,8.542857142857143,3.0
2021-09-06 00:00:00,48.74680000125685,-72.67490000004064,9.0,1,21.0,3.6,11.9,58.0,30.4,22.478571428571428,1.0
2024-06-05 00:00:00,49.64930000000004,-69.58939999999996,6.0,1,26.2,0.7,8.6,37.0,19.1,17.978571428571428,8.0
2018-06-09 00:00:00,53.094112544826224,-71.41504814592251,6.0,0,2.2,0.0,23.3,63.0,26.8,5.028571428571429,2.0
2023-07-03 00:00:00,52.30128365549323,-64.73078277019589,7.0,0,22.9,3.9,13.7,59.0,46.2,20.307142857142857,1.0
2018-07-05 00:00:00,46.9182000011575,-79.18399999964322,7.0,1,32.6,1.4,20.7,41.0,40.8,27.18571428571428,4.0
2019-05-05 00:00:00,46.25930000109131,-76.03309999970631,5.0,1,19.3,0.0,12.4,30.0,57.1,11.457142857142856,2.0
2019-05-23 00:00:00,45.97070000082723,-73.84089999944224,5.0,1,17.7,16.6,19.5,55.0,60.3,13.471428571428572,3.0
2022-07-07 00:00:00,52.882555939277424,-57.365161322902104,7.0,0,13.7,0.0,20.7,65.0,26.3,20.99285714285714,3.0
2018-05-08 00:00:00,46.227300001045,-71.04459999953677,5.0,1,18.2,0.0,19.8,30.0,129.3,13.507142857142856,3.0
2020-07-24 00:00:00,57.412070444696525,-63.445829882455904,7.0,0,14.3,8.4,15.5,70.0,51.1,17.15714285714286,1.0
2020-08-25 00:00:00,54.89692902997501,-67.63650969986541,8.0,0,11.2,21.5,29.9,71.0,44.7,16.664285714285715,1.0
2018-05-14 00:00:00,54.482558298163624,-68.58682988717463,5.0,0,2.1,4.9,33.8,82.0,55.5,-0.5285714285714286,1.0
2018-07-01 00:00:00,49.13040000060639,-75.13499999960425,7.0,1,30.9,1.2,15.6,47.0,20.2,21.785714285714285,1.0
2022-07-02 00:00:00,48.2159253474568,-74.94848070209946,7.0,0,19.9,4.7,29.3,39.0,52.8,20.95,1.0
2018-09-11 00:00:00,56.730131757015045,-69.35271811432615,9.0,0,15.6,5.4,24.2,63.0,38.7,11.028571428571428,1.0
2024-07-20 00:00:00,55.11485324113322,-78.00080948042554,7.0,0,10.3,19.3,32.4,79.0,30.7,16.44285714285714,1.0
2020-06-22 00:00:00,51.870380446091296,-60.0583637978271,6.0,0,19.2,6.1,20.0,77.0,29.2,14.885714285714286,3.0
2020-07-30 00:00:00,48.49250000059679,-74.06300000017254,7.0,1,20.1,11.6,13.4,72.0,102.5,23.34285714285713,1.0
2022-07-21 00:00:00,48.1179061801319,-67.49506682638463,7.0,0,28.6,3.7,24.6,51.0,32.1,22.27142857142857,2.0
2020-06-19 00:00:00,46.244200000888696,-71.84419999940087,6.0,1,32.0,0.0,16.0,32.0,30.4,23.642857142857142,8.0
2019-09-20 00:00:00,45.92210000080456,-73.52490000044088,9.0,1,24.7,0.0,16.5,54.0,19.6,19.67142857142857,6.0
2019-08-12 00:00:00,46.44407610231436,-68.51348253978121,8.0,0,21.7,2.5,13.7,59.0,40.0,25.16428571428572,1.0
2023-06-19 00:00:00,48.25950000002501,-78.98559999994,6.0,1,25.7,0.0,8.8,34.0,19.5,20.67142857142857,6.0
2018-06-17 00:00:00,49.539872005261536,-62.378272943833544,6.0,0,15.8,0.0,22.6,42.0,18.1,12.992857142857146,5.0
2023-09-19 00:00:00,53.949578436253624,-74.50266131009924,9.0,0,12.4,0.0,14.9,66.0,44.2,15.635714285714284,2.0
2018-06-28 00:00:00,52.82580000118126,-76.92719999988103,6.0,1,26.5,0.5,23.5,36.0,17.0,16.621428571428574,2.0
2020-06-23 00:00:00,46.0530000005715,-73.71949999973845,6.0,1,31.5,1.1,13.8,45.0,18.4,25.57857142857143,12.0
2024-09-02 00:00:00,57.084744755539575,-61.24467672854128,9.0,0,15.6,1.9,31.4,49.0,23.5,18.428571428571427,2.0
2022-08-16 00:00:00,49.36963663457508,-59.9920102850578,8.0,0,19.5,0.0,16.4,85.0,36.9,18.685714285714287,2.0
2024-07-08 00:00:00,49.96380000000005,-68.94229999999999,7.0,1,29.2,0.0,16.4,29.0,57.9,21.87142857142857,4.0
2020-05-27 00:00:00,46.41186011247868,-72.00584942151478,5.0,0,34.6,0.0,15.6,29.0,10.2,20.17142857142857,12.0
2020-09-25 00:00:00,45.66340000098411,-75.58130000045318,9.0,1,17.7,0.2,10.5,53.0,14.5,16.521428571428576,9.0
2023-07-09 00:00:00,54.171057915059976,-57.98843527493603,7.0,0,16.3,0.0,16.3,71.0,29.2,20.228571428571424,6.0
2022-05-22 00:00:00,48.7978538354142,-71.8658463960862,5.0,0,12.7,7.7,17.9,65.0,73.3,20.95714285714285,1.0
2023-06-04 00:00:00,48.72499999985018,-76.31470000010489,6.0,1,23.3,0.0,10.7,25.0,25.4,20.12857142857143,12.0
2022-06-11 00:00:00,53.76746645050476,-61.72780571265163,6.0,0,10.6,5.0,20.9,80.0,38.8,7.357142857142858,1.0
2024-09-19 00:00:00,48.54670000000005,-78.43549999999993,9.0,1,25.9,0.0,10.2,46.0,34.9,21.52857142857143,11.0
2023-06-24 00:00:00,46.339599999840175,-73.51019999963023,6.0,1,25.7,6.8,10.5,60.0,57.1,21.9,7.0
2019-09-09 00:00:00,50.57013791640131,-71.41162092382841,9.0,0,10.2,0.7,20.4,52.0,50.8,14.914285714285716,1.0
2024-07-08 00:00:00,51.87090000000006,-64.98439999999994,7.0,1,26.6,0.0,19.5,34.0,58.7,18.707142857142856,3.0
2018-09-20 00:00:00,46.09769223537246,-69.40366486257368,9.0,0,14.8,3.1,8.2,72.0,19.6,20.77857142857143,1.0
2019-07-29 00:00:00,48.967700001031176,-64.73549999976127,7.0,1,27.6,0.6,12.1,41.0,33.1,24.121428571428567,5.0
2024-07-08 00:00:00,46.67373367557797,-63.092911552619086,7.0,0,23.1,0.0,24.7,82.0,66.2,19.142857142857142,1.0
2020-09-05 00:00:00,48.77080000071823,-69.24989999984093,9.0,1,18.6,0.2,20.0,43.0,58.1,18.86428571428572,3.0
2023-06-01 00:00:00,46.94069999990512,-73.35270000030471,6.0,1,31.0,1.3,13.7,31.0,28.2,19.67142857142857,8.0
2022-09-07 00:00:00,45.969099225153954,-74.73043778482348,9.0,0,23.4,0.0,9.2,53.0,37.0,22.11428571428572,7.0
2018-07-14 00:00:00,55.692625313599265,-68.44104655121708,7.0,0,18.3,7.8,30.4,71.0,95.0,14.614285714285714,3.0
2020-05-23 00:00:00,45.26910000075581,-73.625000000233,5.0,1,23.2,0.0,23.7,18.0,20.3,16.264285714285712,8.0
2021-05-29 00:00:00,45.74130000072836,-74.23549999980112,5.0,1,16.5,0.0,16.0,28.0,6.4,23.057142857142853,3.0
2024-07-08 00:00:00,51.50220000000007,-70.27069999999998,7.0,1,26.3,0.7,24.9,41.0,53.5,19.357142857142858,4.0
2018-08-02 00:00:00,53.52463405705313,-58.03539872666366,8.0,0,13.6,25.3,16.0,92.0,90.7,21.37857142857143,1.0
2023-05-25 00:00:00,46.171100364220784,-57.8370949654651,5.0,0,5.5,16.2,48.0,92.0,19.8,6.114285714285713,3.0
2020-05-18 00:00:00,45.96260000058951,-74.90760000003971,5.0,1,17.8,0.0,15.3,24.0,16.6,10.078571428571427,3.0
2018-05-09 00:00:00,46.70694968856244,-64.66845460135418,5.0,0,11.1,0.0,25.6,50.0,66.4,13.607142857142858,2.0
2020-06-17 00:00:00,45.67210000090687,-73.14059999984093,6.0,1,31.1,0.0,17.1,19.0,29.0,23.450000000000006,6.0
2021-05-31 00:00:00,45.57010000064279,-75.76069999995659,5.0,1,22.9,0.0,11.2,24.0,4.5,22.571428571428577,5.0
2023-05-14 00:00:00,46.60259999989012,-74.80290000033472,5.0,1,14.5,0.0,18.3,28.0,42.8,14.785714285714285,11.0
2023-06-05 00:00:00,49.57939999961036,-67.86510000036469,6.0,1,18.0,0.0,14.5,28.0,12.8,17.88571428571429,3.0
2018-09-09 00:00:00,46.9373051651658,-61.14119487365214,9.0,0,15.0,0.2,27.9,51.0,10.8,20.685714285714287,5.0
2022-06-24 00:00:00,50.75319999999999,-68.66309999999999,6.0,1,21.7,0.7,18.4,52.0,45.1,17.307142857142857,1.0
2018-09-25 00:00:00,58.61491966345928,-76.40119179396933,9.0,0,4.2,6.4,30.9,79.0,31.5,5.342857142857143,3.0
2023-05-26 00:00:00,45.463500000324814,-74.09559999964023,5.0,1,20.4,0.0,14.0,32.0,28.4,18.02142857142857,2.0
2020-07-07 00:00:00,53.22948026182512,-60.70846277170784,7.0,0,25.8,0.0,14.4,33.0,71.9,19.342857142857145,3.0
2024-05-19 00:00:00,58.395652319643006,-59.77639408302078,5.0,0,0.4,0.0,13.9,82.0,26.6,1.15,12.0
2022-05-10 00:00:00,45.48070000000013,-76.26420000000002,5.0,1,23.8,0.0,14.6,22.0,23.8,14.785714285714286,6.0
2018-07-13 00:00:00,45.94200000117328,-72.74090000036234,7.0,1,28.2,0.0,10.4,37.0,39.4,28.87142857142857,3.0
2020-07-25 00:00:00,45.577327228282265,-76.10348128006018,7.0,0,29.3,0.0,14.3,34.0,57.1,26.22142857142857,2.0
2024-07-08 00:00:00,50.81210000000005,-60.38249999999993,7.0,1,29.0,0.0,16.8,37.0,48.8,21.6,3.0
2019-07-28 00:00:00,50.87730000096176,-65.86120000052387,7.0,1,25.8,0.7,21.4,45.0,39.3,21.67142857142857,4.0
2019-07-08 00:00:00,49.78630000051413,-72.85439999938995,7.0,1,22.5,0.3,29.2,37.0,51.9,22.842857142857145,2.0
2020-06-17 00:00:00,46.60590000057989,-71.24650000007398,6.0,1,29.7,0.0,17.3,28.0,24.2,21.878571428571423,6.0
2023-06-22 00:00:00,54.49049999987517,-77.33019999973016,6.0,1,29.9,0.2,25.9,35.0,0.4,24.33571428571429,14.0
2023-06-01 00:00:00,49.45809999961534,-72.57640000035968,6.0,1,28.8,1.4,17.6,37.0,34.1,17.599999999999998,8.0
2023-07-07 00:00:00,49.655399999710255,-68.73270000000497,7.0,1,25.7,15.0,13.8,63.0,134.7,23.792857142857144,1.0
2024-08-17 00:00:00,53.61840000000007,-71.37919999999997,8.0,1,25.6,1.5,26.6,42.0,24.9,19.02142857142857,10.0
2018-08-05 00:00:00,51.4986637893327,-75.53021572010924,8.0,0,25.3,2.8,26.1,65.0,46.9,23.4,2.0
2022-05-07 00:00:00,46.4683,-72.7444999999999,5.0,1,13.8,0.0,14.3,26.0,13.7,14.2,3.0
2024-07-08 00:00:00,53.25690000000004,-68.82939999999996,7.0,1,24.0,10.1,28.3,53.0,51.5,16.857142857142858,1.0
2018-05-21 00:00:00,48.34960000105384,-76.72900000021575,5.0,1,18.0,0.0,18.6,32.0,28.5,12.614285714285714,2.0
2023-08-08 00:00:00,53.49478535925472,-74.36840763311714,8.0,0,23.6,1.4,12.6,51.0,66.6,17.57142857142857,2.0
2021-07-03 00:00:00,49.07880000122052,-68.53900000051514,7.0,1,17.1,0.0,14.4,59.0,68.3,19.55,2.0
2019-08-04 00:00:00,51.290445668467974,-57.996661630931754,8.0,0,13.5,28.0,28.8,91.0,35.800000000000004,16.685714285714287,2.0
2023-05-08 00:00:00,47.03320000008,-72.20380000026978,5.0,1,10.8,0.0,25.9,29.0,61.8,12.471428571428572,4.0
2023-05-14 00:00:00,47.63319999978023,-69.6190999996652,5.0,1,14.5,0.0,19.2,24.0,42.4,13.335714285714284,2.0
2018-05-14 00:00:00,46.80520000098272,-71.55449999943585,5.0,1,20.7,0.0,23.3,38.0,77.8,14.592857142857143,4.0
2022-06-18 00:00:00,45.43071016554969,-65.95660552295962,6.0,0,22.6,2.3,13.4,68.0,69.5,19.71428571428572,1.0
2021-05-08 00:00:00,56.98724772474716,-57.29201176945082,5.0,0,2.3,0.0,13.9,85.0,59.5,3.042857142857143,3.0
2024-06-05 00:00:00,51.31530000000004,-66.67339999999996,6.0,1,23.9,0.8,10.6,41.0,48.5,13.271428571428572,1.0
2019-05-28 00:00:00,50.838041893360725,-65.58888469015776,5.0,0,4.0,0.3,14.5,50.0,20.8,7.049999999999999,1.0
2023-05-31 00:00:00,47.42710000036476,-75.91979999957027,5.0,1,29.3,0.0,12.7,28.0,31.9,17.071428571428573,7.0
2024-07-21 00:00:00,45.84499486609936,-76.0080106868618,7.0,0,22.4,0.0,10.0,43.0,41.6,25.59285714285713,1.0
2022-09-09 00:00:00,56.98628125149095,-76.239027077673,9.0,0,15.8,10.6,39.9,58.0,124.5,14.064285714285717,2.0
2023-06-21 00:00:00,46.98075187108572,-63.964271674506406,6.0,0,24.0,0.0,20.4,49.0,45.4,14.521428571428572,2.0
2021-05-17 00:00:00,48.832500000996944,-75.02839999934753,5.0,1,20.1,3.5,23.7,30.0,27.5,12.171428571428573,2.0
2018-09-28 00:00:00,57.54332438600095,-66.64785525571297,9.0,0,7.1,3.2,31.9,81.0,85.5,3.935714285714286,1.0
2023-06-06 00:00:00,54.9172128785316,-64.58103581163036,6.0,0,9.7,0.0,22.5,53.0,36.6,12.75,1.0
2019-07-27 00:00:00,51.8088000010825,-63.07919999947738,7.0,1,26.7,0.6,23.0,42.0,35.5,18.74285714285714,3.0
2024-05-18 00:00:00,49.88693615587508,-73.59501452184327,5.0,0,20.5,23.7,16.2,53.0,33.2,12.928571428571429,1.0
2024-06-19 00:00:00,54.12073129912144,-59.08353201337947,6.0,0,22.0,9.6,14.5,48.0,18.2,19.81428571428572,1.0
2020-06-27 00:00:00,48.37770000117131,-70.50659999998683,6.0,1,19.0,4.4,5.7,82.0,26.0,25.042857142857144,1.0
2019-08-04 00:00:00,45.95950000082952,-75.91090000001246,8.0,1,21.9,0.0,12.4,38.0,9.7,25.36428571428571,1.0
2018-07-01 00:00:00,58.20645159936539,-70.77337283033495,7.0,0,11.8,0.0,21.0,52.0,18.5,7.035714285714287,1.0
2019-09-12 00:00:00,56.23553805127895,-78.36908002984619,9.0,0,6.8,1.5,33.3,82.0,21.6,6.892857142857143,1.0
2019-08-05 00:00:00,46.44160000085748,-73.17390000000626,8.0,1,25.9,0.0,13.5,35.0,13.2,25.96428571428571,2.0
2020-05-21 00:00:00,46.61490000098576,-72.92999999955066,5.0,1,25.4,0.0,16.9,20.0,10.9,12.314285714285717,6.0
2022-06-15 00:00:00,52.33690000000013,-66.73230000000001,6.0,1,23.3,0.9,13.5,35.0,38.4,15.1,2.0
2022-06-04 00:00:00,47.108224457473554,-71.55542874886959,6.0,0,16.0,16.5,17.4,73.0,123.1,16.871428571428574,1.0
2020-06-23 00:00:00,47.633175296148224,-73.73725104418538,6.0,0,25.2,6.0,13.3,64.0,11.4,23.635714285714283,12.0
2020-06-20 00:00:00,50.06270000135839,-74.993100000114,6.0,1,28.9,3.9,10.0,46.0,18.0,19.757142857142856,9.0
2023-09-30 00:00:00,52.51800000039975,-78.45859999959026,9.0,1,15.7,1.3,21.8,57.0,3.2,17.95,14.0
2021-06-12 00:00:00,48.84960000073371,-72.28340000008345,6.0,1,23.8,0.0,18.7,19.0,10.8,22.45714285714286,7.0
2021-08-04 00:00:00,47.32543690906608,-57.55485288821351,8.0,0,16.9,0.0,31.6,72.0,56.3,15.72857142857143,1.0
2020-06-14 00:00:00,47.20550000128752,-73.24559999951542,6.0,1,18.4,0.0,14.1,28.0,18.7,16.72142857142857,3.0
2019-05-15 00:00:00,52.08124364779676,-71.71887061020955,5.0,0,7.3,0.0,11.6,53.0,17.3,2.171428571428572,4.0
2018-07-05 00:00:00,46.32530000058777,-78.35669999948631,7.0,1,34.1,2.1,18.0,36.0,15.2,27.092857142857145,3.0
2021-08-26 00:00:00,56.40388054733094,-74.92554425592196,8.0,0,14.5,0.0,25.8,50.0,41.2,15.428571428571429,2.0
2024-06-05 00:00:00,53.578700000000026,-69.21449999999999,6.0,1,25.0,0.0,18.2,42.0,92.3,12.421428571428573,6.0
2020-05-03 00:00:00,46.05240000074494,-73.68229999959841,5.0,1,18.1,1.5,18.8,42.0,48.6,9.971428571428572,2.0
2020-07-04 00:00:00,46.748000000489775,-72.62250000029519,7.0,1,27.1,0.0,14.9,28.0,27.2,27.042857142857144,2.0
2018-05-10 00:00:00,46.37900000096613,-72.60010000044899,5.0,1,23.2,5.0,29.8,41.0,82.7,14.992857142857144,6.0
2021-05-25 00:00:00,49.04579580247888,-75.75852886534939,5.0,0,19.5,5.0,23.5,50.0,36.6,18.735714285714288,2.0
2023-06-01 00:00:00,48.84130000039477,-72.26459999998997,6.0,1,29.9,0.8,16.3,37.0,38.8,18.585714285714285,8.0
2018-05-08 00:00:00,45.52740000103478,-72.1857999998621,5.0,1,19.0,0.0,15.6,29.0,72.0,15.328571428571427,4.0
2023-05-26 00:00:00,45.08470000030485,-72.33869999970517,5.0,1,17.2,0.0,14.6,32.0,24.7,16.714285714285715,2.0
2020-05-13 00:00:00,45.76920000089969,-74.59699999987708,5.0,1,11.5,0.0,17.0,27.0,27.1,10.464285714285712,4.0
2023-07-01 00:00:00,54.72909999976525,-70.49099999975016,7.0,1,23.0,3.9,25.0,60.0,39.4,19.15714285714285,4.0
2024-08-07 00:00:00,55.44019492945356,-79.16102220171264,8.0,0,9.8,0.3,34.2,81.0,31.4,12.285714285714286,1.0
2020-07-10 00:00:00,47.06540000114744,-76.54080000045343,7.0,1,31.7,0.0,16.9,42.0,29.0,25.871428571428577,2.0
2018-06-11 00:00:00,50.43522704701717,-73.79118022051972,6.0,0,15.4,0.0,12.3,36.0,32.2,14.728571428571426,4.0
2020-08-09 00:00:00,57.95788060322748,-57.38713783293634,8.0,0,10.7,0.7,26.2,85.0,17.7,10.021428571428572,6.0
2019-06-09 00:00:00,51.94903170988922,-61.51838627258451,6.0,0,8.4,0.2,22.6,56.0,48.5,7.95,1.0
2020-07-07 00:00:00,54.37615444031199,-75.71371581968823,7.0,0,20.9,11.5,16.7,53.0,41.9,22.25714285714286,10.0
2023-08-11 00:00:00,49.43074878452689,-69.38156844374001,8.0,0,13.2,25.1,23.1,90.0,104.5,17.65,2.0
2020-05-18 00:00:00,46.51530000114724,-74.99739999968264,5.0,1,16.8,0.0,15.8,23.0,9.5,9.507142857142856,3.0
2024-06-24 00:00:00,53.67370650373483,-60.050316343535215,6.0,0,17.0,1.0,19.9,63.0,29.9,19.87142857142857,4.0
2022-08-01 00:00:00,45.87579639509536,-70.44110210965698,8.0,0,25.9,0.6,14.5,48.0,59.5,25.107142857142858,2.0
2019-09-27 00:00:00,56.92755442373253,-58.99992857366759,9.0,0,5.7,4.1,41.2,89.0,33.4,6.4,4.0
2021-05-28 00:00:00,47.52930000084521,-78.47310000007668,5.0,1,11.9,0.0,11.6,31.0,30.2,20.84285714285713,3.0
2019-07-27 00:00:00,51.16940000130786,-67.64509999942695,7.0,1,27.1,0.7,14.8,41.0,61.6,19.485714285714288,4.0
2019-07-27 00:00:00,51.16880000066889,-64.73570000068038,7.0,1,27.2,0.0,15.9,44.0,38.2,20.52857142857143,6.0
2023-06-02 00:00:00,49.61593260383895,-66.61022100340203,6.0,0,10.7,7.6,37.2,78.0,36.8,10.821428571428571,1.0
2024-08-29 00:00:00,51.61910000000006,-70.00409999999994,8.0,1,17.0,0.0,16.0,39.0,47.2,20.7,1.0
2023-06-01 00:00:00,47.59520000017994,-76.59839999966022,6.0,1,31.0,0.5,12.9,33.0,30.1,18.82857142857143,8.0
2024-06-29 00:00:00,46.445100000000025,-72.73909999999994,6.0,1,19.3,12.7,19.1,62.0,77.5,24.51428571428572,2.0
2024-08-02 00:00:00,47.82430000000005,-78.81119999999999,8.0,1,30.7,0.6,11.9,48.0,67.60000000000001,24.39285714285714,2.0
2023-09-05 00:00:00,45.61085813068621,-71.25237892714388,9.0,0,27.3,0.4,8.9,67.0,38.6,21.31428571428572,6.0
2024-06-19 00:00:00,50.25950000000006,-66.90339999999998,6.0,1,34.1,0.5,19.5,38.0,10.6,20.81428571428571,5.0
2023-07-06 00:00:00,50.21240000035976,-66.31770000015484,7.0,1,18.8,0.0,13.4,86.0,61.2,20.01428571428571,1.0
2023-09-06 00:00:00,58.64447136250713,-59.38656922977179,9.0,0,8.4,2.0,49.3,82.0,16.099999999999998,7.828571428571427,3.0
2018-07-08 00:00:00,49.0663000011939,-73.96929999979366,7.0,1,28.0,0.0,28.1,40.0,28.3,24.85714285714285,2.0
2022-09-28 00:00:00,46.94737218537656,-65.42303545451222,9.0,0,18.7,0.3,13.3,56.0,107.3,17.164285714285715,1.0
2020-05-19 00:00:00,48.60812704417179,-59.01921753336546,5.0,0,4.6,1.3,17.3,68.0,64.4,5.385714285714286,2.0
2022-07-06 00:00:00,57.776498541419016,-65.37767428804622,7.0,0,10.6,0.7,15.5,67.0,85.8,13.064285714285711,2.0
2024-07-08 00:00:00,50.82390000000004,-60.48859999999996,7.0,1,29.4,0.1,16.4,36.0,50.0,21.9,3.0
2018-09-18 00:00:00,53.53906672664348,-69.42709526947641,9.0,0,3.2,0.0,20.3,52.0,25.0,12.078571428571427,1.0
2020-06-20 00:00:00,46.04295417523904,-76.03673686179398,6.0,0,30.8,0.0,11.9,41.0,23.9,22.078571428571426,9.0
2019-05-01 00:00:00,45.39080000129523,-73.6885999997288,5.0,1,6.2,10.9,23.8,42.0,79.4,12.378571428571432,4.0
2022-05-09 00:00:00,48.01260000000008,-66.74029999999999,5.0,1,17.4,0.0,12.8,23.0,26.2,10.064285714285717,5.0
2020-06-07 00:00:00,45.82550000140002,-73.91779999977132,6.0,1,20.5,0.0,16.6,30.0,27.0,22.942857142857143,1.0
2020-05-01 00:00:00,49.90456188164987,-69.9289369494019,5.0,0,5.1,21.4,18.3,82.0,35.0,1.6142857142857143,1.0
2020-09-27 00:00:00,45.3875000008867,-70.83419999981186,9.0,1,23.7,0.0,22.2,53.0,11.9,14.97857142857143,3.0
2023-06-01 00:00:00,47.58159999984019,-70.2004999995753,6.0,1,32.9,1.6,16.2,24.0,24.3,18.714285714285715,8.0
2021-09-07 00:00:00,46.14470000076062,-74.68010000028606,9.0,1,19.1,0.3,12.6,52.0,72.4,21.58571428571429,1.0
2020-06-25 00:00:00,49.127001122968224,-68.28456065813074,6.0,0,20.6,0.0,27.9,56.0,26.2,20.31428571428572,1.0
2024-09-15 00:00:00,47.08297468635678,-59.611694945475385,9.0,0,15.8,0.0,29.8,66.0,20.6,17.257142857142856,2.0
2018-09-20 00:00:00,47.50252687966745,-64.55273685414039,9.0,0,12.5,0.0,29.0,53.0,24.4,17.96428571428571,1.0
2024-06-05 00:00:00,51.58290000000005,-66.53959999999995,6.0,1,24.8,0.3,14.7,36.0,46.7,13.6,6.0
2021-05-10 00:00:00,58.22404698374037,-74.49621137021683,5.0,0,0.9,0.0,17.2,84.0,16.6,-0.1285714285714286,2.0
2023-07-06 00:00:00,52.965294918794854,-69.96287579851483,7.0,0,24.5,4.5,17.4,57.0,79.8,20.88571428571429,4.0
2024-06-12 00:00:00,45.23798901030324,-64.79123236972828,6.0,0,17.2,0.4,16.0,68.0,24.9,14.964285714285712,3.0
2024-06-05 00:00:00,48.20080000000007,-70.75119999999998,6.0,1,27.1,0.5,14.6,39.0,20.2,21.02142857142857,7.0
2018-05-18 00:00:00,46.02540000117925,-74.46780000011385,5.0,1,14.9,0.0,13.1,28.0,19.0,15.849999999999998,8.0
2019-06-08 00:00:00,50.04166220899559,-64.86415408190275,6.0,0,11.9,0.0,32.8,56.0,52.1,8.4,4.0
2020-06-07 00:00:00,46.2494384316758,-78.65514964184284,6.0,0,16.7,0.0,12.1,45.0,52.1,22.10714285714285,4.0
2020-05-18 00:00:00,48.48520000049904,-71.24180000008836,5.0,1,12.3,0.0,19.6,31.0,13.7,8.114285714285714,8.0
2022-05-09 00:00:00,46.30270000000007,-74.81290000000001,5.0,1,20.4,0.0,12.7,19.0,40.4,12.828571428571433,5.0
2019-07-23 00:00:00,50.74414538564763,-64.45477454954616,7.0,0,20.8,0.0,16.6,39.0,34.4,19.607142857142858,2.0
2022-07-28 00:00:00,54.41663780022875,-61.83940712120754,7.0,0,15.8,0.0,13.8,59.0,73.5,17.27857142857143,1.0
2018-06-11 00:00:00,56.97223723002435,-58.63154040556523,6.0,0,1.0,1.6,44.4,86.0,42.2,1.5571428571428574,1.0
2022-06-03 00:00:00,48.0750000000001,-65.17439999999993,6.0,1,11.9,0.2,18.4,64.0,74.8,16.29285714285714,6.0
2024-06-09 00:00:00,47.89354844577221,-63.5474230375621,6.0,0,10.8,6.8,25.8,92.0,22.3,10.014285714285714,1.0
2022-05-14 00:00:00,48.01249999999999,-66.745,5.0,1,23.3,0.0,16.3,26.0,4.9,14.885714285714288,10.0
2020-07-08 00:00:00,46.77733688163056,-58.20371394444795,7.0,0,14.8,0.0,27.6,85.0,31.9,13.392857142857142,5.0
2023-05-05 00:00:00,50.554036510512695,-68.92461678067465,5.0,0,11.6,0.0,12.2,33.0,14.0,7.978571428571428,3.0
2022-05-22 00:00:00,47.41581154670651,-58.60963501514874,5.0,0,7.4,3.3,21.5,73.0,38.4,7.228571428571427,4.0
2023-05-23 00:00:00,58.02552342271753,-73.80944414632901,5.0,0,0.4,3.6,43.6,77.0,31.9,1.9285714285714288,1.0
2019-06-11 00:00:00,52.30169409627485,-58.73249588792443,6.0,0,18.8,0.0,17.1,34.0,61.0,8.37142857142857,3.0
2018-08-12 00:00:00,55.99730478805391,-65.76237921206307,8.0,0,17.0,1.5,30.3,56.0,20.6,18.05,1.0
2022-08-14 00:00:00,53.730597834847934,-76.1161938230561,8.0,0,20.6,2.3,15.0,45.0,55.0,17.521428571428576,1.0
2023-09-02 00:00:00,56.53522718756721,-67.96980294227107,9.0,0,18.4,2.2,12.3,68.0,42.7,14.342857142857142,1.0
2023-06-14 00:00:00,47.66549236279493,-59.00731311358605,6.0,0,14.9,0.5,20.7,56.0,91.9,13.82142857142857,3.0
2021-06-05 00:00:00,46.862911262080445,-77.30833128111145,6.0,0,22.7,6.5,25.0,65.0,14.9,19.37142857142857,1.0
2019-08-19 00:00:00,48.25010652819938,-65.360566557353,8.0,0,23.1,1.8,16.5,66.0,41.9,20.257142857142856,1.0
2024-08-30 00:00:00,49.17130000000003,-69.38859999999994,8.0,1,22.8,0.0,16.0,40.0,36.4,21.9,2.0
2020-05-21 00:00:00,45.85090000092809,-76.43360000025254,5.0,1,24.0,0.0,14.0,25.0,13.7,12.107142857142858,6.0
2024-05-23 00:00:00,48.047900000000034,-77.87459999999999,5.0,1,19.4,0.4,35.6,28.0,17.9,19.37857142857143,1.0
2024-07-13 00:00:00,47.12240439555721,-72.26815090502747,7.0,0,24.8,7.3,9.9,70.0,69.1,23.735714285714288,1.0
2019-07-13 00:00:00,46.52460000142803,-77.98249999955334,7.0,1,25.0,5.8,17.9,56.0,30.4,25.914285714285715,2.0
2018-05-18 00:00:00,52.14488838988934,-66.44525825768159,5.0,0,-2.8,0.0,23.2,63.0,41.9,2.0000000000000004,3.0
2018-08-27 00:00:00,56.39325801404099,-65.9264555515721,8.0,0,16.3,6.5,17.1,76.0,27.6,12.892857142857142,1.0
2022-06-04 00:00:00,57.13460115035714,-63.896652609203024,6.0,0,3.5,0.0,16.8,66.0,16.4,1.4642857142857142,6.0
2018-07-26 00:00:00,46.576085877672014,-76.54343487042736,7.0,0,26.5,0.0,14.2,45.0,48.8,25.878571428571423,1.0
2024-06-05 00:00:00,49.50520000000006,-69.77709999999995,6.0,1,26.3,0.4,10.9,38.0,32.9,17.749999999999996,8.0
2023-05-18 00:00:00,50.14672479841903,-71.25057060643219,5.0,0,9.3,0.0,19.2,38.0,7.6,9.400000000000002,1.0
2021-05-19 00:00:00,45.94970000102501,-73.37580000023144,5.0,1,26.5,0.0,10.1,30.0,19.3,18.32857142857143,8.0
2023-07-12 00:00:00,55.41046808920266,-70.87261859829913,7.0,0,17.2,1.9,25.4,51.0,25.6,23.55,1.0
2021-06-01 00:00:00,48.96720000127356,-73.6139000001236,6.0,1,17.3,6.8,19.8,52.0,38.5,17.21428571428571,6.0
2018-05-01 00:00:00,56.591270994050525,-63.91626801053018,5.0,0,-0.3,4.8,23.2,66.0,12.4,-2.7857142857142856,4.0
2023-05-19 00:00:00,48.01739999971028,-66.70040000015985,5.0,1,21.1,0.0,23.7,29.0,12.0,14.278571428571428,6.0
2021-06-12 00:00:00,46.371000001048586,-72.57829999941185,6.0,1,25.5,0.0,13.8,26.0,16.9,23.985714285714288,6.0
2020-05-14 00:00:00,46.496500001132496,-72.52970000046723,5.0,1,16.4,0.0,14.8,28.0,35.3,11.37857142857143,11.0
2024-06-04 00:00:00,52.86720624685161,-62.458422088926625,6.0,0,22.2,0.0,9.6,46.0,110.7,9.52142857142857,1.0
2018-08-20 00:00:00,57.015598876780345,-77.99865047611453,8.0,0,6.3,0.1,36.0,77.0,38.4,7.335714285714286,1.0
2021-07-18 00:00:00,45.33432135087253,-67.40628505127553,7.0,0,20.3,38.5,9.2,86.0,129.1,23.56428571428572,2.0
2021-05-18 00:00:00,46.07580000059389,-72.0549999999661,5.0,1,23.3,1.1,15.1,22.0,31.2,16.642857142857142,7.0
2021-08-01 00:00:00,53.129538776111694,-72.08320546132357,8.0,0,11.7,4.7,19.4,72.0,31.8,17.057142857142857,1.0
2022-09-17 00:00:00,48.91062362122717,-59.41495915144985,9.0,0,16.2,1.6,52.1,53.0,16.8,17.792857142857144,1.0
2019-07-26 00:00:00,46.8858000007579,-70.4926999997214,7.0,1,25.9,0.0,13.5,46.0,84.7,23.4,5.0
2020-06-23 00:00:00,49.13650000108179,-68.99829999957124,6.0,1,30.0,0.0,11.9,51.0,20.1,23.535714285714285,3.0
2019-05-22 00:00:00,45.97250000105999,-74.5032999993783,5.0,1,18.3,0.2,10.8,38.0,57.9,13.221428571428572,2.0
2018-06-03 00:00:00,46.521100001381406,-73.23579999981139,6.0,1,19.6,0.0,15.4,27.0,18.8,21.92142857142857,2.0
2020-05-13 00:00:00,45.99770000072786,-73.72279999980296,5.0,1,12.8,0.0,21.4,24.0,41.3,11.85,6.0
2019-05-09 00:00:00,50.33531031437995,-77.92874400605437,5.0,0,3.9,7.6,22.6,50.0,41.2,5.328571428571428,4.0
2024-05-20 00:00:00,51.242145966746115,-78.88775620185785,5.0,0,23.6,0.1,22.1,30.0,17.0,14.72857142857143,1.0
2019-08-25 00:00:00,47.377200000531154,-70.55539999949899,8.0,1,19.4,0.0,6.4,44.0,30.4,19.77857142857143,4.0
2020-06-08 00:00:00,46.15280000087592,-74.76550000031504,6.0,1,19.6,0.0,13.8,35.0,57.6,20.25714285714286,2.0
2023-06-01 00:00:00,50.74820000003001,-70.19739999961024,6.0,1,25.8,0.5,17.6,42.0,26.4,13.385714285714286,8.0
2020-07-30 00:00:00,45.63900000071483,-75.98250000027751,7.0,1,24.5,1.3,12.7,61.0,73.89999999999999,26.592857142857145,1.0
2024-09-06 00:00:00,50.15686171796006,-74.29286106976814,9.0,0,17.7,27.2,18.8,71.0,33.8,20.321428571428577,4.0
2024-06-15 00:00:00,54.58131161083081,-73.2001208394285,6.0,0,11.5,0.2,34.6,39.0,19.2,21.6,2.0
2020-06-10 00:00:00,46.46070000085591,-71.67319999972158,6.0,1,24.1,0.8,20.4,39.0,33.8,21.60714285714285,4.0
2024-07-15 00:00:00,49.339511263900135,-61.43249197847952,7.0,0,18.4,0.4,32.2,91.0,14.3,17.95714285714286,5.0
2024-06-01 00:00:00,52.30020000000008,-76.75009999999997,6.0,1,23.1,0.0,18.4,46.0,38.2,16.671428571428574,4.0
2024-07-16 00:00:00,51.67301301832352,-59.56778555021292,7.0,0,23.4,15.5,11.8,66.0,40.3,23.735714285714284,1.0
2018-06-28 00:00:00,52.81860000110654,-73.9628000000828,6.0,1,25.1,3.8,20.8,38.0,27.1,16.114285714285714,2.0
2018-08-11 00:00:00,55.64359049138671,-73.1083623118399,8.0,0,16.4,0.3,20.1,50.0,36.2,16.935714285714287,2.0
2020-08-23 00:00:00,48.096359712002986,-58.46213689784494,8.0,0,18.3,0.0,16.1,50.0,45.3,20.392857142857142,3.0
2019-06-16 00:00:00,51.59019880254666,-64.88601895270492,6.0,0,11.6,12.8,18.8,83.0,32.0,11.414285714285716,2.0
2023-06-01 00:00:00,48.7818000003698,-75.24319999997999,6.0,1,30.6,1.6,18.8,29.0,44.6,17.492857142857144,8.0
2021-06-07 00:00:00,49.60800000138244,-75.36299999980075,6.0,1,28.9,1.7,29.1,45.0,33.6,18.2,2.0
2020-07-24 00:00:00,51.20230000124665,-58.73120000034272,7.0,1,23.4,0.0,12.3,56.0,37.7,21.5,4.0
2023-08-04 00:00:00,46.0280999998152,-74.22969999995502,8.0,1,22.2,2.9,11.9,54.0,109.0,21.621428571428577,1.0
2018-07-13 00:00:00,46.53360000057948,-72.85969999999054,7.0,1,27.8,0.0,14.2,36.0,7.0,29.05,11.0
2021-08-19 00:00:00,47.73050000120385,-70.27600000047072,8.0,1,29.1,0.0,11.7,50.0,31.3,25.571428571428573,5.0
2018-07-22 00:00:00,50.27960032622416,-73.9083806709661,7.0,0,29.3,0.0,13.2,38.0,47.7,22.678571428571423,3.0
2024-06-09 00:00:00,52.747100000000046,-72.40499999999997,6.0,1,23.8,2.5,19.2,37.0,25.3,20.67142857142857,12.0
2023-06-01 00:00:00,49.36909999986517,-72.06740000000997,6.0,1,29.8,2.3,18.4,37.0,31.5,18.428571428571427,8.0
2024-06-14 00:00:00,55.00973320130471,-72.9503850565706,6.0,0,10.5,0.2,43.0,66.0,29.5,20.53571428571428,1.0
2019-07-05 00:00:00,51.85940000128233,-63.96790000039755,7.0,1,24.3,2.9,14.8,51.0,15.3,16.9,5.0
2022-05-08 00:00:00,46.377500000000055,-70.91140000000001,5.0,1,16.8,0.0,12.3,23.0,31.7,12.37857142857143,4.0
2018-06-28 00:00:00,52.923900000551455,-75.55359999972194,6.0,1,26.8,1.1,21.6,34.0,19.8,16.957142857142856,2.0
2020-08-02 00:00:00,45.31025965591236,-78.55611536266917,8.0,0,22.0,55.7,19.8,79.0,63.0,24.45,3.0
2019-07-12 00:00:00,47.62000000053141,-79.2493000003533,7.0,1,24.4,0.0,13.1,39.0,30.700000000000003,25.61428571428572,1.0
2023-06-20 00:00:00,56.90106872513511,-74.03232530862813,6.0,0,27.0,0.0,30.5,34.0,6.5,16.028571428571432,6.0
2024-08-10 00:00:00,45.68411090815611,-60.43092243184225,8.0,0,24.7,5.3,32.6,82.0,15.2,24.49285714285714,4.0
2023-07-06 00:00:00,47.7905234160183,-58.88100588959442,7.0,0,21.2,1.7,18.4,71.0,76.89999999999999,17.65,2.0
2020-05-23 00:00:00,46.94750000070652,-71.35179999973879,5.0,1,13.3,0.0,19.4,24.0,13.0,14.085714285714284,7.0
2019-06-05 00:00:00,49.1666000009,-69.1258999994219,6.0,1,14.2,1.9,14.3,45.0,58.4,15.150000000000002,2.0
2018-05-14 00:00:00,45.83000000068003,-73.95019999973889,5.0,1,23.1,0.0,20.1,28.0,35.0,17.807142857142857,4.0
2019-07-27 00:00:00,49.581700000867066,-68.39559999939371,7.0,1,30.2,0.0,15.6,36.0,41.7,23.092857142857145,4.0
2023-06-01 00:00:00,49.33970000025488,-72.40410000021478,6.0,1,29.3,0.7,18.0,36.0,31.8,18.178571428571427,8.0
2023-07-26 00:00:00,57.081864480569415,-58.17435206464161,7.0,0,10.0,6.0,33.7,87.0,33.0,9.45,2.0
2022-05-10 00:00:00,47.90480000000014,-69.368,5.0,1,18.7,0.0,12.6,40.0,16.5,9.678571428571429,6.0
2018-07-21 00:00:00,48.50270000085982,-67.45630000062867,7.0,1,30.0,0.0,17.1,37.0,36.1,23.67142857142857,4.0
2022-05-10 00:00:00,45.96000000000009,-74.0924,5.0,1,21.5,0.0,12.0,22.0,11.7,13.8,6.0
2023-07-17 00:00:00,56.300483827014915,-74.67149984103123,7.0,0,18.4,0.1,11.5,92.0,70.3,18.692857142857143,1.0
2022-09-16 00:00:00,56.06737759837832,-67.4687151002852,9.0,0,8.1,0.4,25.9,54.0,41.8,15.342857142857143,1.0
2018-05-16 00:00:00,49.70299513227899,-59.21290423627828,5.0,0,4.1,0.1,41.7,51.0,46.8,3.621428571428571,1.0
2021-08-08 00:00:00,52.53149506977156,-75.95783780634734,8.0,0,21.6,0.0,16.0,38.0,121.7,16.38571428571429,2.0
2018-09-08 00:00:00,48.12827256507528,-62.1104658785672,9.0,0,17.5,0.2,40.5,57.0,18.2,19.728571428571428,4.0
2022-09-13 00:00:00,58.60983758889211,-74.54592131655684,9.0,0,9.4,2.6,32.0,73.0,74.3,13.564285714285717,2.0
2021-09-14 00:00:00,56.82187874093126,-60.780878194452995,9.0,0,4.6,4.1,30.3,71.0,40.1,7.699999999999998,1.0
2018-06-28 00:00:00,52.54250000085908,-75.65499999953514,6.0,1,26.1,2.1,23.2,37.0,28.2,16.928571428571427,2.0
2024-09-15 00:00:00,47.9440891535141,-66.74799369083546,9.0,0,23.1,0.0,13.9,42.0,30.8,19.678571428571427,7.0
2019-07-07 00:00:00,48.1425000009895,-77.44929999985409,7.0,1,22.0,0.0,11.9,33.0,55.3,24.72142857142857,1.0
2023-07-05 00:00:00,51.220100000015066,-77.13350000032472,7.0,1,30.9,2.7,22.3,36.0,51.3,25.821428571428573,4.0
2021-08-21 00:00:00,45.051175242520635,-64.04911762177723,8.0,0,25.3,0.0,10.7,49.0,53.5,26.2,1.0
2019-08-02 00:00:00,46.941400000648684,-71.09290000000207,8.0,1,25.8,0.0,17.7,51.0,41.0,25.7,2.0
2021-06-12 00:00:00,46.019600001148106,-73.78569999972505,6.0,1,26.0,0.0,17.0,24.0,13.4,24.07857142857143,1.0
2023-06-21 00:00:00,49.31090000043474,-67.6037000003547,6.0,1,22.8,0.0,19.0,43.0,53.1,16.342857142857145,6.0
2023-08-11 00:00:00,48.13300958636481,-59.704757790769506,8.0,0,18.1,5.5,27.9,80.0,105.4,18.735714285714284,1.0
2023-07-06 00:00:00,46.20342247469919,-71.81747319920902,7.0,0,30.8,0.2,13.0,49.0,81.1,26.07142857142857,2.0
2019-05-06 00:00:00,57.34467042412375,-63.85834142063223,5.0,0,2.8,0.0,30.1,75.0,18.6,-2.835714285714285,6.0
2018-05-18 00:00:00,46.04950000119143,-73.72449999997315,5.0,1,14.4,0.0,12.0,32.0,12.5,17.96428571428571,8.0
2020-06-19 00:00:00,46.306400000592525,-74.67719999935481,6.0,1,28.9,0.0,11.2,35.0,32.6,19.978571428571428,8.0
2021-06-14 00:00:00,51.27421733227689,-61.99586143064306,6.0,0,17.2,0.2,18.8,35.0,53.6,15.39285714285714,2.0
2019-06-07 00:00:00,56.448605038629815,-76.09629247996479,6.0,0,6.4,0.0,15.3,72.0,61.7,3.8642857142857134,1.0
2019-08-20 00:00:00,57.50792632505366,-69.83360650888984,8.0,0,16.2,11.4,23.2,62.0,49.6,16.585714285714285,1.0
2023-06-14 00:00:00,52.65416315450315,-61.7141636890481,6.0,0,23.8,0.0,15.9,34.0,31.5,15.071428571428571,4.0
2019-08-03 00:00:00,45.09240000056439,-72.5590999998675,8.0,1,24.0,0.3,15.4,39.0,15.4,23.164285714285715,3.0
2022-09-10 00:00:00,48.87127816802254,-63.78596889665174,9.0,0,16.8,0.0,20.5,87.0,44.6,17.90714285714286,1.0
2021-06-19 00:00:00,49.82830000068551,-71.60249999962063,6.0,1,20.7,8.7,10.9,64.0,20.1,19.5,2.0
2020-06-11 00:00:00,45.60240000057269,-75.59319999987503,6.0,1,23.6,6.8,31.8,43.0,40.6,21.214285714285715,1.0
2020-07-05 00:00:00,53.99598236489354,-63.54448251193001,7.0,0,16.0,0.4,10.8,54.0,78.8,15.600000000000003,4.0
2022-05-02 00:00:00,58.20722669492798,-72.5910659230925,5.0,0,3.0,0.0,9.4,51.0,10.6,-5.450000000000001,7.0
2021-06-18 00:00:00,46.27660000122798,-77.46799999974255,6.0,1,21.5,9.4,18.9,49.0,11.4,25.61428571428571,4.0
2018-07-15 00:00:00,56.50575451300863,-63.5738995651018,7.0,0,17.7,1.2,31.9,70.0,68.6,14.578571428571427,4.0
2020-07-09 00:00:00,54.11771636981948,-66.98751729540129,7.0,0,21.4,0.1,23.2,49.0,38.5,18.478571428571428,1.0
2024-07-19 00:00:00,46.595988338155216,-70.25479548705557,7.0,0,21.2,0.0,20.3,50.0,165.8,23.5,1.0
2022-08-28 00:00:00,52.61584872141027,-63.0707514654392,8.0,0,20.4,4.6,26.0,57.0,38.7,19.821428571428577,1.0
2019-06-11 00:00:00,46.64165358977322,-75.8730272342906,6.0,0,17.0,15.8,26.8,41.0,17.8,18.4,8.0
2020-05-23 00:00:00,46.13010000108883,-73.73440000051794,5.0,1,19.8,0.0,16.6,23.0,11.5,15.62857142857143,8.0
2023-07-02 00:00:00,56.813500000124975,-67.37200000029975,7.0,1,24.2,0.4,11.1,52.0,9.3,20.628571428571423,9.0
2020-05-21 00:00:00,46.66450000052825,-75.21340000030426,5.0,1,23.4,0.0,15.6,24.0,13.9,11.421428571428573,6.0
2019-07-07 00:00:00,47.74609656821006,-64.93064195520701,7.0,0,22.4,0.0,25.6,41.0,48.6,20.057142857142857,1.0
2018-07-16 00:00:00,51.46836779846716,-69.10794101754733,7.0,0,28.5,1.3,18.0,44.0,70.5,19.942857142857143,2.0
2018-09-25 00:00:00,46.56080000116171,-71.87920000035906,9.0,1,15.9,8.8,12.0,48.0,32.9,20.535714285714285,3.0
2018-07-29 00:00:00,51.43190000066299,-63.01689999994639,7.0,1,23.1,1.6,15.2,49.0,48.8,23.05,1.0
2022-05-17 00:00:00,49.78533516353105,-74.16729591861514,5.0,0,9.9,63.6,34.9,76.0,19.3,12.62142857142857,1.0
2022-05-06 00:00:00,46.34830000000005,-73.60419999999999,5.0,1,12.1,0.0,14.2,29.0,23.1,11.971428571428572,2.0
2020-08-25 00:00:00,58.44329559118843,-60.69295579963964,8.0,0,7.5,0.0,32.3,89.0,18.5,8.914285714285715,4.0
2024-06-24 00:00:00,50.88560000000007,-63.153899999999965,6.0,1,24.7,0.3,15.6,35.0,16.400000000000002,21.914285714285715,5.0
2018-06-22 00:00:00,48.25460000137809,-69.95509999976916,6.0,1,23.7,0.0,15.5,39.0,35.7,20.235714285714284,4.0
2023-09-07 00:00:00,46.03649999957537,-75.84130000019479,9.0,1,26.7,0.2,14.0,60.0,12.3,23.607142857142858,1.0
2018-08-15 00:00:00,52.11359668260131,-63.37197742960092,8.0,0,20.2,3.9,20.3,61.0,62.3,21.6,1.0
2018-08-04 00:00:00,53.080154788443835,-60.29816145291918,8.0,0,24.0,0.0,13.4,40.0,121.1,21.7,2.0
2024-08-13 00:00:00,48.54650000000004,-77.81829999999997,8.0,1,26.5,0.0,12.8,41.0,35.2,23.87857142857144,2.0
2018-05-14 00:00:00,46.48710000131966,-75.09649999948726,5.0,1,21.1,0.0,18.6,33.0,39.9,15.6,4.0
2024-09-05 00:00:00,45.029096896996386,-67.04365050566918,9.0,0,24.3,0.0,19.8,57.0,15.8,22.06428571428572,4.0
2021-05-14 00:00:00,45.86580000106972,-74.16559999964441,5.0,1,19.3,0.0,16.4,29.0,46.5,12.207142857142856,3.0
2021-09-08 00:00:00,45.25911602225999,-75.7174718641036,9.0,0,23.3,12.1,21.3,60.0,28.2,24.178571428571423,2.0
2020-07-02 00:00:00,48.085700000914464,-77.24839999947281,7.0,1,24.9,4.5,10.9,66.0,44.4,26.07857142857143,5.0
2018-06-03 00:00:00,53.56663481770501,-64.99073969872254,6.0,0,-1.3,0.0,25.9,67.0,43.0,1.9428571428571424,2.0
2019-08-16 00:00:00,48.27750000063097,-78.66779999966444,8.0,1,23.0,0.3,13.1,43.0,46.8,21.33571428571428,5.0
2024-07-08 00:00:00,53.14100000000008,-67.90119999999996,7.0,1,23.9,7.5,35.7,48.0,41.9,16.914285714285715,4.0
2018-05-08 00:00:00,46.63410000140217,-73.82619999952409,5.0,1,19.2,0.0,18.7,35.0,79.5,11.978571428571428,3.0
2021-07-10 00:00:00,47.76478124432083,-69.19941734723906,7.0,0,22.2,0.0,13.8,43.0,78.0,20.37142857142857,1.0
2018-07-11 00:00:00,55.300522951981414,-76.15361209437943,7.0,0,16.1,0.1,24.8,66.0,99.8,15.05,2.0
2018-06-12 00:00:00,47.51440000059235,-68.52869999972724,6.0,1,26.4,0.7,26.6,28.0,23.5,18.04285714285714,4.0
2019-05-22 00:00:00,47.05881379078912,-58.011372897801735,5.0,0,5.9,17.0,54.0,70.0,65.7,4.157142857142857,1.0
2023-05-29 00:00:00,46.58900000044969,-71.32849999987508,5.0,1,19.2,0.0,15.9,32.0,29.0,18.29285714285714,5.0
2023-08-20 00:00:00,49.92063337293879,-70.38514762675098,8.0,0,20.4,9.0,20.0,67.0,109.3,19.321428571428573,1.0
2022-08-23 00:00:00,54.38417597831845,-66.87675104105517,8.0,0,15.3,0.0,20.9,52.0,29.6,19.285714285714285,1.0
2020-05-13 00:00:00,51.99103358560898,-77.05832635790415,5.0,0,7.5,0.0,13.4,28.0,31.0,1.4785714285714289,3.0
2018-05-03 00:00:00,54.16393679300134,-59.35744376833293,5.0,0,-2.3,0.0,11.6,47.0,38.8,3.707142857142857,1.0
2024-07-08 00:00:00,51.89110000000005,-63.451899999999966,7.0,1,27.8,2.2,16.4,34.0,51.6,19.24285714285714,4.0
2023-07-28 00:00:00,45.982212632081506,-79.41372935482039,7.0,0,25.4,16.3,18.7,69.0,52.8,23.307142857142853,2.0
2019-05-10 00:00:00,45.41611849060658,-60.85437400872634,5.0,0,9.6,1.3,21.0,61.0,31.700000000000003,8.27142857142857,2.0
2020-05-06 00:00:00,46.5972000007078,-72.47619999945682,5.0,1,13.5,0.0,13.8,27.0,33.1,11.421428571428573,3.0
2024-06-12 00:00:00,46.57894037342094,-68.4947951182919,6.0,0,22.0,7.5,9.7,59.0,44.3,21.09285714285713,1.0
2020-05-21 00:00:00,49.781700000499534,-75.87120000021888,5.0,1,23.4,0.0,18.4,34.0,11.7,5.3,6.0
2018-07-14 00:00:00,45.72130000061458,-74.38490000024713,7.0,1,28.0,9.2,12.2,49.0,28.4,28.08571428571428,8.0
2023-07-03 00:00:00,48.42630000014492,-77.23399999980012,7.0,1,28.5,0.0,8.6,43.0,34.9,25.95,2.0
2019-09-13 00:00:00,47.37128670529262,-75.16369318198633,9.0,0,16.3,5.7,23.2,40.0,55.2,15.30714285714286,2.0
2018-08-04 00:00:00,46.965139414866655,-76.70426839273298,8.0,0,25.1,1.4,12.3,54.0,66.6,24.107142857142858,1.0
2024-08-03 00:00:00,50.11320000000006,-67.30119999999994,8.0,1,27.4,10.2,10.2,64.0,34.1,25.03571428571428,2.0
2019-09-25 00:00:00,46.64140000121216,-71.94629999945859,9.0,1,14.5,0.0,13.2,69.0,64.4,19.592857142857145,1.0
2019-07-14 00:00:00,46.34426947801824,-60.50984639731291,7.0,0,18.1,0.0,19.6,80.0,60.1,20.12142857142857,1.0
2024-09-09 00:00:00,54.43776422385359,-61.49674468958602,9.0,0,13.8,5.3,20.0,58.0,14.5,19.32857142857143,1.0
2023-09-26 00:00:00,45.97760000023988,-74.13469999960523,9.0,1,16.7,0.0,15.5,46.0,12.5,19.135714285714283,7.0
2021-05-10 00:00:00,50.28084505238046,-58.92010609387554,5.0,0,4.6,1.3,40.7,79.0,53.7,4.107142857142857,1.0
2021-06-04 00:00:00,48.12900000102373,-78.9508000001526,6.0,1,21.9,0.0,19.0,52.0,27.5,19.678571428571427,1.0
2024-09-11 00:00:00,56.263969827524555,-73.99009691223809,9.0,0,14.0,0.0,21.7,66.0,26.2,11.678571428571429,2.0
2021-08-06 00:00:00,45.29056797013459,-63.40117977251657,8.0,0,25.0,2.9,26.3,72.0,63.0,22.435714285714283,1.0
2020-05-17 00:00:00,48.47953481504107,-58.14205017687747,5.0,0,9.5,10.4,10.2,46.0,77.3,4.457142857142857,3.0
2023-06-01 00:00:00,47.61579999957036,-75.78800000009988,6.0,1,30.1,1.2,13.5,33.0,43.9,18.25714285714286,8.0
2018-09-05 00:00:00,58.64686062399669,-72.28302351696549,9.0,0,10.0,7.7,33.6,62.0,46.8,9.657142857142857,1.0
2023-07-02 00:00:00,51.52344604938372,-69.07477081390701,7.0,0,22.5,9.4,15.5,68.0,43.9,22.500000000000004,1.0
2020-06-16 00:00:00,46.15330000066503,-72.18250000001265,6.0,1,26.4,0.0,12.8,30.0,26.8,21.47857142857143,5.0
2018-05-28 00:00:00,48.77790000119376,-79.34970000002555,5.0,1,22.8,2.4,22.7,61.0,24.2,16.785714285714285,1.0
2024-06-05 00:00:00,46.58510000000007,-72.93679999999995,6.0,1,27.6,0.0,9.8,41.0,45.8,22.414285714285715,8.0
2021-08-19 00:00:00,49.425100000715226,-75.25180000005334,8.0,1,29.5,2.8,11.0,52.0,35.4,24.45,5.0
2024-06-05 00:00:00,51.67430000000007,-70.31489999999997,6.0,1,25.3,1.0,11.3,41.0,65.5,15.235714285714286,6.0
2020-06-17 00:00:00,53.09360516036978,-68.82802653044497,6.0,0,18.8,2.9,32.7,67.0,40.5,5.864285714285714,1.0
2022-08-24 00:00:00,49.18909999999994,-68.31450000000001,8.0,1,20.6,2.8,11.7,81.0,34.8,21.64285714285714,1.0
2018-06-02 00:00:00,47.18650000072992,-69.91139999972764,6.0,1,16.2,0.0,26.0,28.0,34.5,19.092857142857145,1.0
2021-07-10 00:00:00,50.93910000082906,-74.58949999958402,7.0,1,21.4,0.1,14.4,39.0,33.1,20.800000000000004,3.0
2021-05-17 00:00:00,46.152100001319546,-74.74300000055598,5.0,1,21.8,0.0,18.0,27.0,19.9,13.992857142857144,6.0
2020-08-22 00:00:00,50.67482702698863,-76.48186104926678,8.0,0,19.9,1.0,9.4,52.0,33.0,22.428571428571427,3.0
2019-05-14 00:00:00,50.370947744129765,-77.74877878474133,5.0,0,17.0,0.0,17.6,31.0,19.0,6.364285714285714,4.0
2018-05-21 00:00:00,58.365696781830536,-74.45658281094956,5.0,0,-3.7,1.7,21.9,66.0,28.0,-6.007142857142858,1.0
2020-07-05 00:00:00,52.43310000101688,-70.08420000051852,7.0,1,16.6,3.4,14.7,50.0,47.1,20.385714285714283,1.0
2020-06-04 00:00:00,55.670320345877606,-78.67243011171533,6.0,0,2.2,3.0,33.8,94.0,15.9,1.7071428571428575,5.0
2018-06-28 00:00:00,49.64830000135464,-72.69250000073457,6.0,1,28.4,0.0,11.5,29.0,16.0,20.90714285714285,4.0
2020-05-03 00:00:00,46.22520000125603,-76.01069999990857,5.0,1,18.0,1.4,23.1,39.0,35.300000000000004,9.771428571428572,2.0
2020-05-20 00:00:00,45.87740000108645,-75.11369999966018,5.0,1,22.3,0.0,11.8,28.0,11.2,11.721428571428572,5.0
2021-06-28 00:00:00,50.5781857223392,-57.3696039724221,6.0,0,20.5,20.1,25.9,50.0,43.0,18.321428571428573,1.0
2023-07-03 00:00:00,49.08582847497895,-72.4764735366405,7.0,0,26.8,0.6,7.6,58.0,52.5,25.00714285714285,1.0
2021-05-03 00:00:00,57.48640246466903,-70.801788042353,5.0,0,1.8,3.2,20.5,80.0,21.9,1.1428571428571428,1.0
2021-07-13 00:00:00,56.447637165126714,-77.41106358324546,7.0,0,10.3,0.0,38.5,66.0,27.3,6.021428571428571,4.0
2021-07-13 00:00:00,46.76950000115353,-76.02989999957641,7.0,1,22.9,21.6,15.6,70.0,37.1,22.957142857142856,5.0
2021-09-01 00:00:00,49.98382473770266,-77.20233060567554,9.0,0,11.0,2.7,24.7,79.0,22.5,23.6,1.0
2024-05-11 00:00:00,54.67291909272976,-59.47225352301021,5.0,0,12.0,0.0,14.5,35.0,55.1,2.1357142857142857,2.0
2021-07-05 00:00:00,51.265345688956,-70.80992883190595,7.0,0,24.2,0.7,18.6,32.0,72.2,18.42142857142857,4.0
2023-07-05 00:00:00,52.42550000022487,-78.40680000031972,7.0,1,23.5,1.9,13.4,68.0,11.8,24.13571428571429,4.0
2024-07-14 00:00:00,50.66410000000008,-71.29999999999995,7.0,1,25.8,2.1,17.0,54.0,35.0,22.464285714285715,5.0
2024-06-25 00:00:00,51.716121666700104,-62.779333926796575,6.0,0,23.7,0.0,18.5,28.0,13.8,20.04285714285714,6.0
2021-08-13 00:00:00,46.86230000072944,-73.65590000006725,8.0,1,26.3,5.3,19.4,61.0,36.8,22.56428571428572,1.0
2019-06-09 00:00:00,45.63390000058658,-74.40010000025691,6.0,1,26.9,0.0,6.9,31.0,23.4,17.835714285714285,7.0
2023-05-28 00:00:00,46.31929999989512,-70.53120000007988,5.0,1,25.6,0.1,28.5,28.0,40.9,15.3,4.0
2021-05-14 00:00:00,48.44000000094693,-71.57250000000813,5.0,1,15.6,0.0,12.0,27.0,37.8,11.614285714285712,3.0
2019-05-14 00:00:00,46.49707780504043,-75.19850141051407,5.0,0,7.9,5.9,14.4,71.0,54.2,12.614285714285714,4.0
2018-05-08 00:00:00,46.133900000825975,-74.48279999978143,5.0,1,19.1,0.0,15.9,36.0,65.6,13.457142857142856,3.0
2018-07-26 00:00:00,55.33658975807012,-75.79032882775832,7.0,0,20.8,0.0,17.4,63.0,50.5,18.678571428571427,2.0
2019-09-08 00:00:00,56.13860503669277,-78.6327914454075,9.0,0,7.4,0.4,18.9,86.0,18.7,9.421428571428573,4.0
2021-09-16 00:00:00,46.06762820860471,-74.78456749969531,9.0,0,20.3,0.0,11.8,53.0,80.7,18.64285714285714,1.0
2023-06-01 00:00:00,47.58180000007002,-73.91729999979509,6.0,1,30.0,3.6,18.9,33.0,33.8,18.72142857142857,8.0
2021-07-20 00:00:00,55.40037705444018,-63.90250246069016,7.0,0,11.6,0.0,21.6,59.0,55.5,16.314285714285713,3.0
2020-08-31 00:00:00,49.75780000105952,-77.67390000059889,8.0,1,17.6,0.0,17.1,45.0,32.9,17.6,2.0
2020-06-21 00:00:00,49.26610474319601,-76.70925447274014,6.0,0,30.7,0.7,19.5,32.0,26.1,21.528571428571432,9.0
2024-06-05 00:00:00,49.05380000000008,-71.91679999999997,6.0,1,28.5,0.0,13.0,35.0,49.6,21.442857142857143,8.0
2018-06-12 00:00:00,48.74250000102376,-72.69279999998747,6.0,1,28.0,0.2,35.3,23.0,32.2,18.88571428571429,5.0
2018-05-28 00:00:00,48.67500000102703,-75.55219999967619,5.0,1,22.4,11.4,19.9,51.0,18.8,15.5,1.0
2023-09-13 00:00:00,54.49923203830874,-59.71634912119481,9.0,0,15.6,3.7,15.1,47.0,55.1,13.95,1.0
2020-05-05 00:00:00,50.72542015508176,-76.0474668441619,5.0,0,2.1,0.0,14.5,43.0,45.2,3.171428571428572,4.0
2022-08-12 00:00:00,48.53749761514367,-77.94064315051624,8.0,0,21.1,0.0,13.8,40.0,36.3,22.04285714285714,2.0
2022-09-23 00:00:00,47.07251341941887,-73.54478312533114,9.0,0,10.3,0.3,21.9,48.0,90.6,17.25,1.0
2024-06-05 00:00:00,57.551076488209475,-63.04972030983983,6.0,0,7.5,0.0,14.8,86.0,17.799999999999997,3.1499999999999995,8.0
2023-06-01 00:00:00,46.95260000009,-74.26959999994,6.0,1,30.8,1.3,13.1,28.0,30.5,19.057142857142853,8.0
2019-07-05 00:00:00,49.11030000103232,-64.64390000012972,7.0,1,23.5,0.0,17.4,66.0,36.2,17.021428571428572,8.0
2021-08-08 00:00:00,47.44980000077459,-70.46349999945699,8.0,1,21.0,0.0,12.9,42.0,38.5,21.764285714285712,1.0
2024-05-23 00:00:00,57.761464124106176,-72.54598601381555,5.0,0,7.3,0.0,40.1,52.0,15.7,2.6,3.0
2021-09-19 00:00:00,48.15270000098171,-69.81420000028047,9.0,1,17.0,0.0,12.5,46.0,58.6,18.95714285714286,1.0
2023-07-22 00:00:00,53.792518048980675,-59.6003076576298,7.0,0,24.7,6.1,18.3,50.0,37.4,26.07142857142857,2.0
2023-06-01 00:00:00,50.16789999958536,-73.91000000039963,6.0,1,27.9,0.5,15.5,41.0,21.5,16.02142857142857,5.0
2022-07-24 00:00:00,45.80753480644188,-68.94046174074342,7.0,0,29.7,2.1,12.6,53.0,76.5,26.514285714285723,5.0
2024-06-19 00:00:00,50.32640000000004,-66.63349999999997,6.0,1,30.2,0.0,13.8,55.0,10.6,19.342857142857145,5.0
2021-05-29 00:00:00,45.731300000740745,-74.5677999996264,5.0,1,16.9,0.0,15.7,26.0,6.6,22.58571428571429,3.0
2019-06-08 00:00:00,51.2109753247373,-58.02625175594704,6.0,0,9.3,2.1,20.8,82.0,60.8,5.042857142857143,3.0
2021-06-10 00:00:00,46.759900001140814,-73.8907999996372,6.0,1,18.8,0.0,14.3,32.0,18.7,20.871428571428577,4.0
2018-06-28 00:00:00,49.55850000059296,-72.74919999983203,6.0,1,27.9,0.0,11.8,29.0,12.2,20.585714285714285,4.0
2019-06-08 00:00:00,56.44915800248146,-67.74334253738569,6.0,0,11.6,1.7,19.0,59.0,46.2,8.042857142857143,1.0
2021-05-16 00:00:00,47.5801000007688,-78.88099999977163,5.0,1,21.1,0.0,13.0,28.0,24.4,12.114285714285714,5.0
2023-06-22 00:00:00,47.64760000013996,-72.92089999963525,6.0,1,28.5,0.0,12.1,39.0,45.5,20.00714285714286,2.0
2020-07-05 00:00:00,49.18680389345799,-78.12675306589072,7.0,0,25.6,0.8,12.6,29.0,74.0,24.571428571428573,3.0
2022-09-23 00:00:00,46.472652748153294,-60.90469940970668,9.0,0,18.0,49.0,38.8,86.0,79.9,16.707142857142856,1.0
2020-05-10 00:00:00,45.735100001090665,-75.05229999952788,5.0,1,7.7,0.0,23.1,42.0,34.2,12.150000000000002,1.0
2023-06-01 00:00:00,51.22939999991013,-72.45100000014986,6.0,1,26.2,0.1,18.7,40.0,47.0,13.85,5.0
2020-08-14 00:00:00,55.535226026646264,-66.69277899972094,8.0,0,17.9,0.0,11.6,48.0,41.7,20.385714285714283,2.0
2019-05-23 00:00:00,47.47588393041633,-77.05337460913739,5.0,0,11.3,10.7,15.4,78.0,68.3,10.457142857142856,3.0
2024-05-12 00:00:00,48.26970000000005,-64.74579999999997,5.0,1,15.6,0.0,16.1,35.0,8.1,10.178571428571429,6.0
2023-06-01 00:00:00,48.76869999970529,-76.00619999993,6.0,1,31.6,0.5,12.3,26.0,31.2,17.92142857142857,9.0
2023-07-02 00:00:00,55.19360000023988,-69.30909999956526,7.0,1,23.0,8.7,12.4,55.0,38.3,20.42142857142857,1.0
2020-07-08 00:00:00,50.23680000121637,-66.35680000050826,7.0,1,20.3,7.1,13.0,80.0,30.5,19.71428571428572,1.0
2024-09-16 00:00:00,48.04665704110852,-71.99961174949169,9.0,0,25.9,0.0,18.4,43.0,27.6,19.585714285714285,4.0
2019-07-08 00:00:00,48.72440000115665,-73.12019999962067,7.0,1,22.4,0.0,26.9,31.0,55.0,23.092857142857145,2.0
2024-08-14 00:00:00,55.2908215551068,-65.67598164411976,8.0,0,22.6,0.0,17.1,55.0,24.3,17.407142857142855,7.0
2020-05-07 00:00:00,56.172868936285525,-70.18601974592224,5.0,0,-3.7,4.8,25.8,79.0,29.9,-2.5500000000000003,6.0
2018-06-12 00:00:00,48.53020000086703,-72.2919000001219,6.0,1,27.0,0.0,35.8,26.0,41.7,17.721428571428568,5.0
2021-07-05 00:00:00,49.804900000548656,-69.30870000045974,7.0,1,24.7,0.0,15.1,31.0,61.7,20.20714285714286,4.0
2022-07-11 00:00:00,49.491400000000056,-62.53619999999995,7.0,1,20.5,6.8,17.7,61.0,22.5,20.321428571428573,2.0
2018-07-05 00:00:00,48.96910000073532,-73.7842000002554,7.0,1,30.4,2.8,24.5,35.0,11.7,23.985714285714284,1.0
2021-05-14 00:00:00,46.1544000013206,-73.67850000062829,5.0,1,21.4,0.0,17.1,24.0,33.4,13.242857142857142,3.0
2019-06-19 00:00:00,58.26708016307699,-64.47778457130465,6.0,0,12.6,0.8,14.8,65.0,19.3,7.785714285714285,6.0
2023-06-01 00:00:00,49.28139999981022,-74.99099999975016,6.0,1,29.7,1.5,18.8,32.0,24.3,17.685714285714287,8.0
2018-06-30 00:00:00,46.391800000706105,-76.1522999993767,6.0,1,27.4,5.2,19.8,71.0,15.5,22.81428571428572,2.0
2022-08-21 00:00:00,48.12470000000002,-67.48249999999996,8.0,1,27.7,0.0,17.2,44.0,43.6,21.928571428571427,2.0
2021-05-26 00:00:00,53.747810111465334,-75.57058554182947,5.0,0,12.4,12.5,54.2,75.0,37.0,9.307142857142855,1.0
2022-06-13 00:00:00,49.52906826539272,-63.22244784951302,6.0,0,19.9,2.6,13.6,50.0,17.4,14.799999999999995,3.0
2022-05-08 00:00:00,45.9409,-74.59000000000003,5.0,1,16.6,0.0,13.8,23.0,23.9,13.007142857142856,4.0
2022-08-14 00:00:00,49.630071661730994,-72.79802190146069,8.0,0,22.5,0.0,8.7,42.0,29.7,21.442857142857147,4.0
2023-07-25 00:00:00,58.71684089709103,-79.0468064377912,7.0,0,11.3,12.9,28.7,88.0,24.4,10.371428571428572,1.0
2020-05-20 00:00:00,50.27600000079676,-64.79979999955094,5.0,1,12.8,0.0,19.6,38.0,0.9,9.207142857142856,14.0
2021-05-04 00:00:00,50.68453455404954,-63.42547603541695,5.0,0,9.9,0.0,24.0,43.0,90.7,5.842857142857143,6.0
2021-06-18 00:00:00,53.622000001215525,-73.53329999960373,6.0,1,19.2,7.7,23.9,63.0,23.8,13.05714285714286,1.0
2019-06-09 00:00:00,45.948400000751214,-73.4297000004863,6.0,1,27.6,0.0,14.5,26.0,20.9,18.942857142857143,7.0
2022-08-05 00:00:00,45.54001290450963,-69.06059322281715,8.0,0,27.9,1.4,11.3,55.0,9.7,26.94285714285714,3.0
2024-07-30 00:00:00,50.69420000000008,-78.84389999999998,7.0,1,25.7,14.7,15.9,75.0,29.8,22.228571428571428,11.0
2021-07-17 00:00:00,49.542073403990926,-58.7343631923664,7.0,0,16.2,6.3,42.7,84.0,89.9,14.128571428571428,2.0
2023-06-01 00:00:00,48.47020000022985,-76.85630000014487,6.0,1,30.2,0.4,14.2,32.0,29.9,18.27142857142857,9.0
2024-06-13 00:00:00,50.427706249470795,-76.49001159360282,6.0,0,23.0,18.1,18.5,57.0,51.0,21.88571428571429,3.0
2019-08-02 00:00:00,53.00805547971903,-69.50326110084227,8.0,0,14.1,1.5,20.3,62.0,51.7,15.971428571428572,1.0
2022-08-18 00:00:00,50.84394933090383,-74.85735538753481,8.0,0,25.8,0.0,9.5,35.0,32.5,20.835714285714285,3.0
2020-07-06 00:00:00,49.61574538117472,-57.76726634494052,7.0,0,16.5,0.0,11.3,60.0,57.7,19.62142857142857,1.0
2023-06-01 00:00:00,49.37749999962534,-72.0667000001049,6.0,1,29.8,2.3,18.4,37.0,31.5,18.428571428571427,8.0
2023-06-01 00:00:00,47.403699999555386,-72.5199000001848,6.0,1,29.1,1.0,16.9,35.0,37.0,19.278571428571432,8.0
2020-06-20 00:00:00,49.49710000122356,-74.74609999988844,6.0,1,29.0,4.8,10.8,46.0,18.1,20.05,8.0
2020-09-01 00:00:00,48.52880000073484,-68.00589999965162,9.0,1,22.6,0.0,19.6,42.0,81.0,17.528571428571432,2.0
2018-09-17 00:00:00,48.898202024165734,-58.35734317993251,9.0,0,15.4,15.4,15.8,83.0,50.0,17.7,5.0
2019-07-13 00:00:00,47.558000001277165,-78.21010000045919,7.0,1,23.4,5.1,16.0,64.0,24.4,25.371428571428567,2.0
2024-07-08 00:00:00,52.50980000000004,-70.51309999999994,7.0,1,24.6,3.5,24.8,48.0,59.6,18.00714285714286,4.0
2019-07-07 00:00:00,48.857500000582405,-72.86709999961037,7.0,1,22.4,0.0,16.5,31.0,62.8,24.37857142857144,1.0
2023-09-22 00:00:00,46.99402542172449,-70.69546084793848,9.0,0,21.2,0.0,17.4,55.0,119.3,19.86428571428572,3.0
2019-07-02 00:00:00,51.97548805122873,-66.35940027806605,7.0,0,19.2,1.1,20.5,49.0,33.1,16.035714285714285,2.0
2022-05-14 00:00:00,49.897120415878554,-73.30193495582697,5.0,0,23.0,0.0,18.2,43.0,12.5,11.935714285714283,1.0
2020-05-22 00:00:00,46.066800000724974,-74.51980000024528,5.0,1,26.5,0.0,12.0,21.0,12.0,12.714285714285714,7.0
2023-08-17 00:00:00,48.94724633205901,-64.08695690323569,8.0,0,15.8,0.0,38.3,92.0,155.6,16.257142857142856,3.0
2021-06-07 00:00:00,49.589600000916384,-70.03610000043788,6.0,1,28.2,0.0,28.7,43.0,22.0,15.671428571428567,2.0
2020-05-14 00:00:00,46.25170000121558,-73.52529999955514,5.0,1,17.6,0.0,13.0,20.0,40.5,11.349999999999998,7.0
2020-05-21 00:00:00,48.74330000052768,-71.85250000037354,5.0,1,24.8,0.0,23.1,28.0,3.9,9.914285714285716,11.0
2024-06-12 00:00:00,52.99400000000003,-73.71109999999999,6.0,1,23.6,0.0,27.2,34.0,13.0,21.914285714285715,3.0
2023-07-10 00:00:00,52.95830000004503,-76.7289999995503,7.0,1,27.8,3.6,35.8,33.0,30.8,24.7,2.0
2024-05-23 00:00:00,45.654900000000055,-75.65069999999997,5.0,1,23.2,0.4,25.0,37.0,35.2,21.035714285714285,2.0
2019-08-03 00:00:00,48.01930000107682,-77.65850000009847,8.0,1,20.3,0.3,17.5,35.0,14.2,24.07857142857143,4.0
2021-08-26 00:00:00,48.85940000068416,-64.54640000067171,8.0,1,27.0,2.4,15.5,66.0,35.5,26.557142857142857,2.0
2023-05-30 00:00:00,48.64729999959536,-77.63210000041465,5.0,1,30.5,0.0,16.5,25.0,31.4,15.785714285714288,7.0
2021-05-23 00:00:00,45.89670000120419,-73.47390000038193,5.0,1,20.6,2.0,27.1,27.0,7.7,22.21428571428571,12.0
2024-07-13 00:00:00,49.73550000000005,-74.73289999999997,7.0,1,27.3,4.1,18.8,46.0,60.6,22.692857142857143,4.0
2023-08-14 00:00:00,55.85734892717824,-77.64239864410071,8.0,0,15.6,0.0,25.0,74.0,9.8,14.535714285714285,4.0
2023-07-04 00:00:00,54.689199999780215,-73.01579999987007,7.0,1,30.7,0.0,21.7,23.0,13.5,23.11428571428572,7.0
2018-07-09 00:00:00,48.1274000008681,-69.1947000004026,7.0,1,24.5,11.8,32.0,55.0,16.5,22.87142857142857,3.0
2020-07-20 00:00:00,51.12630438324909,-68.19680705285022,7.0,0,22.3,11.6,28.5,56.0,64.0,21.84285714285713,2.0
2019-07-09 00:00:00,45.78302481393491,-71.8315356394474,7.0,0,26.0,0.0,15.3,35.0,58.4,24.65,3.0
2023-07-09 00:00:00,49.871100000264846,-76.93579999977015,7.0,1,21.5,5.7,13.4,58.0,47.2,25.221428571428568,3.0
2022-09-23 00:00:00,45.60984209541165,-74.2404425895088,9.0,0,13.7,0.0,19.9,43.0,91.6,20.45,1.0
2021-08-01 00:00:00,48.71040000088682,-69.0798000001287,8.0,1,21.4,0.0,13.0,45.0,32.8,21.77142857142857,1.0
2023-06-01 00:00:00,49.41720000027982,-71.2587999998201,6.0,1,29.0,0.4,14.1,36.0,34.9,16.97142857142857,8.0
2018-09-08 00:00:00,58.38973595814198,-76.31815524935546,9.0,0,6.1,0.0,28.9,61.0,55.6,8.742857142857142,1.0
2022-06-20 00:00:00,54.602354360143096,-69.67152762059818,6.0,0,11.2,0.0,15.6,50.0,83.4,14.464285714285714,2.0
2024-06-26 00:00:00,55.20473025122161,-74.18571559384915,6.0,0,11.9,0.0,33.5,49.0,40.5,16.935714285714283,1.0
2024-09-19 00:00:00,48.96870000000007,-76.64599999999996,9.0,1,25.6,0.0,14.3,41.0,90.9,20.77857142857143,2.0
2020-06-17 00:00:00,54.63148665439762,-68.62875448095147,6.0,0,17.3,4.6,27.1,69.0,57.8,6.114285714285714,1.0
2023-06-01 00:00:00,49.21120000008,-76.34390000038468,6.0,1,32.2,0.6,15.1,25.0,23.6,18.300000000000004,9.0
2019-05-21 00:00:00,52.58092859552902,-75.21888089144697,5.0,0,8.7,1.7,15.9,52.0,28.7,6.3928571428571415,1.0
2023-06-01 00:00:00,49.289099999665325,-72.41399999990006,6.0,1,29.3,0.7,18.0,36.0,31.8,18.178571428571427,8.0
2021-07-27 00:00:00,58.43425049036817,-66.21802975825655,7.0,0,11.4,1.2,14.7,67.0,37.0,18.192857142857143,1.0
2018-08-01 00:00:00,49.75250000075733,-67.39349999989795,8.0,1,26.8,1.5,17.6,41.0,37.9,24.61428571428571,3.0
2021-09-20 00:00:00,53.92668615579136,-65.63535901349476,9.0,0,14.5,1.3,32.6,59.0,53.8,12.507142857142858,2.0
2022-08-10 00:00:00,48.08900000000011,-76.9574,8.0,1,23.5,13.5,20.0,58.0,64.3,22.65,2.0
2023-05-26 00:00:00,48.78570000035478,-79.4913000000949,5.0,1,21.2,0.0,17.0,26.0,27.2,12.657142857142857,3.0
2020-05-13 00:00:00,45.79480000053472,-73.97610000010684,5.0,1,12.6,0.0,19.8,25.0,35.8,12.135714285714284,6.0
2024-05-16 00:00:00,49.4664310919979,-62.02074135562789,5.0,0,13.6,0.0,10.5,65.0,18.8,9.907142857142858,9.0
2018-08-01 00:00:00,49.04105099981693,-65.75138975143956,8.0,0,26.5,0.0,13.2,42.0,54.3,25.092857142857145,3.0
2024-05-09 00:00:00,48.80413925157999,-69.93484540804934,5.0,0,10.4,0.3,12.3,45.0,13.9,9.057142857142855,4.0
2021-09-02 00:00:00,51.56604940064105,-59.46057127951094,9.0,0,13.8,0.0,14.8,62.0,71.0,19.592857142857145,1.0
2020-06-17 00:00:00,45.560700001271776,-73.17549999977287,6.0,1,29.1,0.0,16.1,19.0,30.0,21.457142857142856,6.0
2018-08-17 00:00:00,55.324700356778955,-73.18947946708455,8.0,0,12.2,0.6,31.4,62.0,48.4,15.607142857142858,1.0
2021-08-10 00:00:00,46.35150000060612,-73.66130000029072,8.0,1,28.5,0.3,13.0,56.0,25.3,22.38571428571429,1.0
2020-09-06 00:00:00,45.09106896360137,-63.574037279627056,9.0,0,22.3,0.5,17.3,42.0,49.3,22.235714285714284,2.0
2021-08-15 00:00:00,57.30203397381007,-59.456509933354525,8.0,0,8.1,2.7,24.1,95.0,41.7,9.114285714285716,1.0
2019-08-04 00:00:00,56.50343292836677,-68.0756001406959,8.0,0,13.1,0.2,14.0,67.0,117.5,15.392857142857144,1.0
2023-09-17 00:00:00,57.48587366838295,-71.71161871310747,9.0,0,5.5,0.0,30.3,70.0,23.6,10.5,2.0
2023-05-20 00:00:00,55.74882902605789,-58.9103160749856,5.0,0,2.6,0.3,30.1,68.0,21.2,0.6857142857142856,2.0
2019-07-02 00:00:00,56.15221943721164,-64.71597041115977,7.0,0,10.2,8.3,27.8,85.0,38.1,16.471428571428568,2.0
2020-07-24 00:00:00,50.63470000118263,-63.9256999999836,7.0,1,24.2,1.7,16.8,43.0,34.800000000000004,23.200000000000006,4.0
2021-08-18 00:00:00,48.83860000085452,-72.29520000053824,8.0,1,27.9,0.0,11.8,52.0,20.9,26.5,5.0
2023-05-29 00:00:00,46.12560000033977,-74.58690000033471,5.0,1,21.8,0.0,13.3,31.0,37.6,17.142857142857142,5.0
2022-07-02 00:00:00,46.57050000000004,-71.2475,7.0,1,23.8,2.0,24.9,38.0,50.7,22.42142857142857,2.0
2024-06-07 00:00:00,52.92975201389257,-78.38989359538373,6.0,0,28.4,0.7,25.6,38.0,29.0,20.5,1.0
2020-06-11 00:00:00,56.92658276475555,-63.74433285842858,6.0,0,1.9,11.2,31.8,82.0,54.9,0.5571428571428572,5.0
2020-06-18 00:00:00,46.00630000071583,-73.72150000010551,6.0,1,32.0,0.0,12.7,24.0,19.8,22.84285714285715,7.0
2019-07-10 00:00:00,47.53890000066584,-77.45950000015497,7.0,1,28.4,0.0,16.7,30.0,33.7,24.942857142857147,4.0
2023-07-07 00:00:00,56.84740000040972,-67.42200000019983,7.0,1,14.5,19.8,18.0,83.0,19.1,22.871428571428567,1.0
2023-06-05 00:00:00,51.13529999969529,-72.7738999997851,6.0,1,18.9,1.3,23.5,42.0,17.5,17.12142857142857,8.0
2019-07-06 00:00:00,53.44043357069828,-60.93968552203093,7.0,0,24.3,8.9,21.3,56.0,49.2,16.66428571428571,8.0
2020-07-07 00:00:00,47.83255128074983,-76.86514491174029,7.0,0,24.2,7.8,15.6,60.0,39.8,24.15714285714285,5.0
2023-05-14 00:00:00,46.242399999660336,-74.94419999992999,5.0,1,14.3,0.0,19.0,32.0,54.5,14.992857142857144,2.0
2018-07-16 00:00:00,51.482823430343544,-58.70634844910575,7.0,0,27.7,0.0,17.1,51.0,39.9,22.81428571428572,6.0
2024-08-17 00:00:00,48.044100000000064,-72.29229999999995,8.0,1,25.5,0.9,13.0,61.0,56.8,22.52142857142857,5.0
2021-06-13 00:00:00,49.6687793330698,-67.18036423446591,6.0,0,15.7,0.0,18.4,35.0,17.400000000000002,19.857142857142858,6.0
2023-06-20 00:00:00,46.01099999995012,-75.81380000006993,6.0,1,26.4,0.2,15.1,38.0,24.7,20.107142857142858,7.0
2022-06-15 00:00:00,56.78530000000001,-65.91529999999995,6.0,1,22.5,0.7,18.5,32.0,25.8,15.328571428571433,4.0
2024-06-19 00:00:00,49.68660000000006,-68.25179999999995,6.0,1,32.4,0.4,20.9,43.0,9.1,21.55,1.0
2022-07-21 00:00:00,46.86990000000014,-72.83089999999999,7.0,1,26.5,20.1,21.3,64.0,48.3,24.042857142857144,2.0
2024-09-24 00:00:00,48.03225220813978,-77.31592597980135,9.0,0,18.6,0.1,15.8,68.0,18.3,24.12142857142857,1.0
2024-07-09 00:00:00,49.64880000000005,-67.77479999999997,7.0,1,26.7,7.6,15.6,57.0,34.8,23.58571428571429,5.0
2020-07-08 00:00:00,53.383800000772055,-76.38289999955065,7.0,1,24.8,0.6,19.2,41.0,65.7,22.264285714285712,1.0
2021-06-20 00:00:00,46.92213027678537,-68.69741056689743,6.0,0,24.9,1.6,15.8,45.0,22.6,23.107142857142858,1.0
2023-05-19 00:00:00,45.96650000007497,-71.66479999962024,5.0,1,20.6,0.4,20.3,39.0,36.5,14.242857142857144,2.0
2020-07-11 00:00:00,48.75359571589007,-67.43543709655572,7.0,0,27.2,2.4,27.3,63.0,80.8,22.7,3.0
2023-06-01 00:00:00,49.37999999980019,-72.49209999971515,6.0,1,28.6,1.7,18.6,36.0,32.4,17.842857142857145,8.0
2021-06-13 00:00:00,49.25960588781666,-67.4105337824536,6.0,0,12.1,0.0,29.0,43.0,14.0,12.3,8.0
2021-05-17 00:00:00,46.099800000690735,-74.4767000000215,5.0,1,20.2,0.0,20.1,29.0,21.6,12.635714285714286,1.0
2023-07-05 00:00:00,51.70620000012997,-77.44919999978015,7.0,1,31.3,2.0,22.7,44.0,42.4,25.9,4.0
2023-09-01 00:00:00,55.56898457158496,-63.240561140342486,9.0,0,8.9,1.0,31.6,60.0,25.1,15.085714285714287,3.0
2022-05-04 00:00:00,47.3821441990615,-71.67091633249981,5.0,0,10.2,5.6,14.4,49.0,29.8,5.814285714285714,7.0
2022-06-28 00:00:00,47.44340000000011,-76.84579999999994,6.0,1,22.5,0.3,19.4,40.0,33.1,22.607142857142858,7.0
2019-07-22 00:00:00,56.33505105830839,-65.58272936002652,7.0,0,13.8,1.4,12.1,51.0,92.4,16.764285714285712,1.0
2020-06-20 00:00:00,50.19480000124068,-74.71980000041341,6.0,1,27.9,6.8,9.6,51.0,19.9,20.06428571428572,9.0
2024-05-19 00:00:00,49.03450000000004,-75.72859999999997,5.0,1,25.6,2.9,24.7,38.0,13.9,14.871428571428572,6.0
2019-08-04 00:00:00,46.12100000097094,-76.29849999939599,8.0,1,22.1,0.0,11.6,37.0,18.3,25.514285714285712,1.0
2023-06-09 00:00:00,51.48749782339631,-59.58925946048609,6.0,0,11.1,3.0,14.7,79.0,91.7,13.542857142857144,1.0
2024-08-03 00:00:00,50.05360000000008,-67.05599999999998,8.0,1,26.3,2.2,10.7,66.0,44.2,24.928571428571427,2.0
2018-06-26 00:00:00,45.93917663904367,-57.75421667847968,6.0,0,9.0,30.5,66.4,74.0,83.7,8.757142857142858,1.0
2022-07-14 00:00:00,45.86580000000004,-76.43459999999993,7.0,1,22.9,2.6,11.9,48.0,29.8,22.571428571428577,2.0
2019-05-11 00:00:00,47.44177443297829,-69.82244588957889,5.0,0,8.6,1.0,21.1,43.0,40.0,10.62857142857143,1.0
2021-07-07 00:00:00,47.00890113107442,-66.54062733253885,7.0,0,19.8,0.1,23.3,54.0,60.3,20.800000000000004,6.0
2020-06-16 00:00:00,49.60730000082815,-71.51660000012296,6.0,1,26.2,0.0,19.6,27.0,12.1,16.29285714285714,5.0
2019-07-16 00:00:00,51.800737634761475,-63.33309068279537,7.0,0,24.8,0.0,14.7,36.0,34.7,17.764285714285712,1.0
2018-07-03 00:00:00,47.28870000130275,-72.73159999983328,7.0,1,29.3,0.0,16.9,32.0,26.9,23.607142857142858,1.0
2024-08-12 00:00:00,56.09946538005998,-65.92725892222163,8.0,0,16.0,0.0,11.8,40.0,29.5,17.685714285714287,5.0
2018-06-28 00:00:00,52.77840000087075,-71.98149999933398,6.0,1,25.1,1.0,22.5,32.0,30.8,14.678571428571429,2.0
2019-06-22 00:00:00,53.86879509833258,-59.06437513048108,6.0,0,9.6,10.9,20.2,88.0,62.0,13.628571428571428,1.0
2018-06-27 00:00:00,47.31720000121325,-73.56670000008882,6.0,1,25.4,0.0,13.5,28.0,53.2,21.378571428571423,4.0
2019-08-02 00:00:00,47.91310000062576,-77.10390000004544,8.0,1,26.4,0.0,13.8,35.0,23.0,23.85,3.0
2024-06-12 00:00:00,52.51182708847154,-76.98947841296516,6.0,0,22.9,1.2,27.9,37.0,9.6,22.042857142857144,3.0
2019-07-25 00:00:00,52.22758366339828,-75.00050356480521,7.0,0,20.9,0.2,13.8,42.0,75.6,18.62142857142857,1.0
2023-05-26 00:00:00,50.36238242880819,-73.79068562766342,5.0,0,13.3,0.0,13.3,35.0,27.4,9.814285714285717,3.0
2024-05-04 00:00:00,47.69860000000005,-72.53069999999997,5.0,1,18.3,1.5,16.2,54.0,23.6,11.67857142857143,2.0
2024-05-25 00:00:00,50.47748803849211,-77.31166545830672,5.0,0,17.7,0.0,10.0,38.0,41.1,17.61428571428571,1.0
2022-07-23 00:00:00,52.29675635532094,-75.72440551757944,7.0,0,20.9,5.0,27.0,43.0,48.2,21.37857142857143,1.0
2024-07-08 00:00:00,50.77960000000007,-73.07779999999998,7.0,1,25.1,11.3,20.5,51.0,56.4,19.228571428571428,4.0
2019-08-17 00:00:00,52.45275845015711,-71.07996921089948,8.0,0,20.4,1.2,20.6,53.0,59.2,16.564285714285713,3.0
2021-05-14 00:00:00,49.194900000580176,-68.24060000049334,5.0,1,11.7,0.3,17.6,45.0,39.6,9.242857142857142,1.0
2019-07-24 00:00:00,57.510447403341054,-74.31234484375715,7.0,0,13.9,1.3,21.2,65.0,53.6,17.1,4.0
2022-06-18 00:00:00,52.92584056588024,-62.24202079443738,6.0,0,15.9,9.5,16.8,76.0,31.5,17.135714285714286,1.0
2020-06-27 00:00:00,49.79811579036351,-61.320866164726894,6.0,0,12.8,5.0,26.6,86.0,2.3,11.714285714285714,5.0
2020-09-20 00:00:00,51.87411606427371,-65.40309645555952,9.0,0,5.6,0.0,21.0,49.0,39.6,9.678571428571429,3.0
2023-06-20 00:00:00,48.13789999968532,-78.04069999960524,6.0,1,28.0,0.0,10.4,29.0,15.6,21.4,7.0
2020-05-28 00:00:00,53.238079133963154,-60.68786478111976,5.0,0,17.4,12.5,17.7,64.0,26.7,9.414285714285713,2.0
2018-07-01 00:00:00,46.72120000063026,-75.22860000052889,7.0,1,29.9,4.2,14.1,68.0,58.4,21.728571428571428,1.0
2020-08-20 00:00:00,50.27370000077289,-66.00920000003116,8.0,1,20.2,1.3,24.0,36.0,37.5,21.75,1.0
2022-05-21 00:00:00,45.6309,-75.55020000000002,5.0,1,28.6,5.0,18.1,58.0,24.5,21.942857142857147,2.0
2023-05-28 00:00:00,48.50070000020492,-71.2892999997951,5.0,1,21.8,0.0,31.7,35.0,50.7,15.45,4.0
2018-05-24 00:00:00,49.10570000110966,-68.36690000068045,5.0,1,8.8,2.4,16.3,55.0,24.8,10.064285714285717,2.0
2021-05-12 00:00:00,50.4416677821886,-66.19910944621346,5.0,0,9.0,0.1,19.4,42.0,46.3,8.078571428571427,5.0
2019-07-05 00:00:00,53.35476673006048,-60.02012582269547,7.0,0,18.3,0.0,12.6,59.0,68.4,12.75,1.0
2020-06-22 00:00:00,46.76380000052337,-72.33669999955737,6.0,1,33.0,0.0,15.2,35.0,10.3,26.278571428571432,11.0
2023-06-24 00:00:00,52.63605675274326,-59.46459598015674,6.0,0,25.5,5.1,17.9,55.0,19.6,17.085714285714285,1.0
2018-08-10 00:00:00,48.41969226447138,-69.23577821484136,8.0,0,22.5,0.0,24.2,40.0,57.7,25.442857142857143,1.0
2021-07-05 00:00:00,52.68589472833306,-69.00874180294821,7.0,0,23.6,0.0,25.5,30.0,80.3,17.621428571428574,6.0
2018-05-14 00:00:00,48.05130000133727,-77.70960000050304,5.0,1,19.4,0.3,19.5,41.0,33.7,13.364285714285714,4.0
2019-08-16 00:00:00,46.26960754375345,-75.29108544405544,8.0,0,23.1,0.0,11.1,45.0,25.0,21.56428571428572,4.0
2019-07-30 00:00:00,46.41230000092332,-72.59969999954828,7.0,1,29.0,3.7,20.2,60.0,19.9,26.607142857142858,9.0
2018-05-21 00:00:00,48.614710873752735,-72.15323900393238,5.0,0,14.8,0.0,26.0,29.0,28.1,13.271428571428572,1.0
2021-05-18 00:00:00,46.970700001173846,-70.58720000001496,5.0,1,20.2,0.2,20.3,32.0,30.3,13.528571428571428,5.0
2018-05-27 00:00:00,48.69490000074438,-72.5045999997281,5.0,1,19.7,2.2,22.2,41.0,29.4,15.828571428571433,2.0
2021-07-22 00:00:00,49.33480000100726,-74.14180000009884,7.0,1,21.4,0.0,13.8,36.0,80.3,22.42142857142857,7.0
2022-05-25 00:00:00,47.01769156159916,-65.56313979398011,5.0,0,22.4,0.0,18.0,25.0,39.5,19.571428571428573,3.0
2022-08-08 00:00:00,55.08079825869078,-61.322960422642176,8.0,0,17.0,3.2,23.7,44.0,44.8,18.31428571428572,1.0
2024-05-11 00:00:00,48.562800000000045,-72.41249999999997,5.0,1,16.9,0.0,19.2,32.0,13.5,14.149999999999997,5.0
2024-06-19 00:00:00,50.23290000000003,-67.15349999999995,6.0,1,32.8,0.4,22.9,41.0,5.4,20.24285714285714,5.0
2024-07-23 00:00:00,57.73135953531096,-58.87097817430249,7.0,0,6.8,0.4,44.9,84.0,30.6,7.999999999999999,1.0
2020-05-17 00:00:00,46.7864000012436,-73.85499999966041,5.0,1,14.9,0.0,14.3,44.0,14.0,7.4071428571428575,1.0
2024-06-05 00:00:00,49.07580000000007,-69.71579999999994,6.0,1,25.8,1.7,9.0,40.0,31.9,17.835714285714285,8.0
2022-05-10 00:00:00,46.300700000000006,-75.9848,5.0,1,22.8,0.0,15.2,21.0,20.0,13.528571428571428,7.0
2019-06-15 00:00:00,55.21722331408502,-79.24175354891892,6.0,0,3.8,3.2,32.2,95.0,32.6,3.857142857142857,1.0
2020-06-23 00:00:00,47.94990000078187,-70.27159999932756,6.0,1,28.4,2.8,10.6,53.0,13.4,22.59285714285713,1.0
2021-08-10 00:00:00,48.27244303887478,-75.80012513739145,8.0,0,27.6,0.3,18.0,58.0,26.7,20.278571428571432,1.0
2020-08-20 00:00:00,53.18469319597886,-74.80371744681787,8.0,0,13.9,2.9,16.8,50.0,48.8,22.007142857142856,1.0
2024-06-05 00:00:00,51.72930000000008,-68.14199999999994,6.0,1,26.7,0.1,11.6,37.0,69.2,15.35,6.0
2020-08-09 00:00:00,51.80090000050946,-61.32870000058269,8.0,1,25.2,1.0,12.8,47.0,59.6,21.485714285714288,3.0
2019-06-27 00:00:00,54.23605418726713,-73.5635443692279,6.0,0,21.1,4.7,17.8,62.0,46.8,13.72857142857143,1.0
2021-07-19 00:00:00,48.38700000115282,-77.26660000071664,7.0,1,24.8,3.7,13.3,53.0,105.8,23.435714285714287,1.0
2018-06-27 00:00:00,53.14239818819023,-60.64502439527191,6.0,0,9.8,5.0,16.8,44.0,31.0,10.35,1.0
2018-08-19 00:00:00,50.04480000128255,-73.26920000021786,8.0,1,24.4,0.0,16.2,34.0,31.3,23.342857142857145,4.0
2021-06-07 00:00:00,48.67480000083573,-75.68249999986067,6.0,1,29.0,0.5,28.6,43.0,31.4,18.33571428571429,2.0
2023-05-07 00:00:00,51.18636752821018,-78.23593396852257,5.0,0,7.8,0.0,20.5,61.0,27.6,9.728571428571428,6.0
2023-05-05 00:00:00,45.442070696440275,-69.8035747938375,5.0,0,13.3,0.0,17.3,47.0,85.3,10.928571428571429,1.0
2019-05-19 00:00:00,48.9380000009203,-78.86100000017564,5.0,1,13.0,3.6,15.8,35.0,50.8,9.914285714285713,2.0
2023-06-01 00:00:00,47.974800000219886,-75.27770000005489,6.0,1,30.9,1.1,10.9,30.0,47.0,18.107142857142858,8.0
2019-08-19 00:00:00,46.191800001001454,-77.4357999996119,8.0,1,22.6,8.2,19.1,45.0,25.2,22.278571428571432,2.0
2021-06-15 00:00:00,50.08840000123278,-68.81670000041478,6.0,1,13.9,15.8,12.4,97.0,18.6,19.00714285714286,1.0
2020-05-03 00:00:00,46.13256702989776,-64.26558820009268,5.0,0,16.0,0.4,14.3,34.0,24.4,9.52142857142857,1.0
2018-05-13 00:00:00,45.81250000116424,-75.22750000002803,5.0,1,18.5,0.0,14.3,28.0,35.9,16.185714285714287,3.0
2019-06-16 00:00:00,58.649006086164576,-59.10768286921108,6.0,0,4.7,0.0,36.0,91.0,36.1,4.8500000000000005,3.0
2020-05-05 00:00:00,50.21695733319291,-75.32538638570432,5.0,0,2.8,0.0,18.1,41.0,50.5,3.485714285714286,2.0
2021-05-21 00:00:00,46.53360000110248,-77.29520000043162,5.0,1,28.3,0.2,16.3,40.0,28.6,17.8,1.0
2020-08-23 00:00:00,55.50730455231995,-60.66573236416397,8.0,0,13.9,1.0,12.1,61.0,31.200000000000003,21.40714285714285,1.0
2018-07-11 00:00:00,49.00410000129778,-76.93819999958276,7.0,1,22.4,0.0,15.8,38.0,51.1,26.607142857142858,2.0
2024-07-14 00:00:00,50.85560000000003,-71.09649999999993,7.0,1,26.7,6.3,17.4,49.0,46.6,22.96428571428572,5.0
2023-06-01 00:00:00,49.10619999993008,-72.17599999980013,6.0,1,29.5,0.9,17.1,38.0,34.9,18.321428571428573,8.0
2018-07-22 00:00:00,48.06830000095815,-65.44429999995762,7.0,1,24.6,0.1,20.4,66.0,13.8,24.36428571428571,4.0
2021-05-13 00:00:00,45.88070000114454,-74.10640000026706,5.0,1,19.4,0.0,15.9,30.0,42.9,12.899999999999997,2.0
2022-08-07 00:00:00,51.32873431487887,-78.80507537884837,8.0,0,16.4,0.4,28.3,57.0,142.3,20.492857142857144,1.0
2019-05-20 00:00:00,49.80076720793671,-76.45472784089709,5.0,0,5.4,8.7,18.0,80.0,32.6,9.835714285714284,2.0
2018-07-20 00:00:00,49.351065122684574,-62.37538101228006,7.0,0,26.1,0.0,16.1,48.0,33.7,22.592857142857145,2.0
2023-05-14 00:00:00,48.14680000002005,-69.7041000002148,5.0,1,14.8,0.0,27.6,22.0,41.8,12.478571428571428,10.0
2020-06-26 00:00:00,47.03930000112565,-70.40739999970249,6.0,1,25.3,0.0,22.1,34.0,19.3,25.600000000000005,2.0
2023-06-11 00:00:00,50.94529999989516,-73.29599999990006,6.0,1,20.8,0.0,12.8,52.0,2.2,19.05,14.0
2019-05-09 00:00:00,48.01260000131719,-66.74030000012877,5.0,1,14.3,0.0,14.5,41.0,28.4,8.799999999999999,2.0
2023-08-22 00:00:00,45.648399999660285,-76.19600000039964,8.0,1,22.7,0.3,11.4,50.0,82.0,22.607142857142858,3.0
2023-06-14 00:00:00,45.423818372841666,-62.66887841976178,6.0,0,16.6,4.7,21.4,81.0,94.0,17.7,3.0
2024-09-01 00:00:00,50.57000224696856,-68.31511523976138,9.0,0,21.9,7.5,27.3,57.0,56.5,21.36428571428572,1.0
2018-07-29 00:00:00,51.406400000926446,-63.10189999964351,7.0,1,23.0,1.4,13.8,48.0,44.5,23.27142857142857,1.0
2020-08-04 00:00:00,53.252387481040586,-72.19820760111811,8.0,0,19.8,0.0,14.1,49.0,89.3,19.2,1.0
2018-08-28 00:00:00,50.369761886155615,-78.93693209228883,8.0,0,22.0,25.1,23.0,71.0,29.3,21.978571428571428,3.0
2021-08-26 00:00:00,49.86120000060506,-67.87230000044802,8.0,1,21.9,5.9,17.5,76.0,24.1,24.75714285714286,2.0
2018-06-10 00:00:00,46.118100000617936,-70.69989999962952,6.0,1,17.7,0.0,15.1,29.0,30.9,20.528571428571432,2.0
2022-07-09 00:00:00,46.30870000000005,-73.41669999999999,7.0,1,20.9,0.0,14.1,35.0,35.8,23.392857142857142,3.0
2020-06-05 00:00:00,46.04030000056388,-73.88249999994774,6.0,1,26.3,1.9,20.4,34.0,16.7,21.335714285714285,2.0
2022-06-01 00:00:00,57.00056260706234,-77.38556415218304,6.0,0,7.8,0.0,46.7,62.0,12.7,1.7571428571428571,8.0
2021-07-22 00:00:00,48.1467257799717,-59.33029417721606,7.0,0,19.4,23.6,26.2,77.0,31.1,19.950000000000006,2.0
2021-06-12 00:00:00,52.56679155989416,-62.12204684220953,6.0,0,7.2,1.0,17.3,59.0,43.7,14.135714285714286,5.0
2019-07-07 00:00:00,54.81500000080637,-75.360599999637,7.0,1,20.6,4.6,31.4,49.0,14.3,18.86428571428571,1.0
2020-05-21 00:00:00,45.81660000119597,-73.97419999989626,5.0,1,24.4,0.0,16.9,20.0,13.0,13.528571428571428,6.0
2020-07-07 00:00:00,52.38120061898614,-77.97804326049057,7.0,0,24.1,3.5,15.2,60.0,38.3,24.31428571428572,6.0
2019-07-31 00:00:00,50.41260000121709,-60.59629999997887,7.0,1,24.9,0.4,13.2,60.0,12.8,23.54285714285714,1.0
2023-05-29 00:00:00,45.512199999630354,-75.77080000011989,5.0,1,23.9,0.0,14.0,20.0,29.6,18.90714285714285,5.0
2021-05-10 00:00:00,45.89690000063929,-74.42220000027491,5.0,1,13.3,0.4,12.0,39.0,41.2,11.542857142857144,5.0
2018-08-15 00:00:00,51.19450000085273,-58.65700000072188,8.0,1,20.0,7.7,28.4,82.0,39.8,19.835714285714285,5.0
2023-05-12 00:00:00,49.952597907954896,-72.48507829653182,5.0,0,14.5,1.4,25.4,49.0,20.2,10.028571428571428,11.0
2021-09-21 00:00:00,56.020845057675984,-79.24380741174987,9.0,0,8.8,8.2,43.6,72.0,33.5,10.357142857142858,1.0
2020-05-21 00:00:00,45.88080000134111,-74.44449999997,5.0,1,22.3,0.0,15.9,22.0,13.0,11.507142857142858,6.0
2023-05-20 00:00:00,45.46025115153718,-78.35805725102684,5.0,0,13.7,42.3,17.1,80.0,6.9,16.92142857142857,1.0
2023-05-30 00:00:00,48.15630000014494,-69.66830000044462,5.0,1,23.2,0.0,15.2,30.0,19.4,15.085714285714284,5.0
2023-09-10 00:00:00,57.918303021536865,-75.06876830045645,9.0,0,7.9,5.1,21.7,76.0,36.8,11.62142857142857,4.0
2022-08-19 00:00:00,45.74516194989706,-74.86238275196524,8.0,0,27.3,0.3,13.0,47.0,37.1,24.25714285714286,2.0
2020-07-23 00:00:00,51.79314328618032,-76.55893564165646,7.0,0,24.6,0.0,14.1,43.0,97.4,23.785714285714285,3.0
2020-08-13 00:00:00,48.20640738013277,-68.78602249743851,8.0,0,23.0,0.7,14.4,51.0,28.7,24.685714285714287,1.0
2022-05-23 00:00:00,46.93470000000013,-70.15359999999993,5.0,1,11.5,0.7,17.8,41.0,55.1,21.02142857142857,1.0
2021-09-26 00:00:00,46.56261376331266,-67.06203549466035,9.0,0,19.2,40.7,22.5,94.0,62.900000000000006,19.235714285714288,1.0
2019-07-26 00:00:00,55.18129189422264,-73.5575090181734,7.0,0,20.5,6.1,32.1,73.0,78.5,15.585714285714284,4.0
2018-06-19 00:00:00,50.98992567881584,-68.5445976860278,6.0,0,11.6,0.8,27.0,64.0,61.9,12.707142857142856,1.0
2019-09-22 00:00:00,54.0690397224456,-65.11228652666225,9.0,0,16.2,8.7,38.5,75.0,22.7,10.514285714285714,3.0
2022-05-02 00:00:00,57.68556308186095,-72.26119964790531,5.0,0,0.5,0.0,17.5,71.0,17.099999999999998,-6.564285714285716,6.0
2021-05-06 00:00:00,54.9398948351522,-68.18416751364536,5.0,0,0.9,8.5,42.9,91.0,30.1,0.4928571428571428,3.0
2020-05-05 00:00:00,47.43354949739324,-65.96274642535855,5.0,0,1.9,18.5,22.9,72.0,34.5,7.635714285714287,1.0
2023-06-01 00:00:00,49.600300000244886,-71.6019000001848,6.0,1,29.3,4.0,14.3,35.0,34.300000000000004,16.52857142857143,8.0
2023-06-25 00:00:00,52.220600000389766,-66.76909999996496,6.0,1,19.2,1.0,16.2,34.0,14.3,20.78571428571429,2.0
2022-05-27 00:00:00,53.20025647026617,-71.27485417287602,5.0,0,11.4,2.9,30.6,64.0,60.8,6.985714285714287,2.0
2019-08-18 00:00:00,58.641850871526096,-62.49250028456804,8.0,0,6.2,0.0,19.2,91.0,106.0,6.4785714285714295,3.0
2021-07-25 00:00:00,47.07340000104814,-75.65379999960705,7.0,1,25.8,34.7,17.3,53.0,51.6,24.478571428571424,1.0
2023-09-18 00:00:00,55.74084091420441,-79.20930388877629,9.0,0,9.1,0.0,18.6,75.0,11.7,9.928571428571429,3.0
2020-08-06 00:00:00,48.57330000104637,-76.78210000009683,8.0,1,21.9,1.6,18.8,47.0,124.6,22.985714285714288,1.0
2022-05-26 00:00:00,53.94036866337775,-67.4595413555303,5.0,0,5.9,0.0,21.8,50.0,44.8,3.4571428571428577,1.0
2022-05-25 00:00:00,46.13140000000004,-73.84030000000001,5.0,1,21.3,0.0,11.6,33.0,60.1,21.2,4.0
2024-05-26 00:00:00,56.22869837556564,-77.42764264418216,5.0,0,10.8,0.0,26.8,51.0,26.6,3.4642857142857144,6.0
2021-08-22 00:00:00,52.18157871084739,-66.78057331439723,8.0,0,26.8,0.2,17.1,51.0,78.2,21.66428571428571,3.0
2018-09-15 00:00:00,49.932837550352566,-67.77300436556604,9.0,0,22.7,0.2,20.6,58.0,70.8,17.235714285714288,4.0
2022-08-15 00:00:00,48.5361205805007,-76.44860689487379,8.0,0,21.2,3.3,13.4,59.0,36.6,20.985714285714284,4.0
2023-07-13 00:00:00,47.86371176385503,-60.19333353176336,7.0,0,14.6,0.5,41.6,96.0,108.4,13.585714285714287,1.0
2023-06-25 00:00:00,52.25829999964532,-66.72499999965021,6.0,1,18.8,3.9,16.3,37.0,13.7,20.37857142857144,9.0
2020-09-27 00:00:00,50.35145740772755,-75.72376428449223,9.0,0,17.4,22.2,26.0,93.0,61.5,11.935714285714283,1.0
2020-08-22 00:00:00,49.11561298192049,-75.7679547990461,8.0,0,19.2,2.9,11.2,76.0,36.9,22.21428571428572,4.0
2021-07-15 00:00:00,52.98043989106567,-77.82745563154175,7.0,0,18.9,0.3,14.6,53.0,21.700000000000003,21.35,1.0
2020-09-03 00:00:00,51.56807621157487,-62.93675582771506,9.0,0,18.3,9.2,27.7,47.0,51.1,13.099999999999998,3.0
2022-05-09 00:00:00,45.78019999999998,-76.32359999999994,5.0,1,20.6,0.0,14.8,23.0,49.7,13.0,5.0
2018-05-19 00:00:00,55.433712372148115,-60.78727597163551,5.0,0,0.1,0.0,22.6,59.0,42.3,1.0357142857142858,4.0
2020-06-04 00:00:00,45.26082604552287,-67.21484049932377,6.0,0,23.6,0.1,22.8,36.0,3.1,20.985714285714284,1.0
2024-07-18 00:00:00,52.00055155780337,-58.04926247217202,7.0,0,20.0,3.9,13.3,82.0,45.4,20.828571428571426,1.0
2019-09-23 00:00:00,45.06363609872162,-74.4345052856022,9.0,0,24.9,9.3,26.6,61.0,25.7,21.685714285714287,9.0
2024-08-17 00:00:00,54.108700000000056,-72.31239999999997,8.0,1,25.1,1.5,30.6,45.0,31.6,18.742857142857144,1.0
2020-05-26 00:00:00,48.52890000051021,-68.37749999946662,5.0,1,23.0,1.3,24.4,63.0,10.7,13.092857142857142,14.0
2022-06-11 00:00:00,52.259000000000015,-72.07599999999996,6.0,1,14.0,6.9,16.7,74.0,39.3,13.828571428571426,1.0
2022-05-08 00:00:00,45.82529999999997,-73.95600000000002,5.0,1,16.5,0.0,16.1,22.0,19.3,14.207142857142856,4.0
2023-06-15 00:00:00,49.78929999979522,-74.54349999992502,6.0,1,21.6,4.6,22.0,50.0,11.8,21.785714285714285,10.0
2023-06-01 00:00:00,48.83779999997006,-64.69049999997497,6.0,1,31.5,0.0,14.6,28.0,57.3,18.25,6.0
2018-06-10 00:00:00,54.07987588412523,-59.435463205199646,6.0,0,0.8,3.8,23.0,73.0,22.4,7.25,1.0
2018-07-19 00:00:00,49.11190000103203,-77.99309999948785,7.0,1,26.7,1.6,18.0,52.0,43.1,24.67142857142857,3.0
2022-06-14 00:00:00,55.75798654651889,-75.12068877259124,6.0,0,25.6,0.0,26.0,22.0,9.7,18.8,6.0
2018-08-20 00:00:00,58.64599004484956,-69.16399819260954,8.0,0,12.8,0.7,45.7,51.0,33.1,15.935714285714283,1.0
2022-05-03 00:00:00,51.25454683434874,-58.73097503015546,5.0,0,7.3,0.0,12.0,65.0,95.3,4.1,1.0
2022-05-01 00:00:00,55.55669393095222,-58.45574739547429,5.0,0,-0.5,0.0,39.3,85.0,46.5,-0.1499999999999998,1.0
2023-06-04 00:00:00,46.30330000039476,-75.47399999990006,6.0,1,21.6,0.0,15.3,21.0,17.6,22.178571428571423,3.0
2018-09-01 00:00:00,53.227636840596425,-58.85649811013438,9.0,0,18.1,0.0,25.7,44.0,85.0,16.507142857142856,2.0
2021-06-07 00:00:00,45.91562960941479,-64.31028434325172,6.0,0,23.6,4.8,24.9,66.0,19.6,17.65,3.0
2023-05-06 00:00:00,48.29843651210416,-57.87275380906151,5.0,0,6.4,0.6,14.6,47.0,0.2,8.892857142857142,14.0
2018-07-06 00:00:00,48.442900001097634,-69.48860000019181,7.0,1,24.0,3.1,27.7,39.0,10.9,23.078571428571426,4.0
2024-07-08 00:00:00,51.62280000000004,-69.93259999999998,7.0,1,25.8,1.9,23.0,41.0,55.3,19.035714285714285,4.0
2021-07-25 00:00:00,48.98170000125417,-73.50279999947757,7.0,1,21.4,24.5,23.6,60.0,55.9,22.935714285714287,9.0
2019-05-08 00:00:00,45.564400001154254,-75.69560000028794,5.0,1,12.1,0.0,14.5,30.0,51.4,11.849999999999998,2.0
2018-05-12 00:00:00,47.55880000088255,-78.94290000053843,5.0,1,16.1,0.0,13.2,26.0,45.8,12.23571428571429,2.0
2019-05-11 00:00:00,50.66111623115321,-75.4110553313506,5.0,0,8.1,0.1,25.1,40.0,41.3,3.7142857142857135,1.0
2020-08-11 00:00:00,50.33230000106665,-63.212600000411,8.0,1,27.7,0.0,12.8,56.0,41.6,23.750000000000004,6.0
2023-09-09 00:00:00,48.4404210369016,-67.3655809279682,9.0,0,22.5,2.5,15.6,67.0,49.4,23.178571428571427,1.0
2021-05-26 00:00:00,45.99120000063769,-73.71989999950378,5.0,1,27.7,2.2,24.7,50.0,6.5,23.442857142857143,13.0
2020-05-21 00:00:00,46.56230000098078,-71.56510000009533,5.0,1,25.1,0.0,23.5,24.0,15.6,12.892857142857142,5.0
2020-08-09 00:00:00,50.21890000084407,-60.343600000097005,8.0,1,24.7,0.0,19.1,61.0,39.0,20.307142857142857,3.0
2024-09-07 00:00:00,57.03150585916774,-68.55928220151264,9.0,0,7.2,13.0,24.0,87.0,68.8,15.457142857142856,1.0
2024-09-19 00:00:00,58.53900460126091,-62.871234362511835,9.0,0,7.4,0.9,14.7,91.0,94.5,9.507142857142856,1.0
